item_id,shop_id,product_url
22692474588,346235717,https://shopee.com.br/product/346235717/22692474588
23992649151,308628919,https://shopee.com.br/product/308628919/23992649151
12092887185,633539708,https://shopee.com.br/product/633539708/12092887185
22193012931,1050213612,https://shopee.com.br/product/1050213612/22193012931
23197773766,637480448,https://shopee.com.br/product/637480448/23197773766
22197136707,408653169,https://shopee.com.br/product/408653169/22197136707
51602596399,402598512,https://shopee.com.br/product/402598512/51602596399
20799559451,1224363395,https://shopee.com.br/product/1224363395/20799559451
22297438390,752849300,https://shopee.com.br/product/752849300/22297438390
23492820774,346235717,https://shopee.com.br/product/346235717/23492820774
23295873027,333246733,https://shopee.com.br/product/333246733/23295873027
23294925206,379103154,https://shopee.com.br/product/379103154/23294925206
11686365544,341754426,https://shopee.com.br/product/341754426/11686365544
23597059265,633539708,https://shopee.com.br/product/633539708/23597059265
22197509437,1050213612,https://shopee.com.br/product/1050213612/22197509437
22993409441,530578890,https://shopee.com.br/product/530578890/22993409441
19099257146,822103155,https://shopee.com.br/product/822103155/19099257146
15682920000,752849300,https://shopee.com.br/product/752849300/15682920000
22631708065,408653169,https://shopee.com.br/product/408653169/22631708065
23297713951,332059670,https://shopee.com.br/product/332059670/23297713951
23793811137,1404215442,https://shopee.com.br/product/1404215442/23793811137
22397428301,752849300,https://shopee.com.br/product/752849300/22397428301
22697179178,1082747237,https://shopee.com.br/product/1082747237/22697179178
18800818602,752849300,https://shopee.com.br/product/752849300/18800818602
18697456853,349137150,https://shopee.com.br/product/349137150/18697456853
23799497097,1721810104,https://shopee.com.br/product/1721810104/23799497097
18699585852,530578890,https://shopee.com.br/product/530578890/18699585852
22697148241,316869228,https://shopee.com.br/product/316869228/22697148241
19197928214,1075271269,https://shopee.com.br/product/1075271269/19197928214
53709027340,751907905,https://shopee.com.br/product/751907905/53709027340
18700818652,752849300,https://shopee.com.br/product/752849300/18700818652
13897405799,872473112,https://shopee.com.br/product/872473112/13897405799
21099491902,1223725880,https://shopee.com.br/product/1223725880/21099491902
13803484162,455834389,https://shopee.com.br/product/455834389/13803484162
19460746596,872473112,https://shopee.com.br/product/872473112/19460746596
22697568613,916172870,https://shopee.com.br/product/916172870/22697568613
19496856062,408653169,https://shopee.com.br/product/408653169/19496856062
23797486798,455834389,https://shopee.com.br/product/455834389/23797486798
21997997591,572649927,https://shopee.com.br/product/572649927/21997997591
24696602344,316557325,https://shopee.com.br/product/316557325/24696602344
20660741877,872473112,https://shopee.com.br/product/872473112/20660741877
14837913977,345061139,https://shopee.com.br/product/345061139/14837913977
23494059423,522316174,https://shopee.com.br/product/522316174/23494059423
19699704753,332059670,https://shopee.com.br/product/332059670/19699704753
18999677462,1075271269,https://shopee.com.br/product/1075271269/18999677462
23094243024,1407654055,https://shopee.com.br/product/1407654055/23094243024
23794394571,872473112,https://shopee.com.br/product/872473112/23794394571
23397431187,308628919,https://shopee.com.br/product/308628919/23397431187
55152610371,1672861664,https://shopee.com.br/product/1672861664/55152610371
23992347616,869809385,https://shopee.com.br/product/869809385/23992347616
20999723031,1477305422,https://shopee.com.br/product/1477305422/20999723031
22197994008,402598512,https://shopee.com.br/product/402598512/22197994008
3473914375,341754426,https://shopee.com.br/product/341754426/3473914375
28335457502,530578890,https://shopee.com.br/product/530578890/28335457502
23493256665,1302727497,https://shopee.com.br/product/1302727497/23493256665
23739584448,752849300,https://shopee.com.br/product/752849300/23739584448
27730198079,869809385,https://shopee.com.br/product/869809385/27730198079
22193892303,826682830,https://shopee.com.br/product/826682830/22193892303
18899381254,379103154,https://shopee.com.br/product/379103154/18899381254
22197664687,752849300,https://shopee.com.br/product/752849300/22197664687
22697440918,548911108,https://shopee.com.br/product/548911108/22697440918
11298718655,872473112,https://shopee.com.br/product/872473112/11298718655
23692674073,869809385,https://shopee.com.br/product/869809385/23692674073
19897631718,332059670,https://shopee.com.br/product/332059670/19897631718
14626882304,638399297,https://shopee.com.br/product/638399297/14626882304
23997069576,375188138,https://shopee.com.br/product/375188138/23997069576
21160746521,872473112,https://shopee.com.br/product/872473112/21160746521
23502192891,308628919,https://shopee.com.br/product/308628919/23502192891
22293212680,530578890,https://shopee.com.br/product/530578890/22293212680
18160751530,872473112,https://shopee.com.br/product/872473112/18160751530
23197332003,455834389,https://shopee.com.br/product/455834389/23197332003
23197430739,842996464,https://shopee.com.br/product/842996464/23197430739
22916620463,275158536,https://shopee.com.br/product/275158536/22916620463
23597723180,869809385,https://shopee.com.br/product/869809385/23597723180
14801796892,548911108,https://shopee.com.br/product/548911108/14801796892
23892681438,1242718651,https://shopee.com.br/product/1242718651/23892681438
17862824133,752849300,https://shopee.com.br/product/752849300/17862824133
22697476139,1075271269,https://shopee.com.br/product/1075271269/22697476139
52705026332,304278646,https://shopee.com.br/product/304278646/52705026332
22394323159,1515203682,https://shopee.com.br/product/1515203682/22394323159
29230172904,869809385,https://shopee.com.br/product/869809385/29230172904
43553114053,402598512,https://shopee.com.br/product/402598512/43553114053
19099233719,872473112,https://shopee.com.br/product/872473112/19099233719
9841073441,275158536,https://shopee.com.br/product/275158536/9841073441
18197844432,572649927,https://shopee.com.br/product/572649927/18197844432
23193279405,1338070754,https://shopee.com.br/product/1338070754/23193279405
8972638630,433048807,https://shopee.com.br/product/433048807/8972638630
21753568357,791969908,https://shopee.com.br/product/791969908/21753568357
22497130046,872473112,https://shopee.com.br/product/872473112/22497130046
22292583385,308628919,https://shopee.com.br/product/308628919/22292583385
22395701971,638399297,https://shopee.com.br/product/638399297/22395701971
23998130406,548911108,https://shopee.com.br/product/548911108/23998130406
23198012621,572649927,https://shopee.com.br/product/572649927/23198012621
22297468197,842996464,https://shopee.com.br/product/842996464/22297468197
22897124373,308628919,https://shopee.com.br/product/308628919/22897124373
22192941797,752849300,https://shopee.com.br/product/752849300/22192941797
6788143626,359066629,https://shopee.com.br/product/359066629/6788143626
58202017334,482939517,https://shopee.com.br/product/482939517/58202017334
23097706062,869809385,https://shopee.com.br/product/869809385/23097706062
21260747033,872473112,https://shopee.com.br/product/872473112/21260747033
57751825862,303439692,https://shopee.com.br/product/303439692/57751825862
23394179955,822103155,https://shopee.com.br/product/822103155/23394179955
18560769159,872473112,https://shopee.com.br/product/872473112/18560769159
19897354272,752849300,https://shopee.com.br/product/752849300/19897354272
14591715012,455834389,https://shopee.com.br/product/455834389/14591715012
23194172939,648928964,https://shopee.com.br/product/648928964/23194172939
27580323439,869809385,https://shopee.com.br/product/869809385/27580323439
17190249915,308628919,https://shopee.com.br/product/308628919/17190249915
19660801245,872473112,https://shopee.com.br/product/872473112/19660801245
23493857807,333246733,https://shopee.com.br/product/333246733/23493857807
21597670743,648928964,https://shopee.com.br/product/648928964/21597670743
22336871331,752849300,https://shopee.com.br/product/752849300/22336871331
49304772264,869809385,https://shopee.com.br/product/869809385/49304772264
14929971750,455834389,https://shopee.com.br/product/455834389/14929971750
44076379286,303439692,https://shopee.com.br/product/303439692/44076379286
23498838285,1242213783,https://shopee.com.br/product/1242213783/23498838285
53200778670,534109767,https://shopee.com.br/product/534109767/53200778670
17762823739,752849300,https://shopee.com.br/product/752849300/17762823739
58206562329,1537828773,https://shopee.com.br/product/1537828773/58206562329
23297677261,421977782,https://shopee.com.br/product/421977782/23297677261
20300827395,752849300,https://shopee.com.br/product/752849300/20300827395
29331194382,572649927,https://shopee.com.br/product/572649927/29331194382
23092490461,872473112,https://shopee.com.br/product/872473112/23092490461
22992455206,752849300,https://shopee.com.br/product/752849300/22992455206
17062849992,752849300,https://shopee.com.br/product/752849300/17062849992
23792925718,752849300,https://shopee.com.br/product/752849300/23792925718
23704313195,872473112,https://shopee.com.br/product/872473112/23704313195
21799235707,308628919,https://shopee.com.br/product/308628919/21799235707
23398316492,826682830,https://shopee.com.br/product/826682830/23398316492
54507963246,332059670,https://shopee.com.br/product/332059670/54507963246
22293002665,1033307532,https://shopee.com.br/product/1033307532/22293002665
20399757242,455103761,https://shopee.com.br/product/455103761/20399757242
22797414101,633539708,https://shopee.com.br/product/633539708/22797414101
22192941837,752849300,https://shopee.com.br/product/752849300/22192941837
43829616189,332059670,https://shopee.com.br/product/332059670/43829616189
41478796304,310274254,https://shopee.com.br/product/310274254/41478796304
20899368864,842996464,https://shopee.com.br/product/842996464/20899368864
22297553520,1072763470,https://shopee.com.br/product/1072763470/22297553520
23793679569,379103154,https://shopee.com.br/product/379103154/23793679569
23593532113,822103155,https://shopee.com.br/product/822103155/23593532113
22399148995,752849300,https://shopee.com.br/product/752849300/22399148995
23891107918,333246733,https://shopee.com.br/product/333246733/23891107918
51409438044,332059670,https://shopee.com.br/product/332059670/51409438044
20997749242,811879342,https://shopee.com.br/product/811879342/20997749242
9766954658,455834389,https://shopee.com.br/product/455834389/9766954658
58252152577,312703265,https://shopee.com.br/product/312703265/58252152577
13091167859,752849300,https://shopee.com.br/product/752849300/13091167859
23993588462,1224363395,https://shopee.com.br/product/1224363395/23993588462
12852473219,548911108,https://shopee.com.br/product/548911108/12852473219
21197783468,1215229492,https://shopee.com.br/product/1215229492/21197783468
54555463774,1543737245,https://shopee.com.br/product/1543737245/54555463774
14347032320,455834389,https://shopee.com.br/product/455834389/14347032320
18597618780,346235717,https://shopee.com.br/product/346235717/18597618780
12952464112,548911108,https://shopee.com.br/product/548911108/12952464112
47513118746,1118395504,https://shopee.com.br/product/1118395504/47513118746
23793539831,855489892,https://shopee.com.br/product/855489892/23793539831
23597298390,455834389,https://shopee.com.br/product/455834389/23597298390
22692986186,855489892,https://shopee.com.br/product/855489892/22692986186
23697473350,855489892,https://shopee.com.br/product/855489892/23697473350
43754447733,1242718651,https://shopee.com.br/product/1242718651/43754447733
44067145551,373594761,https://shopee.com.br/product/373594761/44067145551
23592259768,872473112,https://shopee.com.br/product/872473112/23592259768
23093238631,530578890,https://shopee.com.br/product/530578890/23093238631
23093555116,1316611304,https://shopee.com.br/product/1316611304/23093555116
18297734151,638399297,https://shopee.com.br/product/638399297/18297734151
57414193757,869809385,https://shopee.com.br/product/869809385/57414193757
22794231458,1050213612,https://shopee.com.br/product/1050213612/22794231458
22102193392,308628919,https://shopee.com.br/product/308628919/22102193392
23597723131,869809385,https://shopee.com.br/product/869809385/23597723131
16593466064,359168917,https://shopee.com.br/product/359168917/16593466064
18800823029,752849300,https://shopee.com.br/product/752849300/18800823029
23898456085,1224363395,https://shopee.com.br/product/1224363395/23898456085
23094303154,872473112,https://shopee.com.br/product/872473112/23094303154
19699494115,791969908,https://shopee.com.br/product/791969908/19699494115
23494367099,965617276,https://shopee.com.br/product/965617276/23494367099
40317968096,402598512,https://shopee.com.br/product/402598512/40317968096
40051727597,408653169,https://shopee.com.br/product/408653169/40051727597
23097083233,455103761,https://shopee.com.br/product/455103761/23097083233
11203967649,359066629,https://shopee.com.br/product/359066629/11203967649
20762884426,810071078,https://shopee.com.br/product/810071078/20762884426
22693935818,872473112,https://shopee.com.br/product/872473112/22693935818
23325823409,333246733,https://shopee.com.br/product/333246733/23325823409
22003404130,359066629,https://shopee.com.br/product/359066629/22003404130
11195244643,752849300,https://shopee.com.br/product/752849300/11195244643
23098168442,455834389,https://shopee.com.br/product/455834389/23098168442
23293509967,855489892,https://shopee.com.br/product/855489892/23293509967
23198695538,952014476,https://shopee.com.br/product/952014476/23198695538
23498825679,872473112,https://shopee.com.br/product/872473112/23498825679
23296995237,548911108,https://shopee.com.br/product/548911108/23296995237
7393309129,455834389,https://shopee.com.br/product/455834389/7393309129
20097680219,580791382,https://shopee.com.br/product/580791382/20097680219
16879645170,455834389,https://shopee.com.br/product/455834389/16879645170
14345492908,455834389,https://shopee.com.br/product/455834389/14345492908
10603049955,359066629,https://shopee.com.br/product/359066629/10603049955
22592951128,842996464,https://shopee.com.br/product/842996464/22592951128
20199498664,580791382,https://shopee.com.br/product/580791382/20199498664
22497483132,855489892,https://shopee.com.br/product/855489892/22497483132
18599917758,1033307532,https://shopee.com.br/product/1033307532/18599917758
19160746500,872473112,https://shopee.com.br/product/872473112/19160746500
19298299608,872473112,https://shopee.com.br/product/872473112/19298299608
22793516185,1386771889,https://shopee.com.br/product/1386771889/22793516185
21564285279,308628919,https://shopee.com.br/product/308628919/21564285279
22398198557,442913304,https://shopee.com.br/product/442913304/22398198557
21897752437,347781606,https://shopee.com.br/product/347781606/21897752437
20097689174,1220316212,https://shopee.com.br/product/1220316212/20097689174
22998427540,408653169,https://shopee.com.br/product/408653169/22998427540
23198201458,1097902002,https://shopee.com.br/product/1097902002/23198201458
19997804256,1235923910,https://shopee.com.br/product/1235923910/19997804256
23828105945,869809385,https://shopee.com.br/product/869809385/23828105945
18898103520,1388709282,https://shopee.com.br/product/1388709282/18898103520
5957621926,318555124,https://shopee.com.br/product/318555124/5957621926
23997479252,855489892,https://shopee.com.br/product/855489892/23997479252
18755382054,522316174,https://shopee.com.br/product/522316174/18755382054
18598050512,1368997878,https://shopee.com.br/product/1368997878/18598050512
22697543297,1072763470,https://shopee.com.br/product/1072763470/22697543297
11919905903,455834389,https://shopee.com.br/product/455834389/11919905903
22093526168,822103155,https://shopee.com.br/product/822103155/22093526168
19660742965,872473112,https://shopee.com.br/product/872473112/19660742965
23232622559,308628919,https://shopee.com.br/product/308628919/23232622559
22794362468,304278646,https://shopee.com.br/product/304278646/22794362468
16084614286,638399297,https://shopee.com.br/product/638399297/16084614286
58252020376,1107280577,https://shopee.com.br/product/1107280577/58252020376
18197747192,1242718651,https://shopee.com.br/product/1242718651/18197747192
44554772388,869809385,https://shopee.com.br/product/869809385/44554772388
8757199441,281898655,https://shopee.com.br/product/281898655/8757199441
21897923377,349137150,https://shopee.com.br/product/349137150/21897923377
19699229908,752849300,https://shopee.com.br/product/752849300/19699229908
58201825863,872473112,https://shopee.com.br/product/872473112/58201825863
58212078256,316070154,https://shopee.com.br/product/316070154/58212078256
18798105741,1075271269,https://shopee.com.br/product/1075271269/18798105741
58200994844,1537828773,https://shopee.com.br/product/1537828773/58200994844
22192443894,548911108,https://shopee.com.br/product/548911108/22192443894
51004969172,826682830,https://shopee.com.br/product/826682830/51004969172
16988925729,359066629,https://shopee.com.br/product/359066629/16988925729
19497659884,580791382,https://shopee.com.br/product/580791382/19497659884
19160743933,872473112,https://shopee.com.br/product/872473112/19160743933
23304337945,872473112,https://shopee.com.br/product/872473112/23304337945
15896814980,908137538,https://shopee.com.br/product/908137538/15896814980
22397642202,1002664154,https://shopee.com.br/product/1002664154/22397642202
21999831546,1543737245,https://shopee.com.br/product/1543737245/21999831546
58256652309,412968566,https://shopee.com.br/product/412968566/58256652309
56350831169,534109767,https://shopee.com.br/product/534109767/56350831169
20497476076,281898655,https://shopee.com.br/product/281898655/20497476076
58251621993,1316611304,https://shopee.com.br/product/1316611304/58251621993
23720415608,638399297,https://shopee.com.br/product/638399297/23720415608
17989284179,872473112,https://shopee.com.br/product/872473112/17989284179
51108614943,1543737245,https://shopee.com.br/product/1543737245/51108614943
41975199894,402598512,https://shopee.com.br/product/402598512/41975199894
23398661022,638399297,https://shopee.com.br/product/638399297/23398661022
52057457940,1314813681,https://shopee.com.br/product/1314813681/52057457940
22392635843,1072763470,https://shopee.com.br/product/1072763470/22392635843
58251859107,648928964,https://shopee.com.br/product/648928964/58251859107
21860738654,872473112,https://shopee.com.br/product/872473112/21860738654
18399556328,442506479,https://shopee.com.br/product/442506479/18399556328
22594303455,872473112,https://shopee.com.br/product/872473112/22594303455
23898765675,1075271269,https://shopee.com.br/product/1075271269/23898765675
21899321632,375188138,https://shopee.com.br/product/375188138/21899321632
7188528153,359066629,https://shopee.com.br/product/359066629/7188528153
23995017141,1608971773,https://shopee.com.br/product/1608971773/23995017141
19960747639,872473112,https://shopee.com.br/product/872473112/19960747639
23897382753,413680793,https://shopee.com.br/product/413680793/23897382753
23697499581,1050213612,https://shopee.com.br/product/1050213612/23697499581
13046365753,455834389,https://shopee.com.br/product/455834389/13046365753
22898018806,1386771889,https://shopee.com.br/product/1386771889/22898018806
19899303637,752849300,https://shopee.com.br/product/752849300/19899303637
21160747219,872473112,https://shopee.com.br/product/872473112/21160747219
23893508294,1314243679,https://shopee.com.br/product/1314243679/23893508294
20699380143,316557325,https://shopee.com.br/product/316557325/20699380143
23094154899,347781606,https://shopee.com.br/product/347781606/23094154899
22502595266,842996464,https://shopee.com.br/product/842996464/22502595266
22892455525,752849300,https://shopee.com.br/product/752849300/22892455525
23394366084,1477305422,https://shopee.com.br/product/1477305422/23394366084
58201627512,1316611304,https://shopee.com.br/product/1316611304/58201627512
22997671939,638399297,https://shopee.com.br/product/638399297/22997671939
9475403904,455834389,https://shopee.com.br/product/455834389/9475403904
22494305947,1007842724,https://shopee.com.br/product/1007842724/22494305947
22792837436,347781606,https://shopee.com.br/product/347781606/22792837436
18998114306,1075271269,https://shopee.com.br/product/1075271269/18998114306
11898506067,872473112,https://shopee.com.br/product/872473112/11898506067
23799275447,548911108,https://shopee.com.br/product/548911108/23799275447
22092945209,401986069,https://shopee.com.br/product/401986069/22092945209
18897661070,1097902002,https://shopee.com.br/product/1097902002/18897661070
23097548563,822103155,https://shopee.com.br/product/822103155/23097548563
23293281429,648928964,https://shopee.com.br/product/648928964/23293281429
19399094580,869809385,https://shopee.com.br/product/869809385/19399094580
21497795030,1235923910,https://shopee.com.br/product/1235923910/21497795030
18697679977,530578890,https://shopee.com.br/product/530578890/18697679977
58250287514,286347381,https://shopee.com.br/product/286347381/58250287514
7095322899,455834389,https://shopee.com.br/product/455834389/7095322899
20060749978,872473112,https://shopee.com.br/product/872473112/20060749978
19099595812,1215229492,https://shopee.com.br/product/1215229492/19099595812
23493049129,1220316212,https://shopee.com.br/product/1220316212/23493049129
22592433664,548911108,https://shopee.com.br/product/548911108/22592433664
21399568255,299192732,https://shopee.com.br/product/299192732/21399568255
19098973398,1075271269,https://shopee.com.br/product/1075271269/19098973398
9313810512,379103154,https://shopee.com.br/product/379103154/9313810512
21260747101,872473112,https://shopee.com.br/product/872473112/21260747101
23596043705,1002664154,https://shopee.com.br/product/1002664154/23596043705
22892944903,308628919,https://shopee.com.br/product/308628919/22892944903
18797681540,855489892,https://shopee.com.br/product/855489892/18797681540
21552559785,333246733,https://shopee.com.br/product/333246733/21552559785
22793210653,1215229492,https://shopee.com.br/product/1215229492/22793210653
20297675936,436723291,https://shopee.com.br/product/436723291/20297675936
18255106550,333246733,https://shopee.com.br/product/333246733/18255106550
45555526006,869809385,https://shopee.com.br/product/869809385/45555526006
22099271183,872473112,https://shopee.com.br/product/872473112/22099271183
18501781648,752849300,https://shopee.com.br/product/752849300/18501781648
26392191741,308628919,https://shopee.com.br/product/308628919/26392191741
58204240477,1075271269,https://shopee.com.br/product/1075271269/58204240477
21541792013,455834389,https://shopee.com.br/product/455834389/21541792013
23598457362,444869236,https://shopee.com.br/product/444869236/23598457362
22493925185,408653169,https://shopee.com.br/product/408653169/22493925185
49553065394,333246733,https://shopee.com.br/product/333246733/49553065394
22394287869,1075271269,https://shopee.com.br/product/1075271269/22394287869
21060740838,872473112,https://shopee.com.br/product/872473112/21060740838
23296896109,359066629,https://shopee.com.br/product/359066629/23296896109
21260747077,872473112,https://shopee.com.br/product/872473112/21260747077
20696933624,436723291,https://shopee.com.br/product/436723291/20696933624
22192603609,299192732,https://shopee.com.br/product/299192732/22192603609
23093495089,601021305,https://shopee.com.br/product/601021305/23093495089
23792833665,842996464,https://shopee.com.br/product/842996464/23792833665
22202193101,308628919,https://shopee.com.br/product/308628919/22202193101
22497484762,455834389,https://shopee.com.br/product/455834389/22497484762
23296995236,548911108,https://shopee.com.br/product/548911108/23296995236
22894028744,1526836548,https://shopee.com.br/product/1526836548/22894028744
17068588280,752849300,https://shopee.com.br/product/752849300/17068588280
22898364064,1316611304,https://shopee.com.br/product/1316611304/22898364064
20097168085,333246733,https://shopee.com.br/product/333246733/20097168085
23704303308,872473112,https://shopee.com.br/product/872473112/23704303308
22991689837,872473112,https://shopee.com.br/product/872473112/22991689837
23096037795,869809385,https://shopee.com.br/product/869809385/23096037795
23597170771,869809385,https://shopee.com.br/product/869809385/23597170771
22093691036,1242213783,https://shopee.com.br/product/1242213783/22093691036
23597445976,308628919,https://shopee.com.br/product/308628919/23597445976
5378748596,318555124,https://shopee.com.br/product/318555124/5378748596
22694547251,721033344,https://shopee.com.br/product/721033344/22694547251
51862341751,304278646,https://shopee.com.br/product/304278646/51862341751
23697299461,455834389,https://shopee.com.br/product/455834389/23697299461
10694923431,752849300,https://shopee.com.br/product/752849300/10694923431
23493200056,1215229492,https://shopee.com.br/product/1215229492/23493200056
21812176509,455834389,https://shopee.com.br/product/455834389/21812176509
23404312874,872473112,https://shopee.com.br/product/872473112/23404312874
58208417957,306878488,https://shopee.com.br/product/306878488/58208417957
20504499781,752849300,https://shopee.com.br/product/752849300/20504499781
22998478299,822103155,https://shopee.com.br/product/822103155/22998478299
22823332321,408128510,https://shopee.com.br/product/408128510/22823332321
23493200073,1215229492,https://shopee.com.br/product/1215229492/23493200073
9577684446,455834389,https://shopee.com.br/product/455834389/9577684446
21027479439,455834389,https://shopee.com.br/product/455834389/21027479439
22894028674,1526836548,https://shopee.com.br/product/1526836548/22894028674
18299606874,822103155,https://shopee.com.br/product/822103155/18299606874
22599174726,1050213612,https://shopee.com.br/product/1050213612/22599174726
22793237337,572649927,https://shopee.com.br/product/572649927/22793237337
19799231623,548911108,https://shopee.com.br/product/548911108/19799231623
20397750008,580791382,https://shopee.com.br/product/580791382/20397750008
22692493491,1075271269,https://shopee.com.br/product/1075271269/22692493491
20897805348,601021305,https://shopee.com.br/product/601021305/20897805348
23197358507,455834389,https://shopee.com.br/product/455834389/23197358507
20163572834,455103761,https://shopee.com.br/product/455103761/20163572834
20597621809,1072763470,https://shopee.com.br/product/1072763470/20597621809
49155236511,310274254,https://shopee.com.br/product/310274254/49155236511
20460765736,872473112,https://shopee.com.br/product/872473112/20460765736
11398506068,872473112,https://shopee.com.br/product/872473112/11398506068
15481785619,752849300,https://shopee.com.br/product/752849300/15481785619
22199054925,1655406395,https://shopee.com.br/product/1655406395/22199054925
58251762830,719930213,https://shopee.com.br/product/719930213/58251762830
23304316147,872473112,https://shopee.com.br/product/872473112/23304316147
20199096362,842996464,https://shopee.com.br/product/842996464/20199096362
19099258386,333246733,https://shopee.com.br/product/333246733/19099258386
50960747724,308628919,https://shopee.com.br/product/308628919/50960747724
46715858855,342086228,https://shopee.com.br/product/342086228/46715858855
22098713019,952014476,https://shopee.com.br/product/952014476/22098713019
15546802512,455834389,https://shopee.com.br/product/455834389/15546802512
58200137968,1608053305,https://shopee.com.br/product/1608053305/58200137968
18760747162,872473112,https://shopee.com.br/product/872473112/18760747162
22391587792,436723291,https://shopee.com.br/product/436723291/22391587792
29330325269,869809385,https://shopee.com.br/product/869809385/29330325269
22497544820,1220316212,https://shopee.com.br/product/1220316212/22497544820
23408854100,872473112,https://shopee.com.br/product/872473112/23408854100
22797975420,318555124,https://shopee.com.br/product/318555124/22797975420
23198679149,872473112,https://shopee.com.br/product/872473112/23198679149
19760745977,872473112,https://shopee.com.br/product/872473112/19760745977
22298814252,1477305422,https://shopee.com.br/product/1477305422/22298814252
23597553076,984366979,https://shopee.com.br/product/984366979/23597553076
21876203753,308628919,https://shopee.com.br/product/308628919/21876203753
22197555990,1220316212,https://shopee.com.br/product/1220316212/22197555990
21860808246,872473112,https://shopee.com.br/product/872473112/21860808246
22297741354,572649927,https://shopee.com.br/product/572649927/22297741354
11820338479,455834389,https://shopee.com.br/product/455834389/11820338479
18098199610,341622697,https://shopee.com.br/product/341622697/18098199610
18867360399,648928964,https://shopee.com.br/product/648928964/18867360399
22597499551,1033307532,https://shopee.com.br/product/1033307532/22597499551
20898003318,1314243679,https://shopee.com.br/product/1314243679/20898003318
20496936925,952014476,https://shopee.com.br/product/952014476/20496936925
22793220775,1243712796,https://shopee.com.br/product/1243712796/22793220775
21499247809,281898655,https://shopee.com.br/product/281898655/21499247809
19699774831,455103761,https://shopee.com.br/product/455103761/19699774831
22192443923,548911108,https://shopee.com.br/product/548911108/22192443923
52705436938,1543737245,https://shopee.com.br/product/1543737245/52705436938
18897656210,791969908,https://shopee.com.br/product/791969908/18897656210
21498980208,334741920,https://shopee.com.br/product/334741920/21498980208
23097663736,791969908,https://shopee.com.br/product/791969908/23097663736
22798406693,855489892,https://shopee.com.br/product/855489892/22798406693
9155895041,373594761,https://shopee.com.br/product/373594761/9155895041
21097805459,444869236,https://shopee.com.br/product/444869236/21097805459
22892388642,455834389,https://shopee.com.br/product/455834389/22892388642
23693106866,436723291,https://shopee.com.br/product/436723291/23693106866
23394921629,826682830,https://shopee.com.br/product/826682830/23394921629
23198002906,822103155,https://shopee.com.br/product/822103155/23198002906
23793512536,1316611304,https://shopee.com.br/product/1316611304/23793512536
22112838216,752849300,https://shopee.com.br/product/752849300/22112838216
22293521162,822103155,https://shopee.com.br/product/822103155/22293521162
16536812746,373594761,https://shopee.com.br/product/373594761/16536812746
20497874924,854082976,https://shopee.com.br/product/854082976/20497874924
23494328941,872473112,https://shopee.com.br/product/872473112/23494328941
23408854039,872473112,https://shopee.com.br/product/872473112/23408854039
20955760672,455103761,https://shopee.com.br/product/455103761/20955760672
18798192418,1081505086,https://shopee.com.br/product/1081505086/18798192418
21199258028,842996464,https://shopee.com.br/product/842996464/21199258028
23593523109,1223725880,https://shopee.com.br/product/1223725880/23593523109
23298228202,1242213783,https://shopee.com.br/product/1242213783/23298228202
23697552999,984366979,https://shopee.com.br/product/984366979/23697552999
21760745222,872473112,https://shopee.com.br/product/872473112/21760745222
7990111222,400124163,https://shopee.com.br/product/400124163/7990111222
23994303244,417707388,https://shopee.com.br/product/417707388/23994303244
58201032511,1630032069,https://shopee.com.br/product/1630032069/58201032511
22098871455,775496126,https://shopee.com.br/product/775496126/22098871455
15801795596,548911108,https://shopee.com.br/product/548911108/15801795596
15529723092,455834389,https://shopee.com.br/product/455834389/15529723092
23293281417,648928964,https://shopee.com.br/product/648928964/23293281417
19899903974,1163359442,https://shopee.com.br/product/1163359442/19899903974
22795615667,730226632,https://shopee.com.br/product/730226632/22795615667
23197738539,869809385,https://shopee.com.br/product/869809385/23197738539
49760767714,308628919,https://shopee.com.br/product/308628919/49760767714
18099268271,333246733,https://shopee.com.br/product/333246733/18099268271
18197964990,400124163,https://shopee.com.br/product/400124163/18197964990
22397443265,548911108,https://shopee.com.br/product/548911108/22397443265
22397998123,530578890,https://shopee.com.br/product/530578890/22397998123
22191185487,869809385,https://shopee.com.br/product/869809385/22191185487
51106502907,842996464,https://shopee.com.br/product/842996464/51106502907
23199376990,1083800536,https://shopee.com.br/product/1083800536/23199376990
22192443869,548911108,https://shopee.com.br/product/548911108/22192443869
28381071437,572649927,https://shopee.com.br/product/572649927/28381071437
20050143468,455834389,https://shopee.com.br/product/455834389/20050143468
44275208568,572649927,https://shopee.com.br/product/572649927/44275208568
21897990051,984366979,https://shopee.com.br/product/984366979/21897990051
23193043298,281898655,https://shopee.com.br/product/281898655/23193043298
23698323504,455834389,https://shopee.com.br/product/455834389/23698323504
18448250504,455834389,https://shopee.com.br/product/455834389/18448250504
22492841835,347781606,https://shopee.com.br/product/347781606/22492841835
18599374729,404743073,https://shopee.com.br/product/404743073/18599374729
17368588439,752849300,https://shopee.com.br/product/752849300/17368588439
22398224888,811879342,https://shopee.com.br/product/811879342/22398224888
19660743001,872473112,https://shopee.com.br/product/872473112/19660743001
44032590322,332059670,https://shopee.com.br/product/332059670/44032590322
22494061036,1235923910,https://shopee.com.br/product/1235923910/22494061036
21497786841,869809385,https://shopee.com.br/product/869809385/21497786841
21397984186,349137150,https://shopee.com.br/product/349137150/21397984186
8511127205,373594761,https://shopee.com.br/product/373594761/8511127205
51164564618,402598512,https://shopee.com.br/product/402598512/51164564618
11418276799,455834389,https://shopee.com.br/product/455834389/11418276799
20760741944,872473112,https://shopee.com.br/product/872473112/20760741944
19957879956,869809385,https://shopee.com.br/product/869809385/19957879956
23097478615,855489892,https://shopee.com.br/product/855489892/23097478615
20151120009,281898655,https://shopee.com.br/product/281898655/20151120009
23897603022,548911108,https://shopee.com.br/product/548911108/23897603022
23507015709,308628919,https://shopee.com.br/product/308628919/23507015709
52213769626,327632351,https://shopee.com.br/product/327632351/52213769626
23599189561,310711835,https://shopee.com.br/product/310711835/23599189561
22994413304,455834389,https://shopee.com.br/product/455834389/22994413304
23898761457,455103761,https://shopee.com.br/product/455103761/23898761457
58212866981,826682830,https://shopee.com.br/product/826682830/58212866981
21499203807,308628919,https://shopee.com.br/product/308628919/21499203807
8865303411,455834389,https://shopee.com.br/product/455834389/8865303411
23898339801,752849300,https://shopee.com.br/product/752849300/23898339801
16362850616,752849300,https://shopee.com.br/product/752849300/16362850616
16662829114,752849300,https://shopee.com.br/product/752849300/16662829114
18799248453,855489892,https://shopee.com.br/product/855489892/18799248453
8881297122,455834389,https://shopee.com.br/product/455834389/8881297122
23197494031,1107280577,https://shopee.com.br/product/1107280577/23197494031
48117706904,344415614,https://shopee.com.br/product/344415614/48117706904
19299444214,580791382,https://shopee.com.br/product/580791382/19299444214
19899322337,548911108,https://shopee.com.br/product/548911108/19899322337
47404695366,1507942655,https://shopee.com.br/product/1507942655/47404695366
7593878464,455834389,https://shopee.com.br/product/455834389/7593878464
23794806043,455103761,https://shopee.com.br/product/455103761/23794806043
23897603033,548911108,https://shopee.com.br/product/548911108/23897603033
20898034385,752849300,https://shopee.com.br/product/752849300/20898034385
17742580610,388739239,https://shopee.com.br/product/388739239/17742580610
19798020750,1242213783,https://shopee.com.br/product/1242213783/19798020750
18099766096,952014476,https://shopee.com.br/product/952014476/18099766096
8075135895,455834389,https://shopee.com.br/product/455834389/8075135895
29777620439,572649927,https://shopee.com.br/product/572649927/29777620439
44857985031,1118395504,https://shopee.com.br/product/1118395504/44857985031
46803920798,406223656,https://shopee.com.br/product/406223656/46803920798
46311378066,390327339,https://shopee.com.br/product/390327339/46311378066
19399300642,580791382,https://shopee.com.br/product/580791382/19399300642
19399233573,872473112,https://shopee.com.br/product/872473112/19399233573
23898628514,455103761,https://shopee.com.br/product/455103761/23898628514
22595667789,952014476,https://shopee.com.br/product/952014476/22595667789
23297603379,580791382,https://shopee.com.br/product/580791382/23297603379
23298813253,648928964,https://shopee.com.br/product/648928964/23298813253
26886402791,1059419518,https://shopee.com.br/product/1059419518/26886402791
22199139520,548911108,https://shopee.com.br/product/548911108/22199139520
22693504607,680601528,https://shopee.com.br/product/680601528/22693504607
22498737540,855489892,https://shopee.com.br/product/855489892/22498737540
20099248559,580791382,https://shopee.com.br/product/580791382/20099248559
22494341325,455103761,https://shopee.com.br/product/455103761/22494341325
20260749816,872473112,https://shopee.com.br/product/872473112/20260749816
23399410090,1584047662,https://shopee.com.br/product/1584047662/23399410090
54605500990,869809385,https://shopee.com.br/product/869809385/54605500990
9680910339,455834389,https://shopee.com.br/product/455834389/9680910339
14033798743,455834389,https://shopee.com.br/product/455834389/14033798743
21899321630,375188138,https://shopee.com.br/product/375188138/21899321630
11416662216,455834389,https://shopee.com.br/product/455834389/11416662216
18599303153,580791382,https://shopee.com.br/product/580791382/18599303153
23193814943,826682830,https://shopee.com.br/product/826682830/23193814943
22797609661,872473112,https://shopee.com.br/product/872473112/22797609661
21997654192,872473112,https://shopee.com.br/product/872473112/21997654192
20397674875,580791382,https://shopee.com.br/product/580791382/20397674875
23295508980,334741920,https://shopee.com.br/product/334741920/23295508980
56454752323,869809385,https://shopee.com.br/product/869809385/56454752323
19660746568,872473112,https://shopee.com.br/product/872473112/19660746568
23192935714,455834389,https://shopee.com.br/product/455834389/23192935714
20166454925,648928964,https://shopee.com.br/product/648928964/20166454925
23893977325,1612996637,https://shopee.com.br/product/1612996637/23893977325
22998525021,1526836548,https://shopee.com.br/product/1526836548/22998525021
22492925062,872473112,https://shopee.com.br/product/872473112/22492925062
23397491969,373594761,https://shopee.com.br/product/373594761/23397491969
23804297391,872473112,https://shopee.com.br/product/872473112/23804297391
55206657123,386620566,https://shopee.com.br/product/386620566/55206657123
18098659819,433048807,https://shopee.com.br/product/433048807/18098659819
18999369518,572649927,https://shopee.com.br/product/572649927/18999369518
23397751001,855489892,https://shopee.com.br/product/855489892/23397751001
44963965345,1177369665,https://shopee.com.br/product/1177369665/44963965345
12414371563,400124163,https://shopee.com.br/product/400124163/12414371563
12798429055,951290141,https://shopee.com.br/product/951290141/12798429055
51906169594,572649927,https://shopee.com.br/product/572649927/51906169594
23097482899,580791382,https://shopee.com.br/product/580791382/23097482899
45106139166,373594761,https://shopee.com.br/product/373594761/45106139166
23692987223,855489892,https://shopee.com.br/product/855489892/23692987223
21899258138,916172870,https://shopee.com.br/product/916172870/21899258138
20377582329,752849300,https://shopee.com.br/product/752849300/20377582329
22297435126,752849300,https://shopee.com.br/product/752849300/22297435126
29343780753,402076848,https://shopee.com.br/product/402076848/29343780753
22694653964,1242213783,https://shopee.com.br/product/1242213783/22694653964
7087973920,281898655,https://shopee.com.br/product/281898655/7087973920
21298253987,349137150,https://shopee.com.br/product/349137150/21298253987
58254970863,412968566,https://shopee.com.br/product/412968566/58254970863
23333481848,408653169,https://shopee.com.br/product/408653169/23333481848
20197763458,869809385,https://shopee.com.br/product/869809385/20197763458
13714355076,400124163,https://shopee.com.br/product/400124163/13714355076
19560746498,872473112,https://shopee.com.br/product/872473112/19560746498
8854939543,359066629,https://shopee.com.br/product/359066629/8854939543
18141779021,455834389,https://shopee.com.br/product/455834389/18141779021
22598930019,1075271269,https://shopee.com.br/product/1075271269/22598930019
23698674199,872473112,https://shopee.com.br/product/872473112/23698674199
20199096125,1097902002,https://shopee.com.br/product/1097902002/20199096125
18099069963,1075271269,https://shopee.com.br/product/1075271269/18099069963
21499607684,1050213612,https://shopee.com.br/product/1050213612/21499607684
45505513234,869809385,https://shopee.com.br/product/869809385/45505513234
22192443922,548911108,https://shopee.com.br/product/548911108/22192443922
8578137817,455834389,https://shopee.com.br/product/455834389/8578137817
19497630764,869809385,https://shopee.com.br/product/869809385/19497630764
23113534112,869809385,https://shopee.com.br/product/869809385/23113534112
11006497598,281898655,https://shopee.com.br/product/281898655/11006497598
21697296890,872473112,https://shopee.com.br/product/872473112/21697296890
22993972076,648928964,https://shopee.com.br/product/648928964/22993972076
44915899987,869809385,https://shopee.com.br/product/869809385/44915899987
23896595901,455834389,https://shopee.com.br/product/455834389/23896595901
18499302239,395742608,https://shopee.com.br/product/395742608/18499302239
25345405740,869809385,https://shopee.com.br/product/869809385/25345405740
14470118822,687950391,https://shopee.com.br/product/687950391/14470118822
44310120248,572649927,https://shopee.com.br/product/572649927/44310120248
22992660532,455834389,https://shopee.com.br/product/455834389/22992660532
22093525149,855489892,https://shopee.com.br/product/855489892/22093525149
22893048835,1220316212,https://shopee.com.br/product/1220316212/22893048835
23796891057,359066629,https://shopee.com.br/product/359066629/23796891057
29530330393,869809385,https://shopee.com.br/product/869809385/29530330393
53006184965,1537682554,https://shopee.com.br/product/1537682554/53006184965
55364568063,402598512,https://shopee.com.br/product/402598512/55364568063
23607015662,308628919,https://shopee.com.br/product/308628919/23607015662
50105797151,534109767,https://shopee.com.br/product/534109767/50105797151
17762844360,752849300,https://shopee.com.br/product/752849300/17762844360
23694830491,810071078,https://shopee.com.br/product/810071078/23694830491
21999208043,402076848,https://shopee.com.br/product/402076848/21999208043
9151825290,359066629,https://shopee.com.br/product/359066629/9151825290
23692347782,455834389,https://shopee.com.br/product/455834389/23692347782
15693786980,791969908,https://shopee.com.br/product/791969908/15693786980
18657590317,308628919,https://shopee.com.br/product/308628919/18657590317
4158479878,318555124,https://shopee.com.br/product/318555124/4158479878
23793523903,1223725880,https://shopee.com.br/product/1223725880/23793523903
18960747194,872473112,https://shopee.com.br/product/872473112/18960747194
23891582948,789777799,https://shopee.com.br/product/789777799/23891582948
21660808681,872473112,https://shopee.com.br/product/872473112/21660808681
18557590434,308628919,https://shopee.com.br/product/308628919/18557590434
23497483428,855489892,https://shopee.com.br/product/855489892/23497483428
19498593501,705932885,https://shopee.com.br/product/705932885/19498593501
20560741896,872473112,https://shopee.com.br/product/872473112/20560741896
22293147049,752849300,https://shopee.com.br/product/752849300/22293147049
58200558628,822103155,https://shopee.com.br/product/822103155/58200558628
44472793274,927963980,https://shopee.com.br/product/927963980/44472793274
58211121945,1079030436,https://shopee.com.br/product/1079030436/58211121945
23196930657,548911108,https://shopee.com.br/product/548911108/23196930657
21797989132,1242718651,https://shopee.com.br/product/1242718651/21797989132
40918736461,927963980,https://shopee.com.br/product/927963980/40918736461
22498028382,855489892,https://shopee.com.br/product/855489892/22498028382
23298038934,638399297,https://shopee.com.br/product/638399297/23298038934
21297684799,916172870,https://shopee.com.br/product/916172870/21297684799
22497512743,1072763470,https://shopee.com.br/product/1072763470/22497512743
23893613033,952014476,https://shopee.com.br/product/952014476/23893613033
9375130945,455834389,https://shopee.com.br/product/455834389/9375130945
23392455041,752849300,https://shopee.com.br/product/752849300/23392455041
22298871360,1609508474,https://shopee.com.br/product/1609508474/22298871360
22198700335,752849300,https://shopee.com.br/product/752849300/22198700335
23798321795,872473112,https://shopee.com.br/product/872473112/23798321795
22098070086,1316611304,https://shopee.com.br/product/1316611304/22098070086
23998130434,548911108,https://shopee.com.br/product/548911108/23998130434
22795028134,316070154,https://shopee.com.br/product/316070154/22795028134
23032550226,308628919,https://shopee.com.br/product/308628919/23032550226
18264295592,308628919,https://shopee.com.br/product/308628919/18264295592
23192303075,413680793,https://shopee.com.br/product/413680793/23192303075
19997812715,648928964,https://shopee.com.br/product/648928964/19997812715
6677558031,373594761,https://shopee.com.br/product/373594761/6677558031
23092156966,638399297,https://shopee.com.br/product/638399297/23092156966
7890668979,455834389,https://shopee.com.br/product/455834389/7890668979
23198795575,1002664154,https://shopee.com.br/product/1002664154/23198795575
14181788385,752849300,https://shopee.com.br/product/752849300/14181788385
21172305143,842996464,https://shopee.com.br/product/842996464/21172305143
47154762889,869809385,https://shopee.com.br/product/869809385/47154762889
18460769447,872473112,https://shopee.com.br/product/872473112/18460769447
18360751694,872473112,https://shopee.com.br/product/872473112/18360751694
22192997231,855489892,https://shopee.com.br/product/855489892/22192997231
23507015393,308628919,https://shopee.com.br/product/308628919/23507015393
21260746571,872473112,https://shopee.com.br/product/872473112/21260746571
22697471827,308628919,https://shopee.com.br/product/308628919/22697471827
22493182366,973004594,https://shopee.com.br/product/973004594/22493182366
6193805539,455834389,https://shopee.com.br/product/455834389/6193805539
23297904258,455834389,https://shopee.com.br/product/455834389/23297904258
52606633086,534109767,https://shopee.com.br/product/534109767/52606633086
23892751073,580791382,https://shopee.com.br/product/580791382/23892751073
29630193648,869809385,https://shopee.com.br/product/869809385/29630193648
23097137577,1082747237,https://shopee.com.br/product/1082747237/23097137577
16543285246,433531074,https://shopee.com.br/product/433531074/16543285246
19860767591,872473112,https://shopee.com.br/product/872473112/19860767591
17165259941,752849300,https://shopee.com.br/product/752849300/17165259941
5677534257,373594761,https://shopee.com.br/product/373594761/5677534257
22794699960,648928964,https://shopee.com.br/product/648928964/22794699960
17968587586,752849300,https://shopee.com.br/product/752849300/17968587586
10920901017,455834389,https://shopee.com.br/product/455834389/10920901017
22092946439,973004594,https://shopee.com.br/product/973004594/22092946439
47815197690,1118395504,https://shopee.com.br/product/1118395504/47815197690
25943792429,869809385,https://shopee.com.br/product/869809385/25943792429
56752161485,310274254,https://shopee.com.br/product/310274254/56752161485
22192443858,548911108,https://shopee.com.br/product/548911108/22192443858
23994048581,455103761,https://shopee.com.br/product/455103761/23994048581
40251034420,582386382,https://shopee.com.br/product/582386382/40251034420
21699543898,648928964,https://shopee.com.br/product/648928964/21699543898
23794243586,816806234,https://shopee.com.br/product/816806234/23794243586
44557271631,281898655,https://shopee.com.br/product/281898655/44557271631
58256677077,412968566,https://shopee.com.br/product/412968566/58256677077
16089285793,872473112,https://shopee.com.br/product/872473112/16089285793
23502192939,308628919,https://shopee.com.br/product/308628919/23502192939
40052786166,1029852536,https://shopee.com.br/product/1029852536/40052786166
14094742245,872473112,https://shopee.com.br/product/872473112/14094742245
19098986103,872473112,https://shopee.com.br/product/872473112/19098986103
22693266098,638399297,https://shopee.com.br/product/638399297/22693266098
16413881100,455834389,https://shopee.com.br/product/455834389/16413881100
15094742224,872473112,https://shopee.com.br/product/872473112/15094742224
9066939348,455834389,https://shopee.com.br/product/455834389/9066939348
23892854259,1107280577,https://shopee.com.br/product/1107280577/23892854259
23398661015,638399297,https://shopee.com.br/product/638399297/23398661015
22793048899,1220316212,https://shopee.com.br/product/1220316212/22793048899
22392866161,638399297,https://shopee.com.br/product/638399297/22392866161
19897673992,855489892,https://shopee.com.br/product/855489892/19897673992
23098005590,952014476,https://shopee.com.br/product/952014476/23098005590
6991823842,455834389,https://shopee.com.br/product/455834389/6991823842
22593824790,826682830,https://shopee.com.br/product/826682830/22593824790
19960747690,872473112,https://shopee.com.br/product/872473112/19960747690
22392928506,752849300,https://shopee.com.br/product/752849300/22392928506
53702524570,402450553,https://shopee.com.br/product/402450553/53702524570
18998114287,1075271269,https://shopee.com.br/product/1075271269/18998114287
20597974150,648928964,https://shopee.com.br/product/648928964/20597974150
22393257145,404743073,https://shopee.com.br/product/404743073/22393257145
23098638354,855489892,https://shopee.com.br/product/855489892/23098638354
23597020182,349137150,https://shopee.com.br/product/349137150/23597020182
22997725016,1215229492,https://shopee.com.br/product/1215229492/22997725016
21731249169,455834389,https://shopee.com.br/product/455834389/21731249169
19999257846,375188138,https://shopee.com.br/product/375188138/19999257846
48503193978,530578890,https://shopee.com.br/product/530578890/48503193978
42126968935,1242718651,https://shopee.com.br/product/1242718651/42126968935
22299193672,1051446617,https://shopee.com.br/product/1051446617/22299193672
21599442178,349137150,https://shopee.com.br/product/349137150/21599442178
18899182092,1072763470,https://shopee.com.br/product/1072763470/18899182092
22893965406,1477305422,https://shopee.com.br/product/1477305422/22893965406
19799887395,455834389,https://shopee.com.br/product/455834389/19799887395
18999261325,548911108,https://shopee.com.br/product/548911108/18999261325
20899242558,842996464,https://shopee.com.br/product/842996464/20899242558
51859725220,373594761,https://shopee.com.br/product/373594761/51859725220
19554846126,386620566,https://shopee.com.br/product/386620566/19554846126
3056555924,455834389,https://shopee.com.br/product/455834389/3056555924
8042829005,379103154,https://shopee.com.br/product/379103154/8042829005
20098028819,869809385,https://shopee.com.br/product/869809385/20098028819
41428424566,869809385,https://shopee.com.br/product/869809385/41428424566
22698746160,1075271269,https://shopee.com.br/product/1075271269/22698746160
18599324830,648928964,https://shopee.com.br/product/648928964/18599324830
45356518174,842996464,https://shopee.com.br/product/842996464/45356518174
15894744991,872473112,https://shopee.com.br/product/872473112/15894744991
18998114293,1075271269,https://shopee.com.br/product/1075271269/18998114293
51754776265,1543737245,https://shopee.com.br/product/1543737245/51754776265
53556733627,842996464,https://shopee.com.br/product/842996464/53556733627
22693724923,1050213612,https://shopee.com.br/product/1050213612/22693724923
22300720009,522316174,https://shopee.com.br/product/522316174/22300720009
20855392932,522316174,https://shopee.com.br/product/522316174/20855392932
56115879834,869809385,https://shopee.com.br/product/869809385/56115879834
5295332377,455834389,https://shopee.com.br/product/455834389/5295332377
23408853998,872473112,https://shopee.com.br/product/872473112/23408853998
9680523252,455834389,https://shopee.com.br/product/455834389/9680523252
23398463955,1215229492,https://shopee.com.br/product/1215229492/23398463955
20899323296,580791382,https://shopee.com.br/product/580791382/20899323296
22693848919,1388709282,https://shopee.com.br/product/1388709282/22693848919
22698370316,455103761,https://shopee.com.br/product/455103761/22698370316
22091238674,952014476,https://shopee.com.br/product/952014476/22091238674
23692796147,872473112,https://shopee.com.br/product/872473112/23692796147
40718733109,402076848,https://shopee.com.br/product/402076848/40718733109
58258541695,965617276,https://shopee.com.br/product/965617276/58258541695
18197071526,952014476,https://shopee.com.br/product/952014476/18197071526
22093579932,1316611304,https://shopee.com.br/product/1316611304/22093579932
58211075574,378521219,https://shopee.com.br/product/378521219/58211075574
45105511896,869809385,https://shopee.com.br/product/869809385/45105511896
18657590379,308628919,https://shopee.com.br/product/308628919/18657590379
22598846422,1033307532,https://shopee.com.br/product/1033307532/22598846422
23698480262,1477305422,https://shopee.com.br/product/1477305422/23698480262
18797614991,1072763470,https://shopee.com.br/product/1072763470/18797614991
23423577720,869809385,https://shopee.com.br/product/869809385/23423577720
20097640041,318555124,https://shopee.com.br/product/318555124/20097640041
23698465243,1477305422,https://shopee.com.br/product/1477305422/23698465243
18299258581,855489892,https://shopee.com.br/product/855489892/18299258581
19460743171,872473112,https://shopee.com.br/product/872473112/19460743171
20397680752,1033307532,https://shopee.com.br/product/1033307532/20397680752
16481303000,810071078,https://shopee.com.br/product/810071078/16481303000
44428429212,869809385,https://shopee.com.br/product/869809385/44428429212
27116736185,433048807,https://shopee.com.br/product/433048807/27116736185
23197144997,455834389,https://shopee.com.br/product/455834389/23197144997
3190870855,359066629,https://shopee.com.br/product/359066629/3190870855
22097492984,580791382,https://shopee.com.br/product/580791382/22097492984
14752797524,455834389,https://shopee.com.br/product/455834389/14752797524
48606151359,572649927,https://shopee.com.br/product/572649927/48606151359
22319827258,379103154,https://shopee.com.br/product/379103154/22319827258
22898374057,826682830,https://shopee.com.br/product/826682830/22898374057
19897763415,869809385,https://shopee.com.br/product/869809385/19897763415
20960746884,872473112,https://shopee.com.br/product/872473112/20960746884
20199560783,842996464,https://shopee.com.br/product/842996464/20199560783
18657591102,308628919,https://shopee.com.br/product/308628919/18657591102
58213036317,1552226494,https://shopee.com.br/product/1552226494/58213036317
22892867177,455834389,https://shopee.com.br/product/455834389/22892867177
58254195621,1386771889,https://shopee.com.br/product/1386771889/58254195621
19999706654,1314243679,https://shopee.com.br/product/1314243679/19999706654
18097874624,1242718651,https://shopee.com.br/product/1242718651/18097874624
14804157866,428173977,https://shopee.com.br/product/428173977/14804157866
23799018501,1050213612,https://shopee.com.br/product/1050213612/23799018501
20274696553,872473112,https://shopee.com.br/product/872473112/20274696553
5177426867,373594761,https://shopee.com.br/product/373594761/5177426867
23597844949,580791382,https://shopee.com.br/product/580791382/23597844949
10911432860,455834389,https://shopee.com.br/product/455834389/10911432860
23092466594,872473112,https://shopee.com.br/product/872473112/23092466594
10638975567,359066629,https://shopee.com.br/product/359066629/10638975567
20098835155,333246733,https://shopee.com.br/product/333246733/20098835155
19898271910,308628919,https://shopee.com.br/product/308628919/19898271910
23597582768,1114000786,https://shopee.com.br/product/1114000786/23597582768
20766532580,872473112,https://shopee.com.br/product/872473112/20766532580
23398337144,548911108,https://shopee.com.br/product/548911108/23398337144
21699252111,855489892,https://shopee.com.br/product/855489892/21699252111
12897420831,872473112,https://shopee.com.br/product/872473112/12897420831
13297635607,371036439,https://shopee.com.br/product/371036439/13297635607
20897122297,869809385,https://shopee.com.br/product/869809385/20897122297
12197218340,308628919,https://shopee.com.br/product/308628919/12197218340
23793584787,530578890,https://shopee.com.br/product/530578890/23793584787
23692659266,455834389,https://shopee.com.br/product/455834389/23692659266
23495697113,638399297,https://shopee.com.br/product/638399297/23495697113
23502192823,308628919,https://shopee.com.br/product/308628919/23502192823
21900819573,752849300,https://shopee.com.br/product/752849300/21900819573
22697441039,816806234,https://shopee.com.br/product/816806234/22697441039
23893174318,1223725880,https://shopee.com.br/product/1223725880/23893174318
27144050934,869809385,https://shopee.com.br/product/869809385/27144050934
14429391595,455834389,https://shopee.com.br/product/455834389/14429391595
55909958297,402598512,https://shopee.com.br/product/402598512/55909958297
23196619359,436723291,https://shopee.com.br/product/436723291/23196619359
55855801118,534109767,https://shopee.com.br/product/534109767/55855801118
9281343354,455834389,https://shopee.com.br/product/455834389/9281343354
18657590362,308628919,https://shopee.com.br/product/308628919/18657590362
44033874357,869809385,https://shopee.com.br/product/869809385/44033874357
20360765894,872473112,https://shopee.com.br/product/872473112/20360765894
22592433761,548911108,https://shopee.com.br/product/548911108/22592433761
22398354815,1215229492,https://shopee.com.br/product/1215229492/22398354815
21460745894,872473112,https://shopee.com.br/product/872473112/21460745894
23193815015,826682830,https://shopee.com.br/product/826682830/23193815015
22999202025,455103761,https://shopee.com.br/product/455103761/22999202025
22192933619,752849300,https://shopee.com.br/product/752849300/22192933619
42209684675,442913304,https://shopee.com.br/product/442913304/42209684675
21798139607,872473112,https://shopee.com.br/product/872473112/21798139607
23792593631,504745949,https://shopee.com.br/product/504745949/23792593631
22893843192,872473112,https://shopee.com.br/product/872473112/22893843192
19999296974,580791382,https://shopee.com.br/product/580791382/19999296974
19797613445,1072763470,https://shopee.com.br/product/1072763470/19797613445
21000824078,752849300,https://shopee.com.br/product/752849300/21000824078
41578423898,869809385,https://shopee.com.br/product/869809385/41578423898
27081092848,572649927,https://shopee.com.br/product/572649927/27081092848
22693529635,965617276,https://shopee.com.br/product/965617276/22693529635
9564935584,455834389,https://shopee.com.br/product/455834389/9564935584
8791738412,455834389,https://shopee.com.br/product/455834389/8791738412
21297987298,572649927,https://shopee.com.br/product/572649927/21297987298
18966496799,872473112,https://shopee.com.br/product/872473112/18966496799
18697435377,504745949,https://shopee.com.br/product/504745949/18697435377
8512129526,365257077,https://shopee.com.br/product/365257077/8512129526
57705489534,869809385,https://shopee.com.br/product/869809385/57705489534
19497738818,1215229492,https://shopee.com.br/product/1215229492/19497738818
18698148011,648928964,https://shopee.com.br/product/648928964/18698148011
21297683703,1220316212,https://shopee.com.br/product/1220316212/21297683703
23893086964,648928964,https://shopee.com.br/product/648928964/23893086964
56854752212,869809385,https://shopee.com.br/product/869809385/56854752212
5277269138,345061139,https://shopee.com.br/product/345061139/5277269138
19799495385,1033307532,https://shopee.com.br/product/1033307532/19799495385
22092301502,455834389,https://shopee.com.br/product/455834389/22092301502
58206874416,1097902002,https://shopee.com.br/product/1097902002/58206874416
22198249523,872473112,https://shopee.com.br/product/872473112/22198249523
20470988992,752849300,https://shopee.com.br/product/752849300/20470988992
58254293149,1097902002,https://shopee.com.br/product/1097902002/58254293149
18899494822,548911108,https://shopee.com.br/product/548911108/18899494822
22598799992,872473112,https://shopee.com.br/product/872473112/22598799992
43478431949,869809385,https://shopee.com.br/product/869809385/43478431949
49704772293,869809385,https://shopee.com.br/product/869809385/49704772293
17868584669,752849300,https://shopee.com.br/product/752849300/17868584669
22193523409,436723291,https://shopee.com.br/product/436723291/22193523409
9519569850,376053737,https://shopee.com.br/product/376053737/9519569850
22994339743,1079030436,https://shopee.com.br/product/1079030436/22994339743
22192822752,445163047,https://shopee.com.br/product/445163047/22192822752
22498181148,400124163,https://shopee.com.br/product/400124163/22498181148
21298001996,530578890,https://shopee.com.br/product/530578890/21298001996
20060767441,872473112,https://shopee.com.br/product/872473112/20060767441
23792987184,855489892,https://shopee.com.br/product/855489892/23792987184
18697380111,872473112,https://shopee.com.br/product/872473112/18697380111
12231186311,548911108,https://shopee.com.br/product/548911108/12231186311
18097992545,455103761,https://shopee.com.br/product/455103761/18097992545
18657590486,308628919,https://shopee.com.br/product/308628919/18657590486
19797613428,1072763470,https://shopee.com.br/product/1072763470/19797613428
20897677540,1050213612,https://shopee.com.br/product/1050213612/20897677540
19597995531,872473112,https://shopee.com.br/product/872473112/19597995531
26280178292,869809385,https://shopee.com.br/product/869809385/26280178292
23523270938,333246733,https://shopee.com.br/product/333246733/23523270938
22098017910,530578890,https://shopee.com.br/product/530578890/22098017910
22893118394,580791382,https://shopee.com.br/product/580791382/22893118394
58259747478,1083800536,https://shopee.com.br/product/1083800536/58259747478
22698166613,436723291,https://shopee.com.br/product/436723291/22698166613
58256414644,1083800536,https://shopee.com.br/product/1083800536/58256414644
9061880339,455834389,https://shopee.com.br/product/455834389/9061880339
21098028133,408578430,https://shopee.com.br/product/408578430/21098028133
11417731367,455834389,https://shopee.com.br/product/455834389/11417731367
20699570021,1215229492,https://shopee.com.br/product/1215229492/20699570021
22805952703,752849300,https://shopee.com.br/product/752849300/22805952703
22498077535,984366979,https://shopee.com.br/product/984366979/22498077535
22899008530,648928964,https://shopee.com.br/product/648928964/22899008530
56654216843,310274254,https://shopee.com.br/product/310274254/56654216843
21699048901,1106802794,https://shopee.com.br/product/1106802794/21699048901
23392986802,855489892,https://shopee.com.br/product/855489892/23392986802
16789285696,872473112,https://shopee.com.br/product/872473112/16789285696
21699571967,855489892,https://shopee.com.br/product/855489892/21699571967
20460731872,872473112,https://shopee.com.br/product/872473112/20460731872
23594395188,872473112,https://shopee.com.br/product/872473112/23594395188
27394974371,464586953,https://shopee.com.br/product/464586953/27394974371
21797664251,311163565,https://shopee.com.br/product/311163565/21797664251
18899494833,548911108,https://shopee.com.br/product/548911108/18899494833
6491432707,455834389,https://shopee.com.br/product/455834389/6491432707
11112176209,310274254,https://shopee.com.br/product/310274254/11112176209
6958472587,318555124,https://shopee.com.br/product/318555124/6958472587
23793114183,580791382,https://shopee.com.br/product/580791382/23793114183
18499564835,1329429906,https://shopee.com.br/product/1329429906/18499564835
22695974443,872473112,https://shopee.com.br/product/872473112/22695974443
20864175806,371036439,https://shopee.com.br/product/371036439/20864175806
22098850272,1477305422,https://shopee.com.br/product/1477305422/22098850272
58253907112,1561901020,https://shopee.com.br/product/1561901020/58253907112
11715234726,455834389,https://shopee.com.br/product/455834389/11715234726
22597306702,872473112,https://shopee.com.br/product/872473112/22597306702
10661120804,548911108,https://shopee.com.br/product/548911108/10661120804
19660746569,872473112,https://shopee.com.br/product/872473112/19660746569
19699552190,580791382,https://shopee.com.br/product/580791382/19699552190
14681799304,752849300,https://shopee.com.br/product/752849300/14681799304
22094379987,1242213783,https://shopee.com.br/product/1242213783/22094379987
22298137289,436723291,https://shopee.com.br/product/436723291/22298137289
48757741379,775496126,https://shopee.com.br/product/775496126/48757741379
20399560691,402450553,https://shopee.com.br/product/402450553/20399560691
23597998514,1344250083,https://shopee.com.br/product/1344250083/23597998514
3994683476,455834389,https://shopee.com.br/product/455834389/3994683476
22298900882,1612996637,https://shopee.com.br/product/1612996637/22298900882
22998132447,648928964,https://shopee.com.br/product/648928964/22998132447
18599853073,1033307532,https://shopee.com.br/product/1033307532/18599853073
17462829075,752849300,https://shopee.com.br/product/752849300/17462829075
22197938764,680601528,https://shopee.com.br/product/680601528/22197938764
23397616832,648928964,https://shopee.com.br/product/648928964/23397616832
22892650825,316869228,https://shopee.com.br/product/316869228/22892650825
23614404238,386620566,https://shopee.com.br/product/386620566/23614404238
19497658245,638399297,https://shopee.com.br/product/638399297/19497658245
23394959756,1654079737,https://shopee.com.br/product/1654079737/23394959756
18369216499,752849300,https://shopee.com.br/product/752849300/18369216499
19460767679,872473112,https://shopee.com.br/product/872473112/19460767679
23992387001,408653169,https://shopee.com.br/product/408653169/23992387001
23197483717,855489892,https://shopee.com.br/product/855489892/23197483717
23094303270,872473112,https://shopee.com.br/product/872473112/23094303270
10052654875,455834389,https://shopee.com.br/product/455834389/10052654875
14714668521,408128510,https://shopee.com.br/product/408128510/14714668521
21299854056,1242213783,https://shopee.com.br/product/1242213783/21299854056
22192997124,855489892,https://shopee.com.br/product/855489892/22192997124
25973956422,428173977,https://shopee.com.br/product/428173977/25973956422
43729496453,402450553,https://shopee.com.br/product/402450553/43729496453
22218379729,842996464,https://shopee.com.br/product/842996464/22218379729
18698148005,648928964,https://shopee.com.br/product/648928964/18698148005
23298009263,375188138,https://shopee.com.br/product/375188138/23298009263
58211768818,548911108,https://shopee.com.br/product/548911108/58211768818
21999826662,455103761,https://shopee.com.br/product/455103761/21999826662
22932623445,308628919,https://shopee.com.br/product/308628919/22932623445
22798449786,1097902002,https://shopee.com.br/product/1097902002/22798449786
21398077878,1242213783,https://shopee.com.br/product/1242213783/21398077878
22498698184,1075271269,https://shopee.com.br/product/1075271269/22498698184
9811136293,373594761,https://shopee.com.br/product/373594761/9811136293
9680884533,455834389,https://shopee.com.br/product/455834389/9680884533
23194364809,705932885,https://shopee.com.br/product/705932885/23194364809
53205500914,869809385,https://shopee.com.br/product/869809385/53205500914
22698746130,1075271269,https://shopee.com.br/product/1075271269/22698746130
11620346554,455834389,https://shopee.com.br/product/455834389/11620346554
22697451736,842996464,https://shopee.com.br/product/842996464/22697451736
23094511844,648928964,https://shopee.com.br/product/648928964/23094511844
58252991285,1612996637,https://shopee.com.br/product/1612996637/58252991285
23694211516,1072763470,https://shopee.com.br/product/1072763470/23694211516
22394334077,1477305422,https://shopee.com.br/product/1477305422/22394334077
15210645896,455834389,https://shopee.com.br/product/455834389/15210645896
21999705493,1477305422,https://shopee.com.br/product/1477305422/21999705493
23892657085,855489892,https://shopee.com.br/product/855489892/23892657085
13697409508,872473112,https://shopee.com.br/product/872473112/13697409508
20298186971,455103761,https://shopee.com.br/product/455103761/20298186971
23193548613,965617276,https://shopee.com.br/product/965617276/23193548613
5895232821,455834389,https://shopee.com.br/product/455834389/5895232821
21299297125,855489892,https://shopee.com.br/product/855489892/21299297125
19860801211,872473112,https://shopee.com.br/product/872473112/19860801211
22094198187,580791382,https://shopee.com.br/product/580791382/22094198187
21598132358,580791382,https://shopee.com.br/product/580791382/21598132358
18060738928,872473112,https://shopee.com.br/product/872473112/18060738928
58204286898,1075271269,https://shopee.com.br/product/1075271269/58204286898
57557620821,455834389,https://shopee.com.br/product/455834389/57557620821
22992934887,872473112,https://shopee.com.br/product/872473112/22992934887
16389285660,872473112,https://shopee.com.br/product/872473112/16389285660
18999258224,1220316212,https://shopee.com.br/product/1220316212/18999258224
20697803866,855489892,https://shopee.com.br/product/855489892/20697803866
18897614601,1097902002,https://shopee.com.br/product/1097902002/18897614601
16262851597,752849300,https://shopee.com.br/product/752849300/16262851597
58213323050,1553092714,https://shopee.com.br/product/1553092714/58213323050
22497684451,1302727497,https://shopee.com.br/product/1302727497/22497684451
22592945389,455834389,https://shopee.com.br/product/455834389/22592945389
21499360171,869809385,https://shopee.com.br/product/869809385/21499360171
21597670756,648928964,https://shopee.com.br/product/648928964/21597670756
18299258663,855489892,https://shopee.com.br/product/855489892/18299258663
58259849825,1083800536,https://shopee.com.br/product/1083800536/58259849825
22893741352,356560587,https://shopee.com.br/product/356560587/22893741352
18197630808,548911108,https://shopee.com.br/product/548911108/18197630808
22998230440,842996464,https://shopee.com.br/product/842996464/22998230440
22222770543,842996464,https://shopee.com.br/product/842996464/22222770543
23298232852,704493455,https://shopee.com.br/product/704493455/23298232852
43057344241,406894684,https://shopee.com.br/product/406894684/43057344241
21841541894,687950391,https://shopee.com.br/product/687950391/21841541894
58259061541,310711835,https://shopee.com.br/product/310711835/58259061541
23098798153,1477305422,https://shopee.com.br/product/1477305422/23098798153
58253681039,984366979,https://shopee.com.br/product/984366979/58253681039
20597987476,842996464,https://shopee.com.br/product/842996464/20597987476
58209084849,1097902002,https://shopee.com.br/product/1097902002/58209084849
21197976328,442506479,https://shopee.com.br/product/442506479/21197976328
22997433461,548911108,https://shopee.com.br/product/548911108/22997433461
23293509732,855489892,https://shopee.com.br/product/855489892/23293509732
23497696776,1215229492,https://shopee.com.br/product/1215229492/23497696776
23502192949,308628919,https://shopee.com.br/product/308628919/23502192949
22893963927,1500637302,https://shopee.com.br/product/1500637302/22893963927
12891171043,752849300,https://shopee.com.br/product/752849300/12891171043
18557590437,308628919,https://shopee.com.br/product/308628919/18557590437
23997767971,1235923910,https://shopee.com.br/product/1235923910/23997767971
23902192269,308628919,https://shopee.com.br/product/308628919/23902192269
21460745839,872473112,https://shopee.com.br/product/872473112/21460745839
10020093012,455834389,https://shopee.com.br/product/455834389/10020093012
21797379851,455834389,https://shopee.com.br/product/455834389/21797379851
22594303469,872473112,https://shopee.com.br/product/872473112/22594303469
23697446026,308628919,https://shopee.com.br/product/308628919/23697446026
20498290473,855489892,https://shopee.com.br/product/855489892/20498290473
22893947550,638399297,https://shopee.com.br/product/638399297/22893947550
23897136909,455834389,https://shopee.com.br/product/455834389/23897136909
23797539974,1220316212,https://shopee.com.br/product/1220316212/23797539974
11811425946,455834389,https://shopee.com.br/product/455834389/11811425946
23792089926,312820805,https://shopee.com.br/product/312820805/23792089926
22198021742,855489892,https://shopee.com.br/product/855489892/22198021742
19460746512,872473112,https://shopee.com.br/product/872473112/19460746512
23098234788,872473112,https://shopee.com.br/product/872473112/23098234788
22197482886,855489892,https://shopee.com.br/product/855489892/22197482886
22994706564,395742608,https://shopee.com.br/product/395742608/22994706564
58200111942,580791382,https://shopee.com.br/product/580791382/58200111942
19796906701,775496126,https://shopee.com.br/product/775496126/19796906701
22897124359,308628919,https://shopee.com.br/product/308628919/22897124359
22598697971,952014476,https://shopee.com.br/product/952014476/22598697971
22994145492,1081505086,https://shopee.com.br/product/1081505086/22994145492
8777994734,455834389,https://shopee.com.br/product/455834389/8777994734
23999636181,548911108,https://shopee.com.br/product/548911108/23999636181
15842264571,322399178,https://shopee.com.br/product/322399178/15842264571
22193999100,390327339,https://shopee.com.br/product/390327339/22193999100
19664305706,308628919,https://shopee.com.br/product/308628919/19664305706
22193526381,1033307532,https://shopee.com.br/product/1033307532/22193526381
14747703421,400124163,https://shopee.com.br/product/400124163/14747703421
21860745213,872473112,https://shopee.com.br/product/872473112/21860745213
18897682534,580791382,https://shopee.com.br/product/580791382/18897682534
53305500935,869809385,https://shopee.com.br/product/869809385/53305500935
18497661100,548911108,https://shopee.com.br/product/548911108/18497661100
20697787782,1215229492,https://shopee.com.br/product/1215229492/20697787782
18899337404,1002664154,https://shopee.com.br/product/1002664154/18899337404
40722776896,318555124,https://shopee.com.br/product/318555124/40722776896
23020912335,842996464,https://shopee.com.br/product/842996464/23020912335
22196142272,952014476,https://shopee.com.br/product/952014476/22196142272
44378054500,869809385,https://shopee.com.br/product/869809385/44378054500
23492597184,281898655,https://shopee.com.br/product/281898655/23492597184
20275973947,548911108,https://shopee.com.br/product/548911108/20275973947
19999334090,638399297,https://shopee.com.br/product/638399297/19999334090
19797680929,580791382,https://shopee.com.br/product/580791382/19797680929
5757628987,318555124,https://shopee.com.br/product/318555124/5757628987
12831231059,548911108,https://shopee.com.br/product/548911108/12831231059
23397440822,580791382,https://shopee.com.br/product/580791382/23397440822
58252682549,1537828773,https://shopee.com.br/product/1537828773/58252682549
22798644058,1242213783,https://shopee.com.br/product/1242213783/22798644058
11994352395,365257077,https://shopee.com.br/product/365257077/11994352395
12311212369,359066629,https://shopee.com.br/product/359066629/12311212369
22432492965,869809385,https://shopee.com.br/product/869809385/22432492965
58206438168,872473112,https://shopee.com.br/product/872473112/58206438168
20597662748,404743073,https://shopee.com.br/product/404743073/20597662748
21997673836,855489892,https://shopee.com.br/product/855489892/21997673836
23294345341,1242213783,https://shopee.com.br/product/1242213783/23294345341
22793920879,872473112,https://shopee.com.br/product/872473112/22793920879
23297479771,855489892,https://shopee.com.br/product/855489892/23297479771
22398410444,1075271269,https://shopee.com.br/product/1075271269/22398410444
9254927782,359066629,https://shopee.com.br/product/359066629/9254927782
23694015112,1477305422,https://shopee.com.br/product/1477305422/23694015112
21499575547,1235923910,https://shopee.com.br/product/1235923910/21499575547
21499187069,984366979,https://shopee.com.br/product/984366979/21499187069
55408892595,299192732,https://shopee.com.br/product/299192732/55408892595
23892674978,1220316212,https://shopee.com.br/product/1220316212/23892674978
20472128062,842996464,https://shopee.com.br/product/842996464/20472128062
21799831542,1215229492,https://shopee.com.br/product/1215229492/21799831542
17711383250,436723291,https://shopee.com.br/product/436723291/17711383250
19264301267,308628919,https://shopee.com.br/product/308628919/19264301267
7566292033,322399178,https://shopee.com.br/product/322399178/7566292033
21798964901,648928964,https://shopee.com.br/product/648928964/21798964901
58203022897,648928964,https://shopee.com.br/product/648928964/58203022897
23191204749,638399297,https://shopee.com.br/product/638399297/23191204749
55611348337,927963980,https://shopee.com.br/product/927963980/55611348337
22921733160,842996464,https://shopee.com.br/product/842996464/22921733160
58250727901,1215229492,https://shopee.com.br/product/1215229492/58250727901
58258579947,1526836548,https://shopee.com.br/product/1526836548/58258579947
51353900333,390327339,https://shopee.com.br/product/390327339/51353900333
23998833645,1609508474,https://shopee.com.br/product/1609508474/23998833645
23796990201,548911108,https://shopee.com.br/product/548911108/23796990201
22798091118,869809385,https://shopee.com.br/product/869809385/22798091118
22297494011,855489892,https://shopee.com.br/product/855489892/22297494011
22709565875,648928964,https://shopee.com.br/product/648928964/22709565875
22291442042,455834389,https://shopee.com.br/product/455834389/22291442042
18064812773,889942432,https://shopee.com.br/product/889942432/18064812773
42402988760,869809385,https://shopee.com.br/product/869809385/42402988760
22497551393,349137150,https://shopee.com.br/product/349137150/22497551393
20251342119,334741920,https://shopee.com.br/product/334741920/20251342119
22396155094,433048807,https://shopee.com.br/product/433048807/22396155094
20797978086,390327339,https://shopee.com.br/product/390327339/20797978086
23492495156,653044811,https://shopee.com.br/product/653044811/23492495156
55757680082,534109767,https://shopee.com.br/product/534109767/55757680082
19197681754,580791382,https://shopee.com.br/product/580791382/19197681754
22798033844,822103155,https://shopee.com.br/product/822103155/22798033844
10116482888,455834389,https://shopee.com.br/product/455834389/10116482888
18798986729,404743073,https://shopee.com.br/product/404743073/18798986729
19464295920,308628919,https://shopee.com.br/product/308628919/19464295920
22693641310,530578890,https://shopee.com.br/product/530578890/22693641310
20060214450,648928964,https://shopee.com.br/product/648928964/20060214450
20000821911,752849300,https://shopee.com.br/product/752849300/20000821911
22497568734,916172870,https://shopee.com.br/product/916172870/22497568734
18697614776,648928964,https://shopee.com.br/product/648928964/18697614776
51456291630,638399297,https://shopee.com.br/product/638399297/51456291630
22193438341,1215229492,https://shopee.com.br/product/1215229492/22193438341
58254926721,872473112,https://shopee.com.br/product/872473112/58254926721
22198726306,959567682,https://shopee.com.br/product/959567682/22198726306
20599247018,855489892,https://shopee.com.br/product/855489892/20599247018
22597478013,855489892,https://shopee.com.br/product/855489892/22597478013
18597692125,333246733,https://shopee.com.br/product/333246733/18597692125
22594959492,1788001787,https://shopee.com.br/product/1788001787/22594959492
23998514137,1081505086,https://shopee.com.br/product/1081505086/23998514137
13020562290,455834389,https://shopee.com.br/product/455834389/13020562290
22894353905,638399297,https://shopee.com.br/product/638399297/22894353905
23094015609,1477305422,https://shopee.com.br/product/1477305422/23094015609
20431249192,455834389,https://shopee.com.br/product/455834389/20431249192
26943918500,826682830,https://shopee.com.br/product/826682830/26943918500
22493562056,889942432,https://shopee.com.br/product/889942432/22493562056
57406451888,373594761,https://shopee.com.br/product/373594761/57406451888
13290580596,455834389,https://shopee.com.br/product/455834389/13290580596
23099155471,1617519379,https://shopee.com.br/product/1617519379/23099155471
20876201246,308628919,https://shopee.com.br/product/308628919/20876201246
58254931255,872473112,https://shopee.com.br/product/872473112/58254931255
18098082062,822103155,https://shopee.com.br/product/822103155/18098082062
22393544133,580791382,https://shopee.com.br/product/580791382/22393544133
19797613402,1072763470,https://shopee.com.br/product/1072763470/19797613402
54061189609,869809385,https://shopee.com.br/product/869809385/54061189609
22293099884,855489892,https://shopee.com.br/product/855489892/22293099884
25997282261,601021305,https://shopee.com.br/product/601021305/25997282261
22694310714,580791382,https://shopee.com.br/product/580791382/22694310714
20396947763,313968882,https://shopee.com.br/product/313968882/20396947763
23094303185,872473112,https://shopee.com.br/product/872473112/23094303185
22996493633,889942432,https://shopee.com.br/product/889942432/22996493633
23194951643,1083800536,https://shopee.com.br/product/1083800536/23194951643
55957834558,534109767,https://shopee.com.br/product/534109767/55957834558
18621751112,455834389,https://shopee.com.br/product/455834389/18621751112
23097545143,1220316212,https://shopee.com.br/product/1220316212/23097545143
22893965418,1477305422,https://shopee.com.br/product/1477305422/22893965418
22597361261,356560587,https://shopee.com.br/product/356560587/22597361261
7490861060,455834389,https://shopee.com.br/product/455834389/7490861060
23497558285,1114000786,https://shopee.com.br/product/1114000786/23497558285
58209875277,1608971773,https://shopee.com.br/product/1608971773/58209875277
19899593241,1242213783,https://shopee.com.br/product/1242213783/19899593241
21399368380,1235923910,https://shopee.com.br/product/1235923910/21399368380
58208147366,826682830,https://shopee.com.br/product/826682830/58208147366
20599257428,1220316212,https://shopee.com.br/product/1220316212/20599257428
23597483539,855489892,https://shopee.com.br/product/855489892/23597483539
58257081737,826682830,https://shopee.com.br/product/826682830/58257081737
19298107562,791969908,https://shopee.com.br/product/791969908/19298107562
22293890984,402450553,https://shopee.com.br/product/402450553/22293890984
23092947350,752849300,https://shopee.com.br/product/752849300/23092947350
56805502193,869809385,https://shopee.com.br/product/869809385/56805502193
19997315254,408653169,https://shopee.com.br/product/408653169/19997315254
23593827207,379103154,https://shopee.com.br/product/379103154/23593827207
10816926444,455834389,https://shopee.com.br/product/455834389/10816926444
22824957791,842996464,https://shopee.com.br/product/842996464/22824957791
18499256581,791969908,https://shopee.com.br/product/791969908/18499256581
15563232305,704493455,https://shopee.com.br/product/704493455/15563232305
23597502729,444869236,https://shopee.com.br/product/444869236/23597502729
22492934639,455834389,https://shopee.com.br/product/455834389/22492934639
22298063096,855489892,https://shopee.com.br/product/855489892/22298063096
10919907980,455834389,https://shopee.com.br/product/455834389/10919907980
23991017613,752849300,https://shopee.com.br/product/752849300/23991017613
22592662701,1106021667,https://shopee.com.br/product/1106021667/22592662701
57858565546,402076848,https://shopee.com.br/product/402076848/57858565546
23992640223,455834389,https://shopee.com.br/product/455834389/23992640223
22793903658,1072763470,https://shopee.com.br/product/1072763470/22793903658
21799608122,872473112,https://shopee.com.br/product/872473112/21799608122
23694224018,872473112,https://shopee.com.br/product/872473112/23694224018
42600999170,323288678,https://shopee.com.br/product/323288678/42600999170
18299266139,855489892,https://shopee.com.br/product/855489892/18299266139
22892940158,308628919,https://shopee.com.br/product/308628919/22892940158
18540629228,455834389,https://shopee.com.br/product/455834389/18540629228
22899190563,1215229492,https://shopee.com.br/product/1215229492/22899190563
22397724319,1215229492,https://shopee.com.br/product/1215229492/22397724319
23497548326,371036439,https://shopee.com.br/product/371036439/23497548326
22897916108,1033307532,https://shopee.com.br/product/1033307532/22897916108
53850811365,1507942655,https://shopee.com.br/product/1507942655/53850811365
22397974742,680601528,https://shopee.com.br/product/680601528/22397974742
10037200649,359066629,https://shopee.com.br/product/359066629/10037200649
22594303441,872473112,https://shopee.com.br/product/872473112/22594303441
22098076082,648928964,https://shopee.com.br/product/648928964/22098076082
41272788674,365257077,https://shopee.com.br/product/365257077/41272788674
23597998531,1344250083,https://shopee.com.br/product/1344250083/23597998531
20299186396,872473112,https://shopee.com.br/product/872473112/20299186396
20072097485,842996464,https://shopee.com.br/product/842996464/20072097485
54816188897,1543737245,https://shopee.com.br/product/1543737245/54816188897
58261495932,1079030436,https://shopee.com.br/product/1079030436/58261495932
23793544813,333246733,https://shopee.com.br/product/333246733/23793544813
43352246151,357239640,https://shopee.com.br/product/357239640/43352246151
19697668977,455103761,https://shopee.com.br/product/455103761/19697668977
23298479531,822103155,https://shopee.com.br/product/822103155/23298479531
58254295880,1097902002,https://shopee.com.br/product/1097902002/58254295880
19799557763,489001115,https://shopee.com.br/product/489001115/19799557763
23793639471,530578890,https://shopee.com.br/product/530578890/23793639471
15227147383,638399297,https://shopee.com.br/product/638399297/15227147383
23593683609,436723291,https://shopee.com.br/product/436723291/23593683609
12130429590,455834389,https://shopee.com.br/product/455834389/12130429590
19499551571,855489892,https://shopee.com.br/product/855489892/19499551571
18197691892,855489892,https://shopee.com.br/product/855489892/18197691892
45951932962,504745949,https://shopee.com.br/product/504745949/45951932962
7577414729,373594761,https://shopee.com.br/product/373594761/7577414729
23793111317,580791382,https://shopee.com.br/product/580791382/23793111317
23597438439,548911108,https://shopee.com.br/product/548911108/23597438439
23402192951,308628919,https://shopee.com.br/product/308628919/23402192951
42928424592,869809385,https://shopee.com.br/product/869809385/42928424592
19357830274,842996464,https://shopee.com.br/product/842996464/19357830274
58208571292,648928964,https://shopee.com.br/product/648928964/58208571292
22793009876,455103761,https://shopee.com.br/product/455103761/22793009876
20199253230,704493455,https://shopee.com.br/product/704493455/20199253230
22397545188,1220316212,https://shopee.com.br/product/1220316212/22397545188
3891851462,455834389,https://shopee.com.br/product/455834389/3891851462
22093503646,442506479,https://shopee.com.br/product/442506479/22093503646
18700833715,752849300,https://shopee.com.br/product/752849300/18700833715
22497354901,548911108,https://shopee.com.br/product/548911108/22497354901
22197555907,1220316212,https://shopee.com.br/product/1220316212/22197555907
22692337093,455834389,https://shopee.com.br/product/455834389/22692337093
23193887669,855489892,https://shopee.com.br/product/855489892/23193887669
26944547449,359168917,https://shopee.com.br/product/359168917/26944547449
23597443721,752849300,https://shopee.com.br/product/752849300/23597443721
23194959823,378521219,https://shopee.com.br/product/378521219/23194959823
22597692461,580791382,https://shopee.com.br/product/580791382/22597692461
58203267575,1107280577,https://shopee.com.br/product/1107280577/58203267575
18399035442,375188138,https://shopee.com.br/product/375188138/18399035442
19999334098,638399297,https://shopee.com.br/product/638399297/19999334098
7577414751,373594761,https://shopee.com.br/product/373594761/7577414751
18998114305,1075271269,https://shopee.com.br/product/1075271269/18998114305
23198362612,357239640,https://shopee.com.br/product/357239640/23198362612
18657591006,308628919,https://shopee.com.br/product/308628919/18657591006
3295279242,455834389,https://shopee.com.br/product/455834389/3295279242
23493873931,1045133925,https://shopee.com.br/product/1045133925/23493873931
22898142994,1235923910,https://shopee.com.br/product/1235923910/22898142994
22535012492,371036439,https://shopee.com.br/product/371036439/22535012492
23492839062,455834389,https://shopee.com.br/product/455834389/23492839062
20199198033,413680793,https://shopee.com.br/product/413680793/20199198033
18398959129,333246733,https://shopee.com.br/product/333246733/18398959129
18998015613,855489892,https://shopee.com.br/product/855489892/18998015613
18657590433,308628919,https://shopee.com.br/product/308628919/18657590433
23598350763,1242213783,https://shopee.com.br/product/1242213783/23598350763
43678429467,869809385,https://shopee.com.br/product/869809385/43678429467
21998520622,869809385,https://shopee.com.br/product/869809385/21998520622
58209091923,1083800536,https://shopee.com.br/product/1083800536/58209091923
46105825058,534109767,https://shopee.com.br/product/534109767/46105825058
58264780842,1552226494,https://shopee.com.br/product/1552226494/58264780842
10136299818,360012700,https://shopee.com.br/product/360012700/10136299818
23393200239,1215229492,https://shopee.com.br/product/1215229492/23393200239
48757784150,402598512,https://shopee.com.br/product/402598512/48757784150
12331185114,548911108,https://shopee.com.br/product/548911108/12331185114
58257244389,826682830,https://shopee.com.br/product/826682830/58257244389
8775420212,455834389,https://shopee.com.br/product/455834389/8775420212
14533179371,455834389,https://shopee.com.br/product/455834389/14533179371
23093050920,375188138,https://shopee.com.br/product/375188138/23093050920
23997378361,402076848,https://shopee.com.br/product/402076848/23997378361
23194964563,349137150,https://shopee.com.br/product/349137150/23194964563
51707619214,455834389,https://shopee.com.br/product/455834389/51707619214
3794580069,455834389,https://shopee.com.br/product/455834389/3794580069
46255526054,869809385,https://shopee.com.br/product/869809385/46255526054
18198035187,855489892,https://shopee.com.br/product/855489892/18198035187
56907077746,572649927,https://shopee.com.br/product/572649927/56907077746
20798076810,1075271269,https://shopee.com.br/product/1075271269/20798076810
22698755926,580791382,https://shopee.com.br/product/580791382/22698755926
43633359886,721033344,https://shopee.com.br/product/721033344/43633359886
58055501830,869809385,https://shopee.com.br/product/869809385/58055501830
7457245520,322399178,https://shopee.com.br/product/322399178/7457245520
18199271148,855489892,https://shopee.com.br/product/855489892/18199271148
19999542721,402450553,https://shopee.com.br/product/402450553/19999542721
20699833709,1553092714,https://shopee.com.br/product/1553092714/20699833709
23597582726,1114000786,https://shopee.com.br/product/1114000786/23597582726
20797925302,548911108,https://shopee.com.br/product/548911108/20797925302
23497090945,281898655,https://shopee.com.br/product/281898655/23497090945
24196633897,572649927,https://shopee.com.br/product/572649927/24196633897
23994239993,638399297,https://shopee.com.br/product/638399297/23994239993
14935271031,373594761,https://shopee.com.br/product/373594761/14935271031
21699843165,318894435,https://shopee.com.br/product/318894435/21699843165
23691105591,719930213,https://shopee.com.br/product/719930213/23691105591
23997029360,402076848,https://shopee.com.br/product/402076848/23997029360
22498041807,965617276,https://shopee.com.br/product/965617276/22498041807
22098867281,1242213783,https://shopee.com.br/product/1242213783/22098867281
48866703247,869809385,https://shopee.com.br/product/869809385/48866703247
40258071318,373594761,https://shopee.com.br/product/373594761/40258071318
23993048811,1220316212,https://shopee.com.br/product/1220316212/23993048811
22698529351,1081505086,https://shopee.com.br/product/1081505086/22698529351
22592952125,548911108,https://shopee.com.br/product/548911108/22592952125
23494368191,1079030436,https://shopee.com.br/product/1079030436/23494368191
22093716960,442506479,https://shopee.com.br/product/442506479/22093716960
9780930318,455834389,https://shopee.com.br/product/455834389/9780930318
21164299478,308628919,https://shopee.com.br/product/308628919/21164299478
16192358889,869809385,https://shopee.com.br/product/869809385/16192358889
22597985150,1246535200,https://shopee.com.br/product/1246535200/22597985150
23693199476,758962502,https://shopee.com.br/product/758962502/23693199476
23097358285,638399297,https://shopee.com.br/product/638399297/23097358285
22797443634,548911108,https://shopee.com.br/product/548911108/22797443634
19798076414,341754426,https://shopee.com.br/product/341754426/19798076414
23698464974,580791382,https://shopee.com.br/product/580791382/23698464974
58201024749,1608053305,https://shopee.com.br/product/1608053305/58201024749
23992832873,548911108,https://shopee.com.br/product/548911108/23992832873
22694346414,1242213783,https://shopee.com.br/product/1242213783/22694346414
23094141002,1242213783,https://shopee.com.br/product/1242213783/23094141002
21999358134,1328711923,https://shopee.com.br/product/1328711923/21999358134
16762851094,752849300,https://shopee.com.br/product/752849300/16762851094
57405502205,869809385,https://shopee.com.br/product/869809385/57405502205
21658433377,433048807,https://shopee.com.br/product/433048807/21658433377
21599494044,816806234,https://shopee.com.br/product/816806234/21599494044
22491175407,356143297,https://shopee.com.br/product/356143297/22491175407
17492510761,842996464,https://shopee.com.br/product/842996464/17492510761
22598847954,1609508474,https://shopee.com.br/product/1609508474/22598847954
18657590477,308628919,https://shopee.com.br/product/308628919/18657590477
21499250042,580791382,https://shopee.com.br/product/580791382/21499250042
53453522638,333246733,https://shopee.com.br/product/333246733/53453522638
22794944519,312820805,https://shopee.com.br/product/312820805/22794944519
14854848782,408128510,https://shopee.com.br/product/408128510/14854848782
22896493992,359066629,https://shopee.com.br/product/359066629/22896493992
23499024653,1329429906,https://shopee.com.br/product/1329429906/23499024653
54856133131,310274254,https://shopee.com.br/product/310274254/54856133131
44554772451,869809385,https://shopee.com.br/product/869809385/44554772451
43626670543,504745949,https://shopee.com.br/product/504745949/43626670543
23794615378,648928964,https://shopee.com.br/product/648928964/23794615378
23394529349,721033344,https://shopee.com.br/product/721033344/23394529349
19999651352,1242213783,https://shopee.com.br/product/1242213783/19999651352
18657590168,308628919,https://shopee.com.br/product/308628919/18657590168
18298185155,1477305422,https://shopee.com.br/product/1477305422/18298185155
21599258165,916172870,https://shopee.com.br/product/916172870/21599258165
51401921770,402076848,https://shopee.com.br/product/402076848/51401921770
8675384326,455834389,https://shopee.com.br/product/455834389/8675384326
18797981420,889973435,https://shopee.com.br/product/889973435/18797981420
23594625077,548911108,https://shopee.com.br/product/548911108/23594625077
11601883465,312820805,https://shopee.com.br/product/312820805/11601883465
22294366453,1477305422,https://shopee.com.br/product/1477305422/22294366453
23993215029,1235923910,https://shopee.com.br/product/1235923910/23993215029
20075020882,333246733,https://shopee.com.br/product/333246733/20075020882
18664591889,308628919,https://shopee.com.br/product/308628919/18664591889
48253033667,338537405,https://shopee.com.br/product/338537405/48253033667
18178606882,334741920,https://shopee.com.br/product/334741920/18178606882
22799195172,1215229492,https://shopee.com.br/product/1215229492/22799195172
18172875600,842996464,https://shopee.com.br/product/842996464/18172875600
23793513216,822103155,https://shopee.com.br/product/822103155/23793513216
53455781735,400124163,https://shopee.com.br/product/400124163/53455781735
22093763981,1224363395,https://shopee.com.br/product/1224363395/22093763981
22998142767,1235923910,https://shopee.com.br/product/1235923910/22998142767
22894695597,1608053305,https://shopee.com.br/product/1608053305/22894695597
22897478189,855489892,https://shopee.com.br/product/855489892/22897478189
23193422286,680601528,https://shopee.com.br/product/680601528/23193422286
23691260257,332059670,https://shopee.com.br/product/332059670/23691260257
22391185728,648928964,https://shopee.com.br/product/648928964/22391185728
5095222205,455834389,https://shopee.com.br/product/455834389/5095222205
22097943718,752849300,https://shopee.com.br/product/752849300/22097943718
23993386245,1235923910,https://shopee.com.br/product/1235923910/23993386245
15530046763,455834389,https://shopee.com.br/product/455834389/15530046763
23897602868,412527932,https://shopee.com.br/product/412527932/23897602868
55300817484,869809385,https://shopee.com.br/product/869809385/55300817484
22098477692,1235923910,https://shopee.com.br/product/1235923910/22098477692
19664573577,308628919,https://shopee.com.br/product/308628919/19664573577
8260402252,429366971,https://shopee.com.br/product/429366971/8260402252
20698695359,951290141,https://shopee.com.br/product/951290141/20698695359
21299366988,357239640,https://shopee.com.br/product/357239640/21299366988
22794183670,580791382,https://shopee.com.br/product/580791382/22794183670
8575469458,455834389,https://shopee.com.br/product/455834389/8575469458
23198679940,1362877346,https://shopee.com.br/product/1362877346/23198679940
22598852174,1242213783,https://shopee.com.br/product/1242213783/22598852174
22293111487,580791382,https://shopee.com.br/product/580791382/22293111487
3053884940,281898655,https://shopee.com.br/product/281898655/3053884940
12765735327,455834389,https://shopee.com.br/product/455834389/12765735327
22097500554,855489892,https://shopee.com.br/product/855489892/22097500554
21899321639,375188138,https://shopee.com.br/product/375188138/21899321639
15094359654,842996464,https://shopee.com.br/product/842996464/15094359654
23092747678,455834389,https://shopee.com.br/product/455834389/23092747678
14656926822,323288678,https://shopee.com.br/product/323288678/14656926822
58213656446,1561205436,https://shopee.com.br/product/1561205436/58213656446
22293244777,572649927,https://shopee.com.br/product/572649927/22293244777
22196940464,548911108,https://shopee.com.br/product/548911108/22196940464
40759002757,436723291,https://shopee.com.br/product/436723291/40759002757
22598557869,1235923910,https://shopee.com.br/product/1235923910/22598557869
18898513272,638399297,https://shopee.com.br/product/638399297/18898513272
13195499799,810071078,https://shopee.com.br/product/810071078/13195499799
18799685755,1072763470,https://shopee.com.br/product/1072763470/18799685755
22792987617,855489892,https://shopee.com.br/product/855489892/22792987617
7995133507,455834389,https://shopee.com.br/product/455834389/7995133507
21397783909,638399297,https://shopee.com.br/product/638399297/21397783909
23993659811,400124163,https://shopee.com.br/product/400124163/23993659811
18697676994,855489892,https://shopee.com.br/product/855489892/18697676994
19099369170,1235923910,https://shopee.com.br/product/1235923910/19099369170
58259018494,1788001787,https://shopee.com.br/product/1788001787/58259018494
23399171539,1608053305,https://shopee.com.br/product/1608053305/23399171539
21697745276,580791382,https://shopee.com.br/product/580791382/21697745276
42728424529,869809385,https://shopee.com.br/product/869809385/42728424529
11698390629,308628919,https://shopee.com.br/product/308628919/11698390629
58206748275,404743073,https://shopee.com.br/product/404743073/58206748275
23493200055,1215229492,https://shopee.com.br/product/1215229492/23493200055
22996983010,648928964,https://shopee.com.br/product/648928964/22996983010
16690249987,308628919,https://shopee.com.br/product/308628919/16690249987
22292503659,1075271269,https://shopee.com.br/product/1075271269/22292503659
58200031538,482939517,https://shopee.com.br/product/482939517/58200031538
23197094338,1106802794,https://shopee.com.br/product/1106802794/23197094338
7657447776,322399178,https://shopee.com.br/product/322399178/7657447776
9280557561,455834389,https://shopee.com.br/product/455834389/9280557561
21297783484,1215229492,https://shopee.com.br/product/1215229492/21297783484
58204247879,1608971773,https://shopee.com.br/product/1608971773/58204247879
23897603034,548911108,https://shopee.com.br/product/548911108/23897603034
11710375891,400124163,https://shopee.com.br/product/400124163/11710375891
22098735989,1033307532,https://shopee.com.br/product/1033307532/22098735989
15633172247,455834389,https://shopee.com.br/product/455834389/15633172247
53552610173,504745949,https://shopee.com.br/product/504745949/53552610173
22397385294,312820805,https://shopee.com.br/product/312820805/22397385294
23399229987,1316611304,https://shopee.com.br/product/1316611304/23399229987
18997921949,548911108,https://shopee.com.br/product/548911108/18997921949
23793931484,648928964,https://shopee.com.br/product/648928964/23793931484
22098845189,638399297,https://shopee.com.br/product/638399297/22098845189
54911238627,869809385,https://shopee.com.br/product/869809385/54911238627
56316678102,869809385,https://shopee.com.br/product/869809385/56316678102
18657591158,308628919,https://shopee.com.br/product/308628919/18657591158
22198822373,580791382,https://shopee.com.br/product/580791382/22198822373
23996896582,752849300,https://shopee.com.br/product/752849300/23996896582
58259829777,1788001787,https://shopee.com.br/product/1788001787/58259829777
18398288090,648928964,https://shopee.com.br/product/648928964/18398288090
8178482132,455834389,https://shopee.com.br/product/455834389/8178482132
23592338253,334741920,https://shopee.com.br/product/334741920/23592338253
21099648322,952014476,https://shopee.com.br/product/952014476/21099648322
18861846499,310274254,https://shopee.com.br/product/310274254/18861846499
17505530594,687950391,https://shopee.com.br/product/687950391/17505530594
23194951839,1788001787,https://shopee.com.br/product/1788001787/23194951839
23397334443,548911108,https://shopee.com.br/product/548911108/23397334443
41668246430,400124163,https://shopee.com.br/product/400124163/41668246430
21557827838,842996464,https://shopee.com.br/product/842996464/21557827838
18898268365,638399297,https://shopee.com.br/product/638399297/18898268365
23593220322,572649927,https://shopee.com.br/product/572649927/23593220322
18699384691,822103155,https://shopee.com.br/product/822103155/18699384691
22498019663,855489892,https://shopee.com.br/product/855489892/22498019663
47955484938,1242718651,https://shopee.com.br/product/1242718651/47955484938
23692976639,855489892,https://shopee.com.br/product/855489892/23692976639
23398201040,869809385,https://shopee.com.br/product/869809385/23398201040
4695051009,455834389,https://shopee.com.br/product/455834389/4695051009
22297553496,1072763470,https://shopee.com.br/product/1072763470/22297553496
23794304173,1577890610,https://shopee.com.br/product/1577890610/23794304173
44074157684,436723291,https://shopee.com.br/product/436723291/44074157684
19197728326,375188138,https://shopee.com.br/product/375188138/19197728326
22793903661,1072763470,https://shopee.com.br/product/1072763470/22793903661
22298760225,1009975506,https://shopee.com.br/product/1009975506/22298760225
23502192725,308628919,https://shopee.com.br/product/308628919/23502192725
17271093967,359066629,https://shopee.com.br/product/359066629/17271093967
22494034274,548911108,https://shopee.com.br/product/548911108/22494034274
42622868963,1371792496,https://shopee.com.br/product/1371792496/42622868963
22397511633,400124163,https://shopee.com.br/product/400124163/22397511633
8281327974,455834389,https://shopee.com.br/product/455834389/8281327974
45909398263,299192732,https://shopee.com.br/product/299192732/45909398263
58250220776,1215229492,https://shopee.com.br/product/1215229492/58250220776
23032616426,308628919,https://shopee.com.br/product/308628919/23032616426
3995278862,455834389,https://shopee.com.br/product/455834389/3995278862
47062838589,1404215442,https://shopee.com.br/product/1404215442/47062838589
45305812478,534109767,https://shopee.com.br/product/534109767/45305812478
42505092604,436723291,https://shopee.com.br/product/436723291/42505092604
20697743515,375188138,https://shopee.com.br/product/375188138/20697743515
23192987365,855489892,https://shopee.com.br/product/855489892/23192987365
22893264479,1235923910,https://shopee.com.br/product/1235923910/22893264479
11518569404,455834389,https://shopee.com.br/product/455834389/11518569404
22739593209,719930213,https://shopee.com.br/product/719930213/22739593209
23194027281,1081505086,https://shopee.com.br/product/1081505086/23194027281
23693518002,822103155,https://shopee.com.br/product/822103155/23693518002
8478106837,455834389,https://shopee.com.br/product/455834389/8478106837
18657590445,308628919,https://shopee.com.br/product/308628919/18657590445
58258830101,1114000786,https://shopee.com.br/product/1114000786/58258830101
58201340377,1190424233,https://shopee.com.br/product/1190424233/58201340377
46055517551,869809385,https://shopee.com.br/product/869809385/46055517551
5778387040,379103154,https://shopee.com.br/product/379103154/5778387040
54955493559,869809385,https://shopee.com.br/product/869809385/54955493559
14953891858,687950391,https://shopee.com.br/product/687950391/14953891858
23797631849,752849300,https://shopee.com.br/product/752849300/23797631849
23598914041,1608053305,https://shopee.com.br/product/1608053305/23598914041
24146815978,844004880,https://shopee.com.br/product/844004880/24146815978
19999262128,1220316212,https://shopee.com.br/product/1220316212/19999262128
22202193206,308628919,https://shopee.com.br/product/308628919/22202193206
22098024073,1050213612,https://shopee.com.br/product/1050213612/22098024073
23994537250,1190424233,https://shopee.com.br/product/1190424233/23994537250
57461184216,1515203682,https://shopee.com.br/product/1515203682/57461184216
58208503140,1612996637,https://shopee.com.br/product/1612996637/58208503140
23094653846,822103155,https://shopee.com.br/product/822103155/23094653846
23398323849,379103154,https://shopee.com.br/product/379103154/23398323849
21497296090,455834389,https://shopee.com.br/product/455834389/21497296090
22494496147,854082976,https://shopee.com.br/product/854082976/22494496147
23793634997,333246733,https://shopee.com.br/product/333246733/23793634997
20997783630,1215229492,https://shopee.com.br/product/1215229492/20997783630
23497695859,869809385,https://shopee.com.br/product/869809385/23497695859
23698689812,1235923910,https://shopee.com.br/product/1235923910/23698689812
23798460156,1477305422,https://shopee.com.br/product/1477305422/23798460156
17359822842,455834389,https://shopee.com.br/product/455834389/17359822842
22292991713,855489892,https://shopee.com.br/product/855489892/22292991713
19999296971,580791382,https://shopee.com.br/product/580791382/19999296971
23394212365,580791382,https://shopee.com.br/product/580791382/23394212365
40611635973,1088013647,https://shopee.com.br/product/1088013647/40611635973
21199651258,1242213783,https://shopee.com.br/product/1242213783/21199651258
22595787221,308628919,https://shopee.com.br/product/308628919/22595787221
20098472223,408128510,https://shopee.com.br/product/408128510/20098472223
22597613039,648928964,https://shopee.com.br/product/648928964/22597613039
22098155932,648928964,https://shopee.com.br/product/648928964/22098155932
23698559777,638399297,https://shopee.com.br/product/638399297/23698559777
17292510787,842996464,https://shopee.com.br/product/842996464/17292510787
58253127900,1075271269,https://shopee.com.br/product/1075271269/58253127900
3795110094,455834389,https://shopee.com.br/product/455834389/3795110094
22094439038,1612996637,https://shopee.com.br/product/1612996637/22094439038
23098737286,1526836548,https://shopee.com.br/product/1526836548/23098737286
23897483602,855489892,https://shopee.com.br/product/855489892/23897483602
22894693397,1215229492,https://shopee.com.br/product/1215229492/22894693397
18397933059,680601528,https://shopee.com.br/product/680601528/18397933059
23597723090,869809385,https://shopee.com.br/product/869809385/23597723090
19398653057,313968882,https://shopee.com.br/product/313968882/19398653057
8295545707,548911108,https://shopee.com.br/product/548911108/8295545707
58200290464,1617519379,https://shopee.com.br/product/1617519379/58200290464
20299839535,1050213612,https://shopee.com.br/product/1050213612/20299839535
19499598850,638399297,https://shopee.com.br/product/638399297/19499598850
23693009614,889942432,https://shopee.com.br/product/889942432/23693009614
23997986986,442506479,https://shopee.com.br/product/442506479/23997986986
23598691592,1215229492,https://shopee.com.br/product/1215229492/23598691592
58209424516,648928964,https://shopee.com.br/product/648928964/58209424516
58203132742,1507016444,https://shopee.com.br/product/1507016444/58203132742
9480556999,455834389,https://shopee.com.br/product/455834389/9480556999
8177655700,455834389,https://shopee.com.br/product/455834389/8177655700
21497736832,1215229492,https://shopee.com.br/product/1215229492/21497736832
19999602045,869809385,https://shopee.com.br/product/869809385/19999602045
10716663418,455834389,https://shopee.com.br/product/455834389/10716663418
46406099855,333246733,https://shopee.com.br/product/333246733/46406099855
22132620090,308628919,https://shopee.com.br/product/308628919/22132620090
18364622783,889942432,https://shopee.com.br/product/889942432/18364622783
47306139185,1494297971,https://shopee.com.br/product/1494297971/47306139185
22898143000,1235923910,https://shopee.com.br/product/1235923910/22898143000
22994161622,1296760327,https://shopee.com.br/product/1296760327/22994161622
58250213329,721033344,https://shopee.com.br/product/721033344/58250213329
44332364976,951290141,https://shopee.com.br/product/951290141/44332364976
23898147194,400124163,https://shopee.com.br/product/400124163/23898147194
23797335829,455834389,https://shopee.com.br/product/455834389/23797335829
58200377506,638399297,https://shopee.com.br/product/638399297/58200377506
22594963889,412968566,https://shopee.com.br/product/412968566/22594963889
22094363843,1242213783,https://shopee.com.br/product/1242213783/22094363843
40578231220,1242718651,https://shopee.com.br/product/1242718651/40578231220
6793884951,455834389,https://shopee.com.br/product/455834389/6793884951
40123253984,390327339,https://shopee.com.br/product/390327339/40123253984
58210150495,1788001787,https://shopee.com.br/product/1788001787/58210150495
19569908667,752849300,https://shopee.com.br/product/752849300/19569908667
40307359140,333246733,https://shopee.com.br/product/333246733/40307359140
23793931475,648928964,https://shopee.com.br/product/648928964/23793931475
58256068445,1477305422,https://shopee.com.br/product/1477305422/58256068445
19198886997,404743073,https://shopee.com.br/product/404743073/19198886997
22692988516,1072763470,https://shopee.com.br/product/1072763470/22692988516
47964606624,402598512,https://shopee.com.br/product/402598512/47964606624
23794235296,1075271269,https://shopee.com.br/product/1075271269/23794235296
23892755000,412527932,https://shopee.com.br/product/412527932/23892755000
58260139865,1788001787,https://shopee.com.br/product/1788001787/58260139865
42531534082,316557325,https://shopee.com.br/product/316557325/42531534082
8075794321,455834389,https://shopee.com.br/product/455834389/8075794321
22698008320,1344250083,https://shopee.com.br/product/1344250083/22698008320
58202644897,1612996637,https://shopee.com.br/product/1612996637/58202644897
22695842102,951290141,https://shopee.com.br/product/951290141/22695842102
23398910131,1608053305,https://shopee.com.br/product/1608053305/23398910131
20798025720,373150829,https://shopee.com.br/product/373150829/20798025720
23498180309,680601528,https://shopee.com.br/product/680601528/23498180309
23593341268,1235923910,https://shopee.com.br/product/1235923910/23593341268
29236239240,869809385,https://shopee.com.br/product/869809385/29236239240
23692674103,869809385,https://shopee.com.br/product/869809385/23692674103
22493502488,404743073,https://shopee.com.br/product/404743073/22493502488
23598350835,1242213783,https://shopee.com.br/product/1242213783/23598350835
20098018664,680601528,https://shopee.com.br/product/680601528/20098018664
52810858888,299192732,https://shopee.com.br/product/299192732/52810858888
15201796944,548911108,https://shopee.com.br/product/548911108/15201796944
7694429365,455834389,https://shopee.com.br/product/455834389/7694429365
23799230196,1316611304,https://shopee.com.br/product/1316611304/23799230196
12626747128,455834389,https://shopee.com.br/product/455834389/12626747128
21497493347,281898655,https://shopee.com.br/product/281898655/21497493347
23098525803,1081505086,https://shopee.com.br/product/1081505086/23098525803
22998637461,1242213783,https://shopee.com.br/product/1242213783/22998637461
22898311721,826682830,https://shopee.com.br/product/826682830/22898311721
23794235295,1075271269,https://shopee.com.br/product/1075271269/23794235295
23994136546,442506479,https://shopee.com.br/product/442506479/23994136546
58251061777,1608053305,https://shopee.com.br/product/1608053305/58251061777
19999495499,680601528,https://shopee.com.br/product/680601528/19999495499
23193838344,413680793,https://shopee.com.br/product/413680793/23193838344
22693348672,1072763470,https://shopee.com.br/product/1072763470/22693348672
22697900041,648928964,https://shopee.com.br/product/648928964/22697900041
7794628789,455834389,https://shopee.com.br/product/455834389/7794628789
23527782071,318555124,https://shopee.com.br/product/318555124/23527782071
23096840435,400124163,https://shopee.com.br/product/400124163/23096840435
22092849944,455834389,https://shopee.com.br/product/455834389/22092849944
21598954339,455834389,https://shopee.com.br/product/455834389/21598954339
19099443682,1235923910,https://shopee.com.br/product/1235923910/19099443682
22392642580,1088013647,https://shopee.com.br/product/1088013647/22392642580
22698238868,648928964,https://shopee.com.br/product/648928964/22698238868
42532556319,1177369665,https://shopee.com.br/product/1177369665/42532556319
18963117946,318415041,https://shopee.com.br/product/318415041/18963117946
12131087384,548911108,https://shopee.com.br/product/548911108/12131087384
23394658871,1242213783,https://shopee.com.br/product/1242213783/23394658871
10118946787,356143297,https://shopee.com.br/product/356143297/10118946787
49255526005,869809385,https://shopee.com.br/product/869809385/49255526005
23094208697,1072763470,https://shopee.com.br/product/1072763470/23094208697
16268094829,648928964,https://shopee.com.br/product/648928964/16268094829
46758446244,316557325,https://shopee.com.br/product/316557325/46758446244
23198317153,1462563752,https://shopee.com.br/product/1462563752/23198317153
56904756861,869809385,https://shopee.com.br/product/869809385/56904756861
23428100991,869809385,https://shopee.com.br/product/869809385/23428100991
43380425959,927963980,https://shopee.com.br/product/927963980/43380425959
40480747480,638399297,https://shopee.com.br/product/638399297/40480747480
43972581029,842996464,https://shopee.com.br/product/842996464/43972581029
22799197776,442506479,https://shopee.com.br/product/442506479/22799197776
20998002360,1235923910,https://shopee.com.br/product/1235923910/20998002360
45763232118,1242718651,https://shopee.com.br/product/1242718651/45763232118
22798484030,375188138,https://shopee.com.br/product/375188138/22798484030
23096913980,408653169,https://shopee.com.br/product/408653169/23096913980
23321719942,842996464,https://shopee.com.br/product/842996464/23321719942
23736007464,752849300,https://shopee.com.br/product/752849300/23736007464
57804756803,869809385,https://shopee.com.br/product/869809385/57804756803
4895060989,455834389,https://shopee.com.br/product/455834389/4895060989
11208986758,455834389,https://shopee.com.br/product/455834389/11208986758
58251863127,648928964,https://shopee.com.br/product/648928964/58251863127
10285706764,455834389,https://shopee.com.br/product/455834389/10285706764
44854767379,869809385,https://shopee.com.br/product/869809385/44854767379
51757422485,539054153,https://shopee.com.br/product/539054153/51757422485
9149044508,400124163,https://shopee.com.br/product/400124163/9149044508
57004756795,869809385,https://shopee.com.br/product/869809385/57004756795
18044946167,408128510,https://shopee.com.br/product/408128510/18044946167
21972304565,842996464,https://shopee.com.br/product/842996464/21972304565
22998809097,417707388,https://shopee.com.br/product/417707388/22998809097
22998142764,1235923910,https://shopee.com.br/product/1235923910/22998142764
20199235766,401986069,https://shopee.com.br/product/401986069/20199235766
11254329008,455834389,https://shopee.com.br/product/455834389/11254329008
4677559987,373594761,https://shopee.com.br/product/373594761/4677559987
19498021287,442913304,https://shopee.com.br/product/442913304/19498021287
22792573525,375188138,https://shopee.com.br/product/375188138/22792573525
19599371652,406699478,https://shopee.com.br/product/406699478/19599371652
18799327508,389266749,https://shopee.com.br/product/389266749/18799327508
22322544812,842996464,https://shopee.com.br/product/842996464/22322544812
41921035805,1507942655,https://shopee.com.br/product/1507942655/41921035805
20597751537,752849300,https://shopee.com.br/product/752849300/20597751537
2968262970,455834389,https://shopee.com.br/product/455834389/2968262970
12331226747,548911108,https://shopee.com.br/product/548911108/12331226747
49164147947,1177369665,https://shopee.com.br/product/1177369665/49164147947
54208131727,1177369665,https://shopee.com.br/product/1177369665/54208131727
21199858747,1242213783,https://shopee.com.br/product/1242213783/21199858747
23298347550,1242213783,https://shopee.com.br/product/1242213783/23298347550
58202088478,1316611304,https://shopee.com.br/product/1316611304/58202088478
21499672977,347781606,https://shopee.com.br/product/347781606/21499672977
20897453701,404743073,https://shopee.com.br/product/404743073/20897453701
23599153357,1251967897,https://shopee.com.br/product/1251967897/23599153357
27485461363,572649927,https://shopee.com.br/product/572649927/27485461363
22597304109,750964153,https://shopee.com.br/product/750964153/22597304109
19798202422,349137150,https://shopee.com.br/product/349137150/19798202422
10920152866,455834389,https://shopee.com.br/product/455834389/10920152866
57610304673,637480448,https://shopee.com.br/product/637480448/57610304673
23994287211,1081505086,https://shopee.com.br/product/1081505086/23994287211
57154750620,436723291,https://shopee.com.br/product/436723291/57154750620
23497064581,375188138,https://shopee.com.br/product/375188138/23497064581
23698028729,822103155,https://shopee.com.br/product/822103155/23698028729
22598923633,1541325700,https://shopee.com.br/product/1541325700/22598923633
22292885614,1107280577,https://shopee.com.br/product/1107280577/22292885614
19897680723,1106021667,https://shopee.com.br/product/1106021667/19897680723
58257606786,1082747237,https://shopee.com.br/product/1082747237/58257606786
18999613623,1316611304,https://shopee.com.br/product/1316611304/18999613623
22198253311,648928964,https://shopee.com.br/product/648928964/22198253311
50508027234,826682830,https://shopee.com.br/product/826682830/50508027234
22824957607,842996464,https://shopee.com.br/product/842996464/22824957607
26026300059,436723291,https://shopee.com.br/product/436723291/26026300059
58251881467,1316611304,https://shopee.com.br/product/1316611304/58251881467
12111080343,455834389,https://shopee.com.br/product/455834389/12111080343
23297540288,375188138,https://shopee.com.br/product/375188138/23297540288
3597190123,455834389,https://shopee.com.br/product/455834389/3597190123
6457252508,322399178,https://shopee.com.br/product/322399178/6457252508
21199253685,1107280577,https://shopee.com.br/product/1107280577/21199253685
11308261616,455834389,https://shopee.com.br/product/455834389/11308261616
18399186519,455834389,https://shopee.com.br/product/455834389/18399186519
58212712600,854082976,https://shopee.com.br/product/854082976/58212712600
9278028360,455834389,https://shopee.com.br/product/455834389/9278028360
23691524967,548911108,https://shopee.com.br/product/548911108/23691524967
23993942868,1235923910,https://shopee.com.br/product/1235923910/23993942868
14659909806,674110767,https://shopee.com.br/product/674110767/14659909806
18699888121,316877265,https://shopee.com.br/product/316877265/18699888121
23309398185,376053737,https://shopee.com.br/product/376053737/23309398185
55057950913,534109767,https://shopee.com.br/product/534109767/55057950913
26031976241,572649927,https://shopee.com.br/product/572649927/26031976241
22491090208,334741920,https://shopee.com.br/product/334741920/22491090208
8877568111,455834389,https://shopee.com.br/product/455834389/8877568111
23997294065,648928964,https://shopee.com.br/product/648928964/23997294065
19199367566,1314243679,https://shopee.com.br/product/1314243679/19199367566
58204734772,1106021667,https://shopee.com.br/product/1106021667/58204734772
23697552969,984366979,https://shopee.com.br/product/984366979/23697552969
8580234010,455834389,https://shopee.com.br/product/455834389/8580234010
40628049756,869809385,https://shopee.com.br/product/869809385/40628049756
23193507307,1235923910,https://shopee.com.br/product/1235923910/23193507307
20272128508,842996464,https://shopee.com.br/product/842996464/20272128508
23823946334,842996464,https://shopee.com.br/product/842996464/23823946334
13795479802,810071078,https://shopee.com.br/product/810071078/13795479802
58201879403,1316611304,https://shopee.com.br/product/1316611304/58201879403
40628049770,869809385,https://shopee.com.br/product/869809385/40628049770
58215727323,1333507062,https://shopee.com.br/product/1333507062/58215727323
23892674446,375188138,https://shopee.com.br/product/375188138/23892674446
18899182121,1072763470,https://shopee.com.br/product/1072763470/18899182121
49362783233,638399297,https://shopee.com.br/product/638399297/49362783233
43919258928,674110767,https://shopee.com.br/product/674110767/43919258928
19499201395,1097902002,https://shopee.com.br/product/1097902002/19499201395
58215736155,1333507062,https://shopee.com.br/product/1333507062/58215736155
20299601507,1462563752,https://shopee.com.br/product/1462563752/20299601507
23793110406,412527932,https://shopee.com.br/product/412527932/23793110406
27681778603,299192732,https://shopee.com.br/product/299192732/27681778603
23998127253,1235923910,https://shopee.com.br/product/1235923910/23998127253
18199601897,1316611304,https://shopee.com.br/product/1316611304/18199601897
43413835393,442913304,https://shopee.com.br/product/442913304/43413835393
19197516162,1050213612,https://shopee.com.br/product/1050213612/19197516162
18199330886,375188138,https://shopee.com.br/product/375188138/18199330886
58208571280,648928964,https://shopee.com.br/product/648928964/58208571280
58204257971,1608971773,https://shopee.com.br/product/1608971773/58204257971
23598432845,648928964,https://shopee.com.br/product/648928964/23598432845
19596856042,408653169,https://shopee.com.br/product/408653169/19596856042
22994517098,404743073,https://shopee.com.br/product/404743073/22994517098
22994268428,1097902002,https://shopee.com.br/product/1097902002/22994268428
20398690399,334741920,https://shopee.com.br/product/334741920/20398690399
23398933987,1242213783,https://shopee.com.br/product/1242213783/23398933987
19799894120,1242213783,https://shopee.com.br/product/1242213783/19799894120
58200943284,1558905959,https://shopee.com.br/product/1558905959/58200943284
19397983508,1402904120,https://shopee.com.br/product/1402904120/19397983508
22597296304,1097902002,https://shopee.com.br/product/1097902002/22597296304
44151161971,436723291,https://shopee.com.br/product/436723291/44151161971
51857113627,572649927,https://shopee.com.br/product/572649927/51857113627
23898431480,1075271269,https://shopee.com.br/product/1075271269/23898431480
23993412133,680601528,https://shopee.com.br/product/680601528/23993412133
23997689315,530578890,https://shopee.com.br/product/530578890/23997689315
22194774904,1316611304,https://shopee.com.br/product/1316611304/22194774904
22597988475,404743073,https://shopee.com.br/product/404743073/22597988475
22994065024,1235923910,https://shopee.com.br/product/1235923910/22994065024
10154689075,341754426,https://shopee.com.br/product/341754426/10154689075
22794152778,1242213783,https://shopee.com.br/product/1242213783/22794152778
54705502211,869809385,https://shopee.com.br/product/869809385/54705502211
26294134849,869809385,https://shopee.com.br/product/869809385/26294134849
18799685774,1072763470,https://shopee.com.br/product/1072763470/18799685774
23397727364,1235923910,https://shopee.com.br/product/1235923910/23397727364
22491290166,816806234,https://shopee.com.br/product/816806234/22491290166
18997871215,1235923910,https://shopee.com.br/product/1235923910/18997871215
58254791187,548911108,https://shopee.com.br/product/548911108/58254791187
23893714749,1242213783,https://shopee.com.br/product/1242213783/23893714749
23094653996,413680793,https://shopee.com.br/product/413680793/23094653996
19797746648,400124163,https://shopee.com.br/product/400124163/19797746648
23098142880,1235923910,https://shopee.com.br/product/1235923910/23098142880
58261596244,1645864320,https://shopee.com.br/product/1645864320/58261596244
58200969045,721033344,https://shopee.com.br/product/721033344/58200969045
22793915941,648928964,https://shopee.com.br/product/648928964/22793915941
20299031996,404743073,https://shopee.com.br/product/404743073/20299031996
22993566424,530578890,https://shopee.com.br/product/530578890/22993566424
19897919244,402450553,https://shopee.com.br/product/402450553/19897919244
58201434389,1654079737,https://shopee.com.br/product/1654079737/58201434389
10994923307,752849300,https://shopee.com.br/product/752849300/10994923307
21297973852,386620566,https://shopee.com.br/product/386620566/21297973852
47050847557,869809385,https://shopee.com.br/product/869809385/47050847557
22992488311,310274254,https://shopee.com.br/product/310274254/22992488311
23199347208,404743073,https://shopee.com.br/product/404743073/23199347208
22998142797,1235923910,https://shopee.com.br/product/1235923910/22998142797
58255388906,1608053305,https://shopee.com.br/product/1608053305/58255388906
20699384069,869809385,https://shopee.com.br/product/869809385/20699384069
22498566084,1235923910,https://shopee.com.br/product/1235923910/22498566084
58201034355,1608053305,https://shopee.com.br/product/1608053305/58201034355
54555505351,869809385,https://shopee.com.br/product/869809385/54555505351
22698348174,401986069,https://shopee.com.br/product/401986069/22698348174
20999666233,347781606,https://shopee.com.br/product/347781606/20999666233
11698346831,386114683,https://shopee.com.br/product/386114683/11698346831
58207695812,1720972248,https://shopee.com.br/product/1720972248/58207695812
21299500423,680601528,https://shopee.com.br/product/680601528/21299500423
23097155946,323288678,https://shopee.com.br/product/323288678/23097155946
55717233356,927963980,https://shopee.com.br/product/927963980/55717233356
43531911126,775496126,https://shopee.com.br/product/775496126/43531911126
23794659041,286347381,https://shopee.com.br/product/286347381/23794659041
23992924417,400124163,https://shopee.com.br/product/400124163/23992924417
58206082612,1477305422,https://shopee.com.br/product/1477305422/58206082612
10994823076,704493455,https://shopee.com.br/product/704493455/10994823076
54855497032,869809385,https://shopee.com.br/product/869809385/54855497032
22399030990,680601528,https://shopee.com.br/product/680601528/22399030990
22998142769,1235923910,https://shopee.com.br/product/1235923910/22998142769
21398694775,522316174,https://shopee.com.br/product/522316174/21398694775
54755498250,869809385,https://shopee.com.br/product/869809385/54755498250
19197788717,400124163,https://shopee.com.br/product/400124163/19197788717
23398201128,869809385,https://shopee.com.br/product/869809385/23398201128
22398410433,1075271269,https://shopee.com.br/product/1075271269/22398410433
46757388595,1246535200,https://shopee.com.br/product/1246535200/46757388595
23891111308,719930213,https://shopee.com.br/product/719930213/23891111308
22693957077,648928964,https://shopee.com.br/product/648928964/22693957077
18297751946,412527932,https://shopee.com.br/product/412527932/18297751946
53955853202,842996464,https://shopee.com.br/product/842996464/53955853202
58210389841,965617276,https://shopee.com.br/product/965617276/58210389841
21973546825,842996464,https://shopee.com.br/product/842996464/21973546825
22897295428,400124163,https://shopee.com.br/product/400124163/22897295428
23793006777,822103155,https://shopee.com.br/product/822103155/23793006777
19599895642,1242213783,https://shopee.com.br/product/1242213783/19599895642
8823662777,312703265,https://shopee.com.br/product/312703265/8823662777
22093669716,1235923910,https://shopee.com.br/product/1235923910/22093669716
22897923893,680601528,https://shopee.com.br/product/680601528/22897923893
22898143009,1235923910,https://shopee.com.br/product/1235923910/22898143009
23698465024,1477305422,https://shopee.com.br/product/1477305422/23698465024
8715553035,386620566,https://shopee.com.br/product/386620566/8715553035
18897929432,680601528,https://shopee.com.br/product/680601528/18897929432
23293610188,648928964,https://shopee.com.br/product/648928964/23293610188
22694748192,1316611304,https://shopee.com.br/product/1316611304/22694748192
22893653004,548911108,https://shopee.com.br/product/548911108/22893653004
8815552946,386620566,https://shopee.com.br/product/386620566/8815552946
22899415488,826682830,https://shopee.com.br/product/826682830/22899415488
22497253726,1060724397,https://shopee.com.br/product/1060724397/22497253726
20097795284,1235923910,https://shopee.com.br/product/1235923910/20097795284
58259774104,1083800536,https://shopee.com.br/product/1083800536/58259774104
21998186707,1235923910,https://shopee.com.br/product/1235923910/21998186707
58205685853,1608053305,https://shopee.com.br/product/1608053305/58205685853
15201798074,548911108,https://shopee.com.br/product/548911108/15201798074
52555493286,869809385,https://shopee.com.br/product/869809385/52555493286
48861374828,408653169,https://shopee.com.br/product/408653169/48861374828
21399197430,869809385,https://shopee.com.br/product/869809385/21399197430
19497685762,375188138,https://shopee.com.br/product/375188138/19497685762
22296311672,356143297,https://shopee.com.br/product/356143297/22296311672
28735459741,869809385,https://shopee.com.br/product/869809385/28735459741
44554772437,869809385,https://shopee.com.br/product/869809385/44554772437
41582604654,1051446617,https://shopee.com.br/product/1051446617/41582604654
58250947307,1558905959,https://shopee.com.br/product/1558905959/58250947307
23398910144,1608053305,https://shopee.com.br/product/1608053305/23398910144
23299466904,826682830,https://shopee.com.br/product/826682830/23299466904
23799306807,648928964,https://shopee.com.br/product/648928964/23799306807
50650794755,1507942655,https://shopee.com.br/product/1507942655/50650794755
55860862975,299192732,https://shopee.com.br/product/299192732/55860862975
22594691765,822103155,https://shopee.com.br/product/822103155/22594691765
18320013785,333246733,https://shopee.com.br/product/333246733/18320013785
6177525061,373594761,https://shopee.com.br/product/373594761/6177525061
20899651314,1242213783,https://shopee.com.br/product/1242213783/20899651314
22793072009,951290141,https://shopee.com.br/product/951290141/22793072009
17492538051,842996464,https://shopee.com.br/product/842996464/17492538051
23599136550,1583442620,https://shopee.com.br/product/1583442620/23599136550
58211153802,1033307532,https://shopee.com.br/product/1033307532/58211153802
40152984934,1088013647,https://shopee.com.br/product/1088013647/40152984934
58250746231,648928964,https://shopee.com.br/product/648928964/58250746231
22297604683,404743073,https://shopee.com.br/product/404743073/22297604683
24268724260,236693054,https://shopee.com.br/product/236693054/24268724260
22792142978,349137150,https://shopee.com.br/product/349137150/22792142978
23897958517,318555124,https://shopee.com.br/product/318555124/23897958517
22994056585,952014476,https://shopee.com.br/product/952014476/22994056585
58251291441,443109642,https://shopee.com.br/product/443109642/58251291441
22724053846,842996464,https://shopee.com.br/product/842996464/22724053846
58267274323,1097902002,https://shopee.com.br/product/1097902002/58267274323
22898572536,455103761,https://shopee.com.br/product/455103761/22898572536
23394040385,704493455,https://shopee.com.br/product/704493455/23394040385
22395668460,752849300,https://shopee.com.br/product/752849300/22395668460
22293802020,680601528,https://shopee.com.br/product/680601528/22293802020
22893947546,638399297,https://shopee.com.br/product/638399297/22893947546
20897869599,404743073,https://shopee.com.br/product/404743073/20897869599
58252932709,404743073,https://shopee.com.br/product/404743073/58252932709
23993008490,400124163,https://shopee.com.br/product/400124163/23993008490
21699575559,1235923910,https://shopee.com.br/product/1235923910/21699575559
19459400574,359066629,https://shopee.com.br/product/359066629/19459400574
22392598597,1106802794,https://shopee.com.br/product/1106802794/22392598597
22697721060,1235923910,https://shopee.com.br/product/1235923910/22697721060
22994379684,1229255557,https://shopee.com.br/product/1229255557/22994379684
23497278811,648928964,https://shopee.com.br/product/648928964/23497278811
22093503283,1302727497,https://shopee.com.br/product/1302727497/22093503283
22593286002,775496126,https://shopee.com.br/product/775496126/22593286002
11357213109,357239640,https://shopee.com.br/product/357239640/11357213109
48056469129,373594761,https://shopee.com.br/product/373594761/48056469129
23199563569,1430626556,https://shopee.com.br/product/1430626556/23199563569
23998795595,417707388,https://shopee.com.br/product/417707388/23998795595
23093576215,1051446617,https://shopee.com.br/product/1051446617/23093576215
47954762927,869809385,https://shopee.com.br/product/869809385/47954762927
49162783294,638399297,https://shopee.com.br/product/638399297/49162783294
58200076943,1477305422,https://shopee.com.br/product/1477305422/58200076943
22199485806,822103155,https://shopee.com.br/product/822103155/22199485806
23198395682,1088013647,https://shopee.com.br/product/1088013647/23198395682
10725889454,312703265,https://shopee.com.br/product/312703265/10725889454
9955238200,359066629,https://shopee.com.br/product/359066629/9955238200
18298496929,371036439,https://shopee.com.br/product/371036439/18298496929
47706143565,318555124,https://shopee.com.br/product/318555124/47706143565
22998925603,412527932,https://shopee.com.br/product/412527932/22998925603
55753477381,373594761,https://shopee.com.br/product/373594761/55753477381
58205395774,1608053305,https://shopee.com.br/product/1608053305/58205395774
23498393744,1072763470,https://shopee.com.br/product/1072763470/23498393744
22399129573,1107280577,https://shopee.com.br/product/1107280577/22399129573
23493967115,1500637302,https://shopee.com.br/product/1500637302/23493967115
22993409320,530578890,https://shopee.com.br/product/530578890/22993409320
53761159120,791969908,https://shopee.com.br/product/791969908/53761159120
19997612411,1097902002,https://shopee.com.br/product/1097902002/19997612411
18399555274,1378174009,https://shopee.com.br/product/1378174009/18399555274
52908087500,826682830,https://shopee.com.br/product/826682830/52908087500
23697602126,412527932,https://shopee.com.br/product/412527932/23697602126
47554762842,869809385,https://shopee.com.br/product/869809385/47554762842
19399094602,869809385,https://shopee.com.br/product/869809385/19399094602
19399759283,1235923910,https://shopee.com.br/product/1235923910/19399759283
15784582883,752849300,https://shopee.com.br/product/752849300/15784582883
18398321616,1583442620,https://shopee.com.br/product/1583442620/18398321616
23396785324,413680793,https://shopee.com.br/product/413680793/23396785324
18599771565,455103761,https://shopee.com.br/product/455103761/18599771565
58263933097,1561205436,https://shopee.com.br/product/1561205436/58263933097
23925066516,842996464,https://shopee.com.br/product/842996464/23925066516
27280323485,869809385,https://shopee.com.br/product/869809385/27280323485
21496890654,752849300,https://shopee.com.br/product/752849300/21496890654
20698102789,1075271269,https://shopee.com.br/product/1075271269/20698102789
23999112322,404743073,https://shopee.com.br/product/404743073/23999112322
3977637988,373594761,https://shopee.com.br/product/373594761/3977637988
23697649192,1075271269,https://shopee.com.br/product/1075271269/23697649192
47159456225,1246535200,https://shopee.com.br/product/1246535200/47159456225
23296119728,402076848,https://shopee.com.br/product/402076848/23296119728
22491599051,349137150,https://shopee.com.br/product/349137150/22491599051
22398563249,1235923910,https://shopee.com.br/product/1235923910/22398563249
48860210113,341754426,https://shopee.com.br/product/341754426/48860210113
21099832289,316877265,https://shopee.com.br/product/316877265/21099832289
23892992980,648928964,https://shopee.com.br/product/648928964/23892992980
19999262204,375188138,https://shopee.com.br/product/375188138/19999262204
21397640754,272868574,https://shopee.com.br/product/272868574/21397640754
23992012130,916765392,https://shopee.com.br/product/916765392/23992012130
23693199433,758962502,https://shopee.com.br/product/758962502/23693199433
20972085450,842996464,https://shopee.com.br/product/842996464/20972085450
23599327134,810071078,https://shopee.com.br/product/810071078/23599327134
45214710497,1507942655,https://shopee.com.br/product/1507942655/45214710497
23892671810,1088013647,https://shopee.com.br/product/1088013647/23892671810
58015612493,721033344,https://shopee.com.br/product/721033344/58015612493
53465780348,402598512,https://shopee.com.br/product/402598512/53465780348
20298028290,1462563752,https://shopee.com.br/product/1462563752/20298028290
22295808313,752849300,https://shopee.com.br/product/752849300/22295808313
23498479211,822103155,https://shopee.com.br/product/822103155/23498479211
43726307746,1088013647,https://shopee.com.br/product/1088013647/43726307746
18797740674,1235923910,https://shopee.com.br/product/1235923910/18797740674
16166139492,359066629,https://shopee.com.br/product/359066629/16166139492
8091841443,408128510,https://shopee.com.br/product/408128510/8091841443
18499695961,1235923910,https://shopee.com.br/product/1235923910/18499695961
23425037096,842996464,https://shopee.com.br/product/842996464/23425037096
54054963369,951290141,https://shopee.com.br/product/951290141/54054963369
22496743578,404743073,https://shopee.com.br/product/404743073/22496743578
18099586363,719930213,https://shopee.com.br/product/719930213/18099586363
23694413482,1608053305,https://shopee.com.br/product/1608053305/23694413482
43203396340,428173977,https://shopee.com.br/product/428173977/43203396340
19197138156,400124163,https://shopee.com.br/product/400124163/19197138156
17124668912,704493455,https://shopee.com.br/product/704493455/17124668912
18998647914,313968882,https://shopee.com.br/product/313968882/18998647914
23396982297,752849300,https://shopee.com.br/product/752849300/23396982297
55504783900,1384728500,https://shopee.com.br/product/1384728500/55504783900
19096856086,408653169,https://shopee.com.br/product/408653169/19096856086
44654982442,1242718651,https://shopee.com.br/product/1242718651/44654982442
22393850605,548911108,https://shopee.com.br/product/548911108/22393850605
58215727813,1333507062,https://shopee.com.br/product/1333507062/58215727813
58207756893,719930213,https://shopee.com.br/product/719930213/58207756893
18900827318,752849300,https://shopee.com.br/product/752849300/18900827318
57956746757,341754426,https://shopee.com.br/product/341754426/57956746757
58256631952,1608053305,https://shopee.com.br/product/1608053305/58256631952
22695639757,341754426,https://shopee.com.br/product/341754426/22695639757
18097875408,1246535200,https://shopee.com.br/product/1246535200/18097875408
22398558023,1235923910,https://shopee.com.br/product/1235923910/22398558023
23193646186,1235923910,https://shopee.com.br/product/1235923910/23193646186
11338104303,359066629,https://shopee.com.br/product/359066629/11338104303
22299549457,1388709282,https://shopee.com.br/product/1388709282/22299549457
58201953301,1617519379,https://shopee.com.br/product/1617519379/58201953301
23798396568,648928964,https://shopee.com.br/product/648928964/23798396568
40619464546,359066629,https://shopee.com.br/product/359066629/40619464546
23798746413,359066629,https://shopee.com.br/product/359066629/23798746413
50164655116,534109767,https://shopee.com.br/product/534109767/50164655116
18297635612,356143297,https://shopee.com.br/product/356143297/18297635612
56508353711,373594761,https://shopee.com.br/product/373594761/56508353711
21063109110,318415041,https://shopee.com.br/product/318415041/21063109110
15177034765,359066629,https://shopee.com.br/product/359066629/15177034765
23194145953,1242213783,https://shopee.com.br/product/1242213783/23194145953
20799258044,404743073,https://shopee.com.br/product/404743073/20799258044
23393279774,648928964,https://shopee.com.br/product/648928964/23393279774
8214922988,386114683,https://shopee.com.br/product/386114683/8214922988
22793957269,1079030436,https://shopee.com.br/product/1079030436/22793957269
46610379695,1296760327,https://shopee.com.br/product/1296760327/46610379695
18498350758,874507048,https://shopee.com.br/product/874507048/18498350758
22595786931,816806234,https://shopee.com.br/product/816806234/22595786931
41121435100,572649927,https://shopee.com.br/product/572649927/41121435100
22598544648,1235923910,https://shopee.com.br/product/1235923910/22598544648
17011381128,436723291,https://shopee.com.br/product/436723291/17011381128
10638962767,359066629,https://shopee.com.br/product/359066629/10638962767
22997739124,1302727497,https://shopee.com.br/product/1302727497/22997739124
22837709364,400124163,https://shopee.com.br/product/400124163/22837709364
22692598614,1106802794,https://shopee.com.br/product/1106802794/22692598614
19297686384,1050213612,https://shopee.com.br/product/1050213612/19297686384
49851923158,402076848,https://shopee.com.br/product/402076848/49851923158
6477558010,373594761,https://shopee.com.br/product/373594761/6477558010
22127791862,318555124,https://shopee.com.br/product/318555124/22127791862
22598316500,826682830,https://shopee.com.br/product/826682830/22598316500
4677416988,373594761,https://shopee.com.br/product/373594761/4677416988
22298689438,1553092714,https://shopee.com.br/product/1553092714/22298689438
22102352832,842996464,https://shopee.com.br/product/842996464/22102352832
22694294408,1050213612,https://shopee.com.br/product/1050213612/22694294408
58253127902,1075271269,https://shopee.com.br/product/1075271269/58253127902
22297551129,1220316212,https://shopee.com.br/product/1220316212/22297551129
19399322839,412527932,https://shopee.com.br/product/412527932/19399322839
3017032402,400124163,https://shopee.com.br/product/400124163/3017032402
58205685544,1473114980,https://shopee.com.br/product/1473114980/58205685544
23197988430,404743073,https://shopee.com.br/product/404743073/23197988430
22292246945,404743073,https://shopee.com.br/product/404743073/22292246945
43318208848,236693054,https://shopee.com.br/product/236693054/43318208848
58208295156,648928964,https://shopee.com.br/product/648928964/58208295156
22794027705,1081505086,https://shopee.com.br/product/1081505086/22794027705
19299847958,455103761,https://shopee.com.br/product/455103761/19299847958
46754376101,682804575,https://shopee.com.br/product/682804575/46754376101
15201798898,548911108,https://shopee.com.br/product/548911108/15201798898
21297684801,916172870,https://shopee.com.br/product/916172870/21297684801
23898938158,1583442620,https://shopee.com.br/product/1583442620/23898938158
10537201740,359066629,https://shopee.com.br/product/359066629/10537201740
8155894390,359066629,https://shopee.com.br/product/359066629/8155894390
21697475536,1106802794,https://shopee.com.br/product/1106802794/21697475536
58265319931,1220316212,https://shopee.com.br/product/1220316212/58265319931
58251821758,395742608,https://shopee.com.br/product/395742608/58251821758
22793975217,1081505086,https://shopee.com.br/product/1081505086/22793975217
20162891938,810071078,https://shopee.com.br/product/810071078/20162891938
4377537893,373594761,https://shopee.com.br/product/373594761/4377537893
58200615397,1654079737,https://shopee.com.br/product/1654079737/58200615397
58211620898,952014476,https://shopee.com.br/product/952014476/58211620898
46162761121,455103761,https://shopee.com.br/product/455103761/46162761121
18459172326,648928964,https://shopee.com.br/product/648928964/18459172326
23892731667,648928964,https://shopee.com.br/product/648928964/23892731667
23698660685,404743073,https://shopee.com.br/product/404743073/23698660685
23598648708,548911108,https://shopee.com.br/product/548911108/23598648708
23594675452,1314243679,https://shopee.com.br/product/1314243679/23594675452
58211648745,1083800536,https://shopee.com.br/product/1083800536/58211648745
23693927365,789777799,https://shopee.com.br/product/789777799/23693927365
23593479177,318555124,https://shopee.com.br/product/318555124/23593479177
23997593322,648928964,https://shopee.com.br/product/648928964/23997593322
18798192427,1081505086,https://shopee.com.br/product/1081505086/18798192427
45006139181,373594761,https://shopee.com.br/product/373594761/45006139181
22394199852,1362877346,https://shopee.com.br/product/1362877346/22394199852
23291345538,951290141,https://shopee.com.br/product/951290141/23291345538
51657287659,1507942655,https://shopee.com.br/product/1507942655/51657287659
22793842762,1388709282,https://shopee.com.br/product/1388709282/22793842762
7789613327,359066629,https://shopee.com.br/product/359066629/7789613327
23693667179,443783188,https://shopee.com.br/product/443783188/23693667179
23896493046,359066629,https://shopee.com.br/product/359066629/23896493046
23091260828,389266749,https://shopee.com.br/product/389266749/23091260828
58256076256,412968566,https://shopee.com.br/product/412968566/58256076256
58254970859,412968566,https://shopee.com.br/product/412968566/58254970859
55660729206,359066629,https://shopee.com.br/product/359066629/55660729206
19198277420,1500637302,https://shopee.com.br/product/1500637302/19198277420
49712019359,316557325,https://shopee.com.br/product/316557325/49712019359
23992824399,719930213,https://shopee.com.br/product/719930213/23992824399
58251877502,1316611304,https://shopee.com.br/product/1316611304/58251877502
23322561635,842996464,https://shopee.com.br/product/842996464/23322561635
22898642717,1242213783,https://shopee.com.br/product/1242213783/22898642717
18998647906,313968882,https://shopee.com.br/product/313968882/18998647906
58256604277,680601528,https://shopee.com.br/product/680601528/58256604277
18499919155,1583442620,https://shopee.com.br/product/1583442620/18499919155
21099888692,316877265,https://shopee.com.br/product/316877265/21099888692
23393702917,1362877346,https://shopee.com.br/product/1362877346/23393702917
10438894218,359066629,https://shopee.com.br/product/359066629/10438894218
22893947568,638399297,https://shopee.com.br/product/638399297/22893947568
23296834681,334741920,https://shopee.com.br/product/334741920/23296834681
58207286248,789777799,https://shopee.com.br/product/789777799/58207286248
19299704356,638399297,https://shopee.com.br/product/638399297/19299704356
22998955360,1630032069,https://shopee.com.br/product/1630032069/22998955360
58216539850,1220316212,https://shopee.com.br/product/1220316212/58216539850
13896617729,867958784,https://shopee.com.br/product/867958784/13896617729
52855584612,373594761,https://shopee.com.br/product/373594761/52855584612
23297605965,412527932,https://shopee.com.br/product/412527932/23297605965
23098681412,1553092714,https://shopee.com.br/product/1553092714/23098681412
22593071882,916172870,https://shopee.com.br/product/916172870/22593071882
21998261630,1242213783,https://shopee.com.br/product/1242213783/21998261630
19799358298,1088013647,https://shopee.com.br/product/1088013647/19799358298
20399335151,687950391,https://shopee.com.br/product/687950391/20399335151
22194516417,1561205436,https://shopee.com.br/product/1561205436/22194516417
20232656813,400124163,https://shopee.com.br/product/400124163/20232656813
22798750993,359066629,https://shopee.com.br/product/359066629/22798750993
21699262367,375188138,https://shopee.com.br/product/375188138/21699262367
47510822954,790605924,https://shopee.com.br/product/790605924/47510822954
52362680736,951290141,https://shopee.com.br/product/951290141/52362680736
23794235267,1075271269,https://shopee.com.br/product/1075271269/23794235267
23997738316,648928964,https://shopee.com.br/product/648928964/23997738316
40011288189,428173977,https://shopee.com.br/product/428173977/40011288189
22292031351,359066629,https://shopee.com.br/product/359066629/22292031351
58259774109,1083800536,https://shopee.com.br/product/1083800536/58259774109
22697767793,1316611304,https://shopee.com.br/product/1316611304/22697767793
19598201856,952014476,https://shopee.com.br/product/952014476/19598201856
22394334088,1477305422,https://shopee.com.br/product/1477305422/22394334088
23197676830,442506479,https://shopee.com.br/product/442506479/23197676830
58213792361,826682830,https://shopee.com.br/product/826682830/58213792361
58212546956,1561205436,https://shopee.com.br/product/1561205436/58212546956
53114828417,281898655,https://shopee.com.br/product/281898655/53114828417
23892580472,272868574,https://shopee.com.br/product/272868574/23892580472
45009403092,1029852536,https://shopee.com.br/product/1029852536/45009403092
22794247769,1553092714,https://shopee.com.br/product/1553092714/22794247769
58210086267,286347381,https://shopee.com.br/product/286347381/58210086267
22793477662,318555124,https://shopee.com.br/product/318555124/22793477662
22593969875,1477305422,https://shopee.com.br/product/1477305422/22593969875
16292509480,842996464,https://shopee.com.br/product/842996464/16292509480
58210095908,1645864320,https://shopee.com.br/product/1645864320/58210095908
23898938164,1583442620,https://shopee.com.br/product/1583442620/23898938164
51157816124,775496126,https://shopee.com.br/product/775496126/51157816124
23198819180,648928964,https://shopee.com.br/product/648928964/23198819180
22898221029,648928964,https://shopee.com.br/product/648928964/22898221029
23693532226,822103155,https://shopee.com.br/product/822103155/23693532226
43851251137,333246733,https://shopee.com.br/product/333246733/43851251137
22193191243,357239640,https://shopee.com.br/product/357239640/22193191243
58213318448,1553092714,https://shopee.com.br/product/1553092714/58213318448
8427720685,365257077,https://shopee.com.br/product/365257077/8427720685
42506750492,373594761,https://shopee.com.br/product/373594761/42506750492
20397499746,867958784,https://shopee.com.br/product/867958784/20397499746
47600394692,528273775,https://shopee.com.br/product/528273775/47600394692
23598843490,1242213783,https://shopee.com.br/product/1242213783/23598843490
23994345134,1242213783,https://shopee.com.br/product/1242213783/23994345134
23494860016,427153374,https://shopee.com.br/product/427153374/23494860016
58201012740,1608053305,https://shopee.com.br/product/1608053305/58201012740
23594031648,889942432,https://shopee.com.br/product/889942432/23594031648
22598648688,1242213783,https://shopee.com.br/product/1242213783/22598648688
23294168114,1553092714,https://shopee.com.br/product/1553092714/23294168114
58262358947,412968566,https://shopee.com.br/product/412968566/58262358947
22592598490,1106802794,https://shopee.com.br/product/1106802794/22592598490
20873438180,842996464,https://shopee.com.br/product/842996464/20873438180
23793231151,648928964,https://shopee.com.br/product/648928964/23793231151
19198955627,400124163,https://shopee.com.br/product/400124163/19198955627
19697461197,400124163,https://shopee.com.br/product/400124163/19697461197
22898229808,408653169,https://shopee.com.br/product/408653169/22898229808
46709788572,406894684,https://shopee.com.br/product/406894684/46709788572
23892674531,375188138,https://shopee.com.br/product/375188138/23892674531
41817315852,844004880,https://shopee.com.br/product/844004880/41817315852
19664197747,371036439,https://shopee.com.br/product/371036439/19664197747
26093808951,528273775,https://shopee.com.br/product/528273775/26093808951
42730143192,1371792496,https://shopee.com.br/product/1371792496/42730143192
23098481241,889942432,https://shopee.com.br/product/889942432/23098481241
21397657493,973004594,https://shopee.com.br/product/973004594/21397657493
22798461974,1477305422,https://shopee.com.br/product/1477305422/22798461974
22298864795,1477305422,https://shopee.com.br/product/1477305422/22298864795
22998824735,1229255557,https://shopee.com.br/product/1229255557/22998824735
22498289031,402450553,https://shopee.com.br/product/402450553/22498289031
18598032029,1243712796,https://shopee.com.br/product/1243712796/18598032029
21897495436,1088013647,https://shopee.com.br/product/1088013647/21897495436
23293983770,1404803902,https://shopee.com.br/product/1404803902/23293983770
21099296982,842996464,https://shopee.com.br/product/842996464/21099296982
22797090598,1106802794,https://shopee.com.br/product/1106802794/22797090598
23293263496,333246733,https://shopee.com.br/product/333246733/23293263496
41028698119,1177369665,https://shopee.com.br/product/1177369665/41028698119
22798235945,1050213612,https://shopee.com.br/product/1050213612/22798235945
58253143886,1670290083,https://shopee.com.br/product/1670290083/58253143886
41603010320,400124163,https://shopee.com.br/product/400124163/41603010320
21041541257,687950391,https://shopee.com.br/product/687950391/21041541257
23492881185,504745949,https://shopee.com.br/product/504745949/23492881185
47811554230,436723291,https://shopee.com.br/product/436723291/47811554230
46257047865,1507942655,https://shopee.com.br/product/1507942655/46257047865
23794008439,648928964,https://shopee.com.br/product/648928964/23794008439
27394348402,1494297971,https://shopee.com.br/product/1494297971/27394348402
29967353375,428173977,https://shopee.com.br/product/428173977/29967353375
44951928077,402076848,https://shopee.com.br/product/402076848/44951928077
22197551913,375188138,https://shopee.com.br/product/375188138/22197551913
58262033041,316070154,https://shopee.com.br/product/316070154/58262033041
22293712555,874507048,https://shopee.com.br/product/874507048/22293712555
23519102668,359066629,https://shopee.com.br/product/359066629/23519102668
23698465265,1477305422,https://shopee.com.br/product/1477305422/23698465265
22593916171,867958784,https://shopee.com.br/product/867958784/22593916171
23692649809,816806234,https://shopee.com.br/product/816806234/23692649809
23291695974,522316174,https://shopee.com.br/product/522316174/23291695974
23993470400,404743073,https://shopee.com.br/product/404743073/23993470400
19472860492,842996464,https://shopee.com.br/product/842996464/19472860492
58201072585,1190424233,https://shopee.com.br/product/1190424233/58201072585
22092902707,335244857,https://shopee.com.br/product/335244857/22092902707
56661565556,752849300,https://shopee.com.br/product/752849300/56661565556
18698439331,408653169,https://shopee.com.br/product/408653169/18698439331
22593071866,916172870,https://shopee.com.br/product/916172870/22593071866
23798244531,560644869,https://shopee.com.br/product/560644869/23798244531
21197725145,329672794,https://shopee.com.br/product/329672794/21197725145
21298091955,627750190,https://shopee.com.br/product/627750190/21298091955
22692091794,373594761,https://shopee.com.br/product/373594761/22692091794
15001800822,548911108,https://shopee.com.br/product/548911108/15001800822
58259707701,1788001787,https://shopee.com.br/product/1788001787/58259707701
23197913876,648928964,https://shopee.com.br/product/648928964/23197913876
50106015482,1507942655,https://shopee.com.br/product/1507942655/50106015482
20997684738,404743073,https://shopee.com.br/product/404743073/20997684738
22592998795,1240688238,https://shopee.com.br/product/1240688238/22592998795
23930475350,359066629,https://shopee.com.br/product/359066629/23930475350
21299773617,1226120317,https://shopee.com.br/product/1226120317/21299773617
23092797677,648928964,https://shopee.com.br/product/648928964/23092797677
19297750317,412527932,https://shopee.com.br/product/412527932/19297750317
20997683845,1220316212,https://shopee.com.br/product/1220316212/20997683845
17220351521,704493455,https://shopee.com.br/product/704493455/17220351521
23593529067,404743073,https://shopee.com.br/product/404743073/23593529067
20904814123,648928964,https://shopee.com.br/product/648928964/20904814123
20596969301,816806234,https://shopee.com.br/product/816806234/20596969301
9937880114,376053737,https://shopee.com.br/product/376053737/9937880114
23093005912,752849300,https://shopee.com.br/product/752849300/23093005912
22422556928,842996464,https://shopee.com.br/product/842996464/22422556928
58208447125,752637589,https://shopee.com.br/product/752637589/58208447125
8115755875,386620566,https://shopee.com.br/product/386620566/8115755875
18799851305,1553092714,https://shopee.com.br/product/1553092714/18799851305
23698465386,1477305422,https://shopee.com.br/product/1477305422/23698465386
58255648956,1608053305,https://shopee.com.br/product/1608053305/58255648956
23898181072,874507048,https://shopee.com.br/product/874507048/23898181072
58254791507,548911108,https://shopee.com.br/product/548911108/58254791507
19770036023,504745949,https://shopee.com.br/product/504745949/19770036023
21898262032,1553092714,https://shopee.com.br/product/1553092714/21898262032
22697908396,1033307532,https://shopee.com.br/product/1033307532/22697908396
41425859992,528273775,https://shopee.com.br/product/528273775/41425859992
22696307153,356143297,https://shopee.com.br/product/356143297/22696307153
8615557966,386620566,https://shopee.com.br/product/386620566/8615557966
14085409582,359066629,https://shopee.com.br/product/359066629/14085409582
22797090601,1106802794,https://shopee.com.br/product/1106802794/22797090601
58263478846,1788001787,https://shopee.com.br/product/1788001787/58263478846
22593054080,1220316212,https://shopee.com.br/product/1220316212/22593054080
47263064624,1118395504,https://shopee.com.br/product/1118395504/47263064624
23192649724,1050213612,https://shopee.com.br/product/1050213612/23192649724
54102469691,402450553,https://shopee.com.br/product/402450553/54102469691
23898526432,1075271269,https://shopee.com.br/product/1075271269/23898526432
22394676187,1484933575,https://shopee.com.br/product/1484933575/22394676187
58251693570,648928964,https://shopee.com.br/product/648928964/58251693570
18899900027,1583442620,https://shopee.com.br/product/1583442620/18899900027
19700834271,752849300,https://shopee.com.br/product/752849300/19700834271
22892654215,1050213612,https://shopee.com.br/product/1050213612/22892654215
58204800063,548911108,https://shopee.com.br/product/548911108/58204800063
19697664625,404743073,https://shopee.com.br/product/404743073/19697664625
21298490160,371036439,https://shopee.com.br/product/371036439/21298490160
54700947088,1507942655,https://shopee.com.br/product/1507942655/54700947088
10904562836,359066629,https://shopee.com.br/product/359066629/10904562836
56456084970,297240324,https://shopee.com.br/product/297240324/56456084970
58258137035,826682830,https://shopee.com.br/product/826682830/58258137035
56965785040,436723291,https://shopee.com.br/product/436723291/56965785040
19296985000,359066629,https://shopee.com.br/product/359066629/19296985000
22397629220,438656550,https://shopee.com.br/product/438656550/22397629220
20798542643,816806234,https://shopee.com.br/product/816806234/20798542643
18298671249,356143297,https://shopee.com.br/product/356143297/18298671249
22192397275,1062544851,https://shopee.com.br/product/1062544851/22192397275
18458193214,842996464,https://shopee.com.br/product/842996464/18458193214
22698316348,826682830,https://shopee.com.br/product/826682830/22698316348
23896027184,341754426,https://shopee.com.br/product/341754426/23896027184
18063062073,436682589,https://shopee.com.br/product/436682589/18063062073
22493989221,1477305422,https://shopee.com.br/product/1477305422/22493989221
26644493265,310274254,https://shopee.com.br/product/310274254/26644493265
23720920731,842996464,https://shopee.com.br/product/842996464/23720920731
44761641389,455103761,https://shopee.com.br/product/455103761/44761641389
22798925979,939446263,https://shopee.com.br/product/939446263/22798925979
7358474404,318555124,https://shopee.com.br/product/318555124/7358474404
22298423040,1072763470,https://shopee.com.br/product/1072763470/22298423040
51104555478,404617501,https://shopee.com.br/product/404617501/51104555478
23397975523,404743073,https://shopee.com.br/product/404743073/23397975523
56108587373,410522123,https://shopee.com.br/product/410522123/56108587373
23094455619,1583442620,https://shopee.com.br/product/1583442620/23094455619
14268185944,373594761,https://shopee.com.br/product/373594761/14268185944
23594345996,1242213783,https://shopee.com.br/product/1242213783/23594345996
8015560681,386620566,https://shopee.com.br/product/386620566/8015560681
22694302424,648928964,https://shopee.com.br/product/648928964/22694302424
18999255330,704493455,https://shopee.com.br/product/704493455/18999255330
23591624169,504745949,https://shopee.com.br/product/504745949/23591624169
22492691896,816806234,https://shopee.com.br/product/816806234/22492691896
23897642671,442506479,https://shopee.com.br/product/442506479/23897642671
21199257374,1220316212,https://shopee.com.br/product/1220316212/21199257374
22698113326,844004880,https://shopee.com.br/product/844004880/22698113326
23394139573,1081505086,https://shopee.com.br/product/1081505086/23394139573
21599722478,822103155,https://shopee.com.br/product/822103155/21599722478
22891479678,548911108,https://shopee.com.br/product/548911108/22891479678
22698856734,316070154,https://shopee.com.br/product/316070154/22698856734
23394433426,1242213783,https://shopee.com.br/product/1242213783/23394433426
23897547866,1050213612,https://shopee.com.br/product/1050213612/23897547866
8912119392,318555124,https://shopee.com.br/product/318555124/8912119392
41050642292,400124163,https://shopee.com.br/product/400124163/41050642292
23893011749,404743073,https://shopee.com.br/product/404743073/23893011749
23793412543,404743073,https://shopee.com.br/product/404743073/23793412543
58054792929,341754426,https://shopee.com.br/product/341754426/58054792929
18298308390,1362877346,https://shopee.com.br/product/1362877346/18298308390
23298228890,408653169,https://shopee.com.br/product/408653169/23298228890
22793118549,1226120317,https://shopee.com.br/product/1226120317/22793118549
22192822539,335160199,https://shopee.com.br/product/335160199/22192822539
42451152224,530578890,https://shopee.com.br/product/530578890/42451152224
21299597363,662618933,https://shopee.com.br/product/662618933/21299597363
20899840406,1553092714,https://shopee.com.br/product/1553092714/20899840406
22098671841,455103761,https://shopee.com.br/product/455103761/22098671841
58205202274,1050213612,https://shopee.com.br/product/1050213612/58205202274
11719912668,356143297,https://shopee.com.br/product/356143297/11719912668
27631916064,400124163,https://shopee.com.br/product/400124163/27631916064
22098666212,444869236,https://shopee.com.br/product/444869236/22098666212
22496742316,404743073,https://shopee.com.br/product/404743073/22496742316
5282597463,402093902,https://shopee.com.br/product/402093902/5282597463
20399073051,867958784,https://shopee.com.br/product/867958784/20399073051
47166313711,721033344,https://shopee.com.br/product/721033344/47166313711
22497686291,272868574,https://shopee.com.br/product/272868574/22497686291
22893264899,444869236,https://shopee.com.br/product/444869236/22893264899
48700264133,601021305,https://shopee.com.br/product/601021305/48700264133
19998671085,384950713,https://shopee.com.br/product/384950713/19998671085
41128820832,638399297,https://shopee.com.br/product/638399297/41128820832
45402978520,341754426,https://shopee.com.br/product/341754426/45402978520
22798462028,1477305422,https://shopee.com.br/product/1477305422/22798462028
51913385335,1314243679,https://shopee.com.br/product/1314243679/51913385335
18964175257,371036439,https://shopee.com.br/product/371036439/18964175257
14881797204,752849300,https://shopee.com.br/product/752849300/14881797204
58257220008,1033307532,https://shopee.com.br/product/1033307532/58257220008
22598684658,1553092714,https://shopee.com.br/product/1553092714/22598684658
51517650277,400124163,https://shopee.com.br/product/400124163/51517650277
44118586779,400124163,https://shopee.com.br/product/400124163/44118586779
7887674762,337570318,https://shopee.com.br/product/337570318/7887674762
22493792144,648928964,https://shopee.com.br/product/648928964/22493792144
22693987938,822103155,https://shopee.com.br/product/822103155/22693987938
23697542938,822103155,https://shopee.com.br/product/822103155/23697542938
23697542927,822103155,https://shopee.com.br/product/822103155/23697542927
18198665100,800925303,https://shopee.com.br/product/800925303/18198665100
23095102076,826682830,https://shopee.com.br/product/826682830/23095102076
11761999505,373594761,https://shopee.com.br/product/373594761/11761999505
20098275329,1050213612,https://shopee.com.br/product/1050213612/20098275329
22098961915,638399297,https://shopee.com.br/product/638399297/22098961915
48600271743,1088013647,https://shopee.com.br/product/1088013647/48600271743
22224973988,842996464,https://shopee.com.br/product/842996464/22224973988
12811210115,359066629,https://shopee.com.br/product/359066629/12811210115
22398519445,889942432,https://shopee.com.br/product/889942432/22398519445
22498208932,1462563752,https://shopee.com.br/product/1462563752/22498208932
56663334895,601021305,https://shopee.com.br/product/601021305/56663334895
40169244448,373594761,https://shopee.com.br/product/373594761/40169244448
22698184183,400124163,https://shopee.com.br/product/400124163/22698184183
23993219711,400124163,https://shopee.com.br/product/400124163/23993219711
23193866081,357239640,https://shopee.com.br/product/357239640/23193866081
23093626080,680601528,https://shopee.com.br/product/680601528/23093626080
20251671942,356143297,https://shopee.com.br/product/356143297/20251671942
15562564150,318555124,https://shopee.com.br/product/318555124/15562564150
23193728965,1368997878,https://shopee.com.br/product/1368997878/23193728965
23117250011,638399297,https://shopee.com.br/product/638399297/23117250011
22898460249,1500637302,https://shopee.com.br/product/1500637302/22898460249
22893947564,638399297,https://shopee.com.br/product/638399297/22893947564
58262358993,412968566,https://shopee.com.br/product/412968566/58262358993
20899262915,822103155,https://shopee.com.br/product/822103155/20899262915
21399257358,349137150,https://shopee.com.br/product/349137150/21399257358
21999608384,648928964,https://shopee.com.br/product/648928964/21999608384
48312355453,1608053305,https://shopee.com.br/product/1608053305/48312355453
23598913937,1608053305,https://shopee.com.br/product/1608053305/23598913937
18799233048,359066629,https://shopee.com.br/product/359066629/18799233048
18564176670,371036439,https://shopee.com.br/product/371036439/18564176670
19497524436,444869236,https://shopee.com.br/product/444869236/19497524436
23298014213,951290141,https://shopee.com.br/product/951290141/23298014213
18198800531,359066629,https://shopee.com.br/product/359066629/18198800531
22694874435,1082747237,https://shopee.com.br/product/1082747237/22694874435
20698462029,400124163,https://shopee.com.br/product/400124163/20698462029
46705873219,842996464,https://shopee.com.br/product/842996464/46705873219
23692824524,719930213,https://shopee.com.br/product/719930213/23692824524
44753488704,373594761,https://shopee.com.br/product/373594761/44753488704
58262721228,1561205436,https://shopee.com.br/product/1561205436/58262721228
48116041464,1759813503,https://shopee.com.br/product/1759813503/48116041464
23938798242,674110767,https://shopee.com.br/product/674110767/23938798242
23097461819,1106021667,https://shopee.com.br/product/1106021667/23097461819
19997521669,1106021667,https://shopee.com.br/product/1106021667/19997521669
20297127369,429392805,https://shopee.com.br/product/429392805/20297127369
22094483651,1583442620,https://shopee.com.br/product/1583442620/22094483651
23494437277,1242213783,https://shopee.com.br/product/1242213783/23494437277
50402540410,400124163,https://shopee.com.br/product/400124163/50402540410
22698008299,1344250083,https://shopee.com.br/product/1344250083/22698008299
11404557292,359066629,https://shopee.com.br/product/359066629/11404557292
23293110602,412527932,https://shopee.com.br/product/412527932/23293110602
19299704368,638399297,https://shopee.com.br/product/638399297/19299704368
22093496972,680601528,https://shopee.com.br/product/680601528/22093496972
53667659008,534109767,https://shopee.com.br/product/534109767/53667659008
58265574923,1477305422,https://shopee.com.br/product/1477305422/58265574923
22893234081,572649927,https://shopee.com.br/product/572649927/22893234081
19399589861,648928964,https://shopee.com.br/product/648928964/19399589861
50106284168,775496126,https://shopee.com.br/product/775496126/50106284168
23993514985,965617276,https://shopee.com.br/product/965617276/23993514985
22194212206,752849300,https://shopee.com.br/product/752849300/22194212206
21297684822,916172870,https://shopee.com.br/product/916172870/21297684822
40374940343,1163157664,https://shopee.com.br/product/1163157664/40374940343
22692598482,1106802794,https://shopee.com.br/product/1106802794/22692598482
23895558429,400124163,https://shopee.com.br/product/400124163/23895558429
23198537028,704493455,https://shopee.com.br/product/704493455/23198537028
51401658468,1088013647,https://shopee.com.br/product/1088013647/51401658468
19099867260,548911108,https://shopee.com.br/product/548911108/19099867260
18597823236,1228411998,https://shopee.com.br/product/1228411998/18597823236
23993778509,1229024585,https://shopee.com.br/product/1229024585/23993778509
16301910795,400124163,https://shopee.com.br/product/400124163/16301910795
40706721646,373594761,https://shopee.com.br/product/373594761/40706721646
13706915289,400736454,https://shopee.com.br/product/400736454/13706915289
23693717024,365257077,https://shopee.com.br/product/365257077/23693717024
22095620188,356143297,https://shopee.com.br/product/356143297/22095620188
10682277350,373594761,https://shopee.com.br/product/373594761/10682277350
23298321541,400124163,https://shopee.com.br/product/400124163/23298321541
58202201843,1541325700,https://shopee.com.br/product/1541325700/58202201843
23097984349,413680793,https://shopee.com.br/product/413680793/23097984349
22097765171,795711540,https://shopee.com.br/product/795711540/22097765171
23093576738,1050213612,https://shopee.com.br/product/1050213612/23093576738
58208295160,648928964,https://shopee.com.br/product/648928964/58208295160
48708324441,1088013647,https://shopee.com.br/product/1088013647/48708324441
21352562625,333246733,https://shopee.com.br/product/333246733/21352562625
18699909397,1583442620,https://shopee.com.br/product/1583442620/18699909397
22898815035,648928964,https://shopee.com.br/product/648928964/22898815035
22697099135,1106802794,https://shopee.com.br/product/1106802794/22697099135
19999871596,638399297,https://shopee.com.br/product/638399297/19999871596
22794139202,349137150,https://shopee.com.br/product/349137150/22794139202
23494280700,1050213612,https://shopee.com.br/product/1050213612/23494280700
22993043848,1220316212,https://shopee.com.br/product/1220316212/22993043848
22493586414,371036439,https://shopee.com.br/product/371036439/22493586414
23398676190,1553092714,https://shopee.com.br/product/1553092714/23398676190
58210530560,379103154,https://shopee.com.br/product/379103154/58210530560
23798699252,1553092714,https://shopee.com.br/product/1553092714/23798699252
22124987370,842996464,https://shopee.com.br/product/842996464/22124987370
23197641507,648928964,https://shopee.com.br/product/648928964/23197641507
23593661821,1459408293,https://shopee.com.br/product/1459408293/23593661821
23794923992,301983687,https://shopee.com.br/product/301983687/23794923992
22793225471,1328711923,https://shopee.com.br/product/1328711923/22793225471
23993516323,404743073,https://shopee.com.br/product/404743073/23993516323
22198080910,1075271269,https://shopee.com.br/product/1075271269/22198080910
22697159521,1106021667,https://shopee.com.br/product/1106021667/22697159521
21196966970,400124163,https://shopee.com.br/product/400124163/21196966970
45306308055,400124163,https://shopee.com.br/product/400124163/45306308055
58209125187,1083800536,https://shopee.com.br/product/1083800536/58209125187
20796969322,816806234,https://shopee.com.br/product/816806234/20796969322
27890656545,436723291,https://shopee.com.br/product/436723291/27890656545
22694045582,1081505086,https://shopee.com.br/product/1081505086/22694045582
23994192761,1553092714,https://shopee.com.br/product/1553092714/23994192761
22898706741,1553092714,https://shopee.com.br/product/1553092714/22898706741
22197943781,318555124,https://shopee.com.br/product/318555124/22197943781
53356058045,582386382,https://shopee.com.br/product/582386382/53356058045
22798649133,1242213783,https://shopee.com.br/product/1242213783/22798649133
42406438707,530578890,https://shopee.com.br/product/530578890/42406438707
23198664860,1553092714,https://shopee.com.br/product/1553092714/23198664860
21898599654,951290141,https://shopee.com.br/product/951290141/21898599654
20451671438,356143297,https://shopee.com.br/product/356143297/20451671438
47813299575,373594761,https://shopee.com.br/product/373594761/47813299575
23793575872,349137150,https://shopee.com.br/product/349137150/23793575872
9915555230,386620566,https://shopee.com.br/product/386620566/9915555230
51657708366,400124163,https://shopee.com.br/product/400124163/51657708366
22994534145,976704374,https://shopee.com.br/product/976704374/22994534145
23294180382,404743073,https://shopee.com.br/product/404743073/23294180382
58254791239,548911108,https://shopee.com.br/product/548911108/58254791239
22998951847,1583442620,https://shopee.com.br/product/1583442620/22998951847
58211532900,1645864320,https://shopee.com.br/product/1645864320/58211532900
51851205413,506112052,https://shopee.com.br/product/506112052/51851205413
58200521095,349137150,https://shopee.com.br/product/349137150/58200521095
51815556093,1242718651,https://shopee.com.br/product/1242718651/51815556093
23123340572,752849300,https://shopee.com.br/product/752849300/23123340572
20797661857,349137150,https://shopee.com.br/product/349137150/20797661857
55960061041,441209003,https://shopee.com.br/product/441209003/55960061041
19199563851,341754426,https://shopee.com.br/product/341754426/19199563851
22098554464,524728336,https://shopee.com.br/product/524728336/22098554464
23294964523,349137150,https://shopee.com.br/product/349137150/23294964523
22894198441,1553092714,https://shopee.com.br/product/1553092714/22894198441
58263923291,1561205436,https://shopee.com.br/product/1561205436/58263923291
22897427934,404743073,https://shopee.com.br/product/404743073/22897427934
19999542268,1106802794,https://shopee.com.br/product/1106802794/19999542268
20897987721,648928964,https://shopee.com.br/product/648928964/20897987721
22902804172,436682589,https://shopee.com.br/product/436682589/22902804172
23497461015,373745451,https://shopee.com.br/product/373745451/23497461015
18598683363,371036439,https://shopee.com.br/product/371036439/18598683363
22495787028,816806234,https://shopee.com.br/product/816806234/22495787028
58250366052,1242213783,https://shopee.com.br/product/1242213783/58250366052
58261151053,1033307532,https://shopee.com.br/product/1033307532/58261151053
45165429472,908280603,https://shopee.com.br/product/908280603/45165429472
22698863467,1477305422,https://shopee.com.br/product/1477305422/22698863467
23793231137,648928964,https://shopee.com.br/product/648928964/23793231137
15591048160,400124163,https://shopee.com.br/product/400124163/15591048160
19699197076,400124163,https://shopee.com.br/product/400124163/19699197076
22121473607,400124163,https://shopee.com.br/product/400124163/22121473607
42150102944,400124163,https://shopee.com.br/product/400124163/42150102944
22894675172,1561205436,https://shopee.com.br/product/1561205436/22894675172
42923040760,373594761,https://shopee.com.br/product/373594761/42923040760
22498368969,404743073,https://shopee.com.br/product/404743073/22498368969
20397419657,413680793,https://shopee.com.br/product/413680793/20397419657
58259847315,1788001787,https://shopee.com.br/product/1788001787/58259847315
20698318321,1477305422,https://shopee.com.br/product/1477305422/20698318321
58201613133,638399297,https://shopee.com.br/product/638399297/58201613133
22197435192,752849300,https://shopee.com.br/product/752849300/22197435192
22197551129,1220316212,https://shopee.com.br/product/1220316212/22197551129
22793968956,1477305422,https://shopee.com.br/product/1477305422/22793968956
43557194681,400124163,https://shopee.com.br/product/400124163/43557194681
12837135082,489001115,https://shopee.com.br/product/489001115/12837135082
20796969349,816806234,https://shopee.com.br/product/816806234/20796969349
23693532224,822103155,https://shopee.com.br/product/822103155/23693532224
56309389146,638399297,https://shopee.com.br/product/638399297/56309389146
23693928590,611215864,https://shopee.com.br/product/611215864/23693928590
23098224173,648928964,https://shopee.com.br/product/648928964/23098224173
10638111117,359066629,https://shopee.com.br/product/359066629/10638111117
58261043694,1242213783,https://shopee.com.br/product/1242213783/58261043694
22599162165,1654079737,https://shopee.com.br/product/1654079737/22599162165
41402336687,357239640,https://shopee.com.br/product/357239640/41402336687
23994005102,822103155,https://shopee.com.br/product/822103155/23994005102
58201028560,1608053305,https://shopee.com.br/product/1608053305/58201028560
20899322234,648928964,https://shopee.com.br/product/648928964/20899322234
18897981010,816806234,https://shopee.com.br/product/816806234/18897981010
53402615040,1507942655,https://shopee.com.br/product/1507942655/53402615040
58265623279,404743073,https://shopee.com.br/product/404743073/58265623279
50116768394,316749752,https://shopee.com.br/product/316749752/50116768394
22092603746,1106802794,https://shopee.com.br/product/1106802794/22092603746
18299328562,412527932,https://shopee.com.br/product/412527932/18299328562
19499359044,1328711923,https://shopee.com.br/product/1328711923/19499359044
20526261880,408128510,https://shopee.com.br/product/408128510/20526261880
15649069635,357239640,https://shopee.com.br/product/357239640/15649069635
22495589194,371036439,https://shopee.com.br/product/371036439/22495589194
22698516513,822103155,https://shopee.com.br/product/822103155/22698516513
22593719383,402450553,https://shopee.com.br/product/402450553/22593719383
22797446331,1007842724,https://shopee.com.br/product/1007842724/22797446331
20298262972,1553092714,https://shopee.com.br/product/1553092714/20298262972
22194371211,1477305422,https://shopee.com.br/product/1477305422/22194371211
56251751651,341754426,https://shopee.com.br/product/341754426/56251751651
58203261957,1106021667,https://shopee.com.br/product/1106021667/58203261957
22794141353,1242213783,https://shopee.com.br/product/1242213783/22794141353
58215217587,816806234,https://shopee.com.br/product/816806234/58215217587
40772795888,281898655,https://shopee.com.br/product/281898655/40772795888
42760659136,371036439,https://shopee.com.br/product/371036439/42760659136
23997544382,356143297,https://shopee.com.br/product/356143297/23997544382
22997608603,648928964,https://shopee.com.br/product/648928964/22997608603
22192607557,1106802794,https://shopee.com.br/product/1106802794/22192607557
23393581968,404743073,https://shopee.com.br/product/404743073/23393581968
23598671062,1050213612,https://shopee.com.br/product/1050213612/23598671062
23797491517,704493455,https://shopee.com.br/product/704493455/23797491517
58211835598,1050213612,https://shopee.com.br/product/1050213612/58211835598
18598288778,1553092714,https://shopee.com.br/product/1553092714/18598288778
22593262508,822103155,https://shopee.com.br/product/822103155/22593262508
22197702165,1050227476,https://shopee.com.br/product/1050227476/22197702165
19899665239,627750190,https://shopee.com.br/product/627750190/19899665239
42372577435,842996464,https://shopee.com.br/product/842996464/42372577435
15790792559,810071078,https://shopee.com.br/product/810071078/15790792559
58260938119,1788001787,https://shopee.com.br/product/1788001787/58260938119
26343579738,1088013647,https://shopee.com.br/product/1088013647/26343579738
22097376851,400124163,https://shopee.com.br/product/400124163/22097376851
58215600630,1477305422,https://shopee.com.br/product/1477305422/58215600630
22898002949,1088013647,https://shopee.com.br/product/1088013647/22898002949
22393986432,822103155,https://shopee.com.br/product/822103155/22393986432
22491290197,816806234,https://shopee.com.br/product/816806234/22491290197
23195696064,400124163,https://shopee.com.br/product/400124163/23195696064
23398328025,1291412465,https://shopee.com.br/product/1291412465/23398328025
44608775503,1507942655,https://shopee.com.br/product/1507942655/44608775503
45201587544,951290141,https://shopee.com.br/product/951290141/45201587544
57959918310,1177369665,https://shopee.com.br/product/1177369665/57959918310
58213139729,412968566,https://shopee.com.br/product/412968566/58213139729
18497686422,752849300,https://shopee.com.br/product/752849300/18497686422
22298071156,1316611304,https://shopee.com.br/product/1316611304/22298071156
28944479780,436723291,https://shopee.com.br/product/436723291/28944479780
9715555206,386620566,https://shopee.com.br/product/386620566/9715555206
22298908778,442506479,https://shopee.com.br/product/442506479/22298908778
22794210423,1553092714,https://shopee.com.br/product/1553092714/22794210423
22893683344,349137150,https://shopee.com.br/product/349137150/22893683344
23292978979,1075271269,https://shopee.com.br/product/1075271269/23292978979
23119412512,400124163,https://shopee.com.br/product/400124163/23119412512
45856756999,842996464,https://shopee.com.br/product/842996464/45856756999
22191087442,371036439,https://shopee.com.br/product/371036439/22191087442
22420913249,842996464,https://shopee.com.br/product/842996464/22420913249
58204800270,548911108,https://shopee.com.br/product/548911108/58204800270
22593916182,867958784,https://shopee.com.br/product/867958784/22593916182
17862856186,752849300,https://shopee.com.br/product/752849300/17862856186
23798036263,390327339,https://shopee.com.br/product/390327339/23798036263
18542989968,376053737,https://shopee.com.br/product/376053737/18542989968
21099263036,371036439,https://shopee.com.br/product/371036439/21099263036
22697095292,1106802794,https://shopee.com.br/product/1106802794/22697095292
21398149451,1287093777,https://shopee.com.br/product/1287093777/21398149451
48708596739,1088013647,https://shopee.com.br/product/1088013647/48708596739
20798927453,408653169,https://shopee.com.br/product/408653169/20798927453
23698390272,408653169,https://shopee.com.br/product/408653169/23698390272
42126274681,842996464,https://shopee.com.br/product/842996464/42126274681
41301469272,400124163,https://shopee.com.br/product/400124163/41301469272
21623282030,400124163,https://shopee.com.br/product/400124163/21623282030
15396810877,951290141,https://shopee.com.br/product/951290141/15396810877
22797125566,1050213612,https://shopee.com.br/product/1050213612/22797125566
45300139609,506112052,https://shopee.com.br/product/506112052/45300139609
23098219436,333246733,https://shopee.com.br/product/333246733/23098219436
21199086970,1088013647,https://shopee.com.br/product/1088013647/21199086970
55356689340,1246535200,https://shopee.com.br/product/1246535200/55356689340
41106756068,297240324,https://shopee.com.br/product/297240324/41106756068
22094203202,402450553,https://shopee.com.br/product/402450553/22094203202
22194736691,1462563752,https://shopee.com.br/product/1462563752/22194736691
21699048893,1106802794,https://shopee.com.br/product/1106802794/21699048893
18899069151,1075271269,https://shopee.com.br/product/1075271269/18899069151
18397463532,400124163,https://shopee.com.br/product/400124163/18397463532
23493656465,400124163,https://shopee.com.br/product/400124163/23493656465
42159772427,400124163,https://shopee.com.br/product/400124163/42159772427
22328615927,220800578,https://shopee.com.br/product/220800578/22328615927
20197748842,412527932,https://shopee.com.br/product/412527932/20197748842
23897383047,272868574,https://shopee.com.br/product/272868574/23897383047
9915555302,386620566,https://shopee.com.br/product/386620566/9915555302
6077525110,373594761,https://shopee.com.br/product/373594761/6077525110
23197539833,281898655,https://shopee.com.br/product/281898655/23197539833
58210342009,1329429906,https://shopee.com.br/product/1329429906/58210342009
20375430974,359066629,https://shopee.com.br/product/359066629/20375430974
22397511601,400124163,https://shopee.com.br/product/400124163/22397511601
40901163529,400124163,https://shopee.com.br/product/400124163/40901163529
17092537563,842996464,https://shopee.com.br/product/842996464/17092537563
22398849834,1291412465,https://shopee.com.br/product/1291412465/22398849834
22492498585,1075271269,https://shopee.com.br/product/1075271269/22492498585
22694062991,1507942655,https://shopee.com.br/product/1507942655/22694062991
42575344559,1507942655,https://shopee.com.br/product/1507942655/42575344559
22894782963,404743073,https://shopee.com.br/product/404743073/22894782963
22993071217,379103154,https://shopee.com.br/product/379103154/22993071217
54855857151,842996464,https://shopee.com.br/product/842996464/54855857151
21597684806,916172870,https://shopee.com.br/product/916172870/21597684806
55365272295,721033344,https://shopee.com.br/product/721033344/55365272295
58256257575,548911108,https://shopee.com.br/product/548911108/58256257575
22299330809,1670290083,https://shopee.com.br/product/1670290083/22299330809
22898694873,1553092714,https://shopee.com.br/product/1553092714/22898694873
20899889817,1608971773,https://shopee.com.br/product/1608971773/20899889817
22693689356,1368997878,https://shopee.com.br/product/1368997878/22693689356
23095560336,309237167,https://shopee.com.br/product/309237167/23095560336
20397675235,580791382,https://shopee.com.br/product/580791382/20397675235
18699074225,373150829,https://shopee.com.br/product/373150829/18699074225
23497478855,855489892,https://shopee.com.br/product/855489892/23497478855
23792664674,373150829,https://shopee.com.br/product/373150829/23792664674
22793404318,952014476,https://shopee.com.br/product/952014476/22793404318
23197593259,395742608,https://shopee.com.br/product/395742608/23197593259
20064341583,522316174,https://shopee.com.br/product/522316174/20064341583
18877591073,582386382,https://shopee.com.br/product/582386382/18877591073
22297318342,296813643,https://shopee.com.br/product/296813643/22297318342
23792664638,373150829,https://shopee.com.br/product/373150829/23792664638
20767109537,401986069,https://shopee.com.br/product/401986069/20767109537
23997760143,872473112,https://shopee.com.br/product/872473112/23997760143
23196963753,952014476,https://shopee.com.br/product/952014476/23196963753
23793883549,872473112,https://shopee.com.br/product/872473112/23793883549
22797916366,1033307532,https://shopee.com.br/product/1033307532/22797916366
19799034521,296093764,https://shopee.com.br/product/296093764/19799034521
19497317941,687950391,https://shopee.com.br/product/687950391/19497317941
20655409426,522316174,https://shopee.com.br/product/522316174/20655409426
13097420855,872473112,https://shopee.com.br/product/872473112/13097420855
20897110990,874507048,https://shopee.com.br/product/874507048/20897110990
21098746793,401986069,https://shopee.com.br/product/401986069/21098746793
14094744396,872473112,https://shopee.com.br/product/872473112/14094744396
19464233334,874507048,https://shopee.com.br/product/874507048/19464233334
16988441343,308628919,https://shopee.com.br/product/308628919/16988441343
19898074358,855489892,https://shopee.com.br/product/855489892/19898074358
23197483747,855489892,https://shopee.com.br/product/855489892/23197483747
19055408948,522316174,https://shopee.com.br/product/522316174/19055408948
23792806620,296813643,https://shopee.com.br/product/296813643/23792806620
18897619811,347781606,https://shopee.com.br/product/347781606/18897619811
22093649301,1063922972,https://shopee.com.br/product/1063922972/22093649301
23204301557,872473112,https://shopee.com.br/product/872473112/23204301557
23493529204,402598512,https://shopee.com.br/product/402598512/23493529204
23498045450,1344250083,https://shopee.com.br/product/1344250083/23498045450
40124125897,308628919,https://shopee.com.br/product/308628919/40124125897
23392947838,580791382,https://shopee.com.br/product/580791382/23392947838
19164233483,874507048,https://shopee.com.br/product/874507048/19164233483
23197839575,316070154,https://shopee.com.br/product/316070154/23197839575
22993044459,1226105437,https://shopee.com.br/product/1226105437/22993044459
22897376551,373150829,https://shopee.com.br/product/373150829/22897376551
22992841682,522316174,https://shopee.com.br/product/522316174/22992841682
23798192668,580791382,https://shopee.com.br/product/580791382/23798192668
20497673909,855489892,https://shopee.com.br/product/855489892/20497673909
23896929543,952014476,https://shopee.com.br/product/952014476/23896929543
23293006902,1246535200,https://shopee.com.br/product/1246535200/23293006902
20497748405,1095160737,https://shopee.com.br/product/1095160737/20497748405
12397219444,308628919,https://shopee.com.br/product/308628919/12397219444
23097602752,580791382,https://shopee.com.br/product/580791382/23097602752
22692986231,855489892,https://shopee.com.br/product/855489892/22692986231
19799076692,1097902002,https://shopee.com.br/product/1097902002/19799076692
20060749952,872473112,https://shopee.com.br/product/872473112/20060749952
23593932401,1177369665,https://shopee.com.br/product/1177369665/23593932401
29487011120,1246535200,https://shopee.com.br/product/1246535200/29487011120
22634260749,682804575,https://shopee.com.br/product/682804575/22634260749
21799603100,378940206,https://shopee.com.br/product/378940206/21799603100
20999310901,401986069,https://shopee.com.br/product/401986069/20999310901
22592981496,855489892,https://shopee.com.br/product/855489892/22592981496
20699299281,580791382,https://shopee.com.br/product/580791382/20699299281
22693935826,872473112,https://shopee.com.br/product/872473112/22693935826
21399553259,580791382,https://shopee.com.br/product/580791382/21399553259
20998684281,874507048,https://shopee.com.br/product/874507048/20998684281
23698639305,627750190,https://shopee.com.br/product/627750190/23698639305
23402192983,308628919,https://shopee.com.br/product/308628919/23402192983
21099377605,882904544,https://shopee.com.br/product/882904544/21099377605
22193705465,1226120317,https://shopee.com.br/product/1226120317/22193705465
22800736017,522316174,https://shopee.com.br/product/522316174/22800736017
23792664617,373150829,https://shopee.com.br/product/373150829/23792664617
22193054100,1226105437,https://shopee.com.br/product/1226105437/22193054100
21360746583,872473112,https://shopee.com.br/product/872473112/21360746583
23196930629,952014476,https://shopee.com.br/product/952014476/23196930629
21097294554,872473112,https://shopee.com.br/product/872473112/21097294554
22593276086,1226120317,https://shopee.com.br/product/1226120317/22593276086
23197357328,952014476,https://shopee.com.br/product/952014476/23197357328
18260761880,872473112,https://shopee.com.br/product/872473112/18260761880
22692692259,1096487236,https://shopee.com.br/product/1096487236/22692692259
19260759881,872473112,https://shopee.com.br/product/872473112/19260759881
22898730701,952014476,https://shopee.com.br/product/952014476/22898730701
23992515185,357239640,https://shopee.com.br/product/357239640/23992515185
23893077561,1344250083,https://shopee.com.br/product/1344250083/23893077561
22192997777,855489892,https://shopee.com.br/product/855489892/22192997777
21997213701,296813643,https://shopee.com.br/product/296813643/21997213701
18799093609,373150829,https://shopee.com.br/product/373150829/18799093609
21898132986,1316611304,https://shopee.com.br/product/1316611304/21898132986
23597473286,855489892,https://shopee.com.br/product/855489892/23597473286
58257181085,1707832186,https://shopee.com.br/product/1707832186/58257181085
18699501353,882904544,https://shopee.com.br/product/882904544/18699501353
20099864201,391672269,https://shopee.com.br/product/391672269/20099864201
19299198797,1177369665,https://shopee.com.br/product/1177369665/19299198797
23697446018,308628919,https://shopee.com.br/product/308628919/23697446018
23397309084,522316174,https://shopee.com.br/product/522316174/23397309084
18597751652,1107280577,https://shopee.com.br/product/1107280577/18597751652
22094165892,952014476,https://shopee.com.br/product/952014476/22094165892
55900808945,402598512,https://shopee.com.br/product/402598512/55900808945
51805035973,1242718651,https://shopee.com.br/product/1242718651/51805035973
19160743185,872473112,https://shopee.com.br/product/872473112/19160743185
20178255914,444869236,https://shopee.com.br/product/444869236/20178255914
20199096139,1097902002,https://shopee.com.br/product/1097902002/20199096139
20964320806,308628919,https://shopee.com.br/product/308628919/20964320806
23199142567,1316611304,https://shopee.com.br/product/1316611304/23199142567
23694358864,855448900,https://shopee.com.br/product/855448900/23694358864
23136699037,309237167,https://shopee.com.br/product/309237167/23136699037
23198537569,1329429906,https://shopee.com.br/product/1329429906/23198537569
22692992099,855489892,https://shopee.com.br/product/855489892/22692992099
23193485868,1114000786,https://shopee.com.br/product/1114000786/23193485868
17788440360,308628919,https://shopee.com.br/product/308628919/17788440360
20499187065,296813643,https://shopee.com.br/product/296813643/20499187065
58250629464,375188138,https://shopee.com.br/product/375188138/58250629464
22594563174,309237167,https://shopee.com.br/product/309237167/22594563174
18699718436,1226105437,https://shopee.com.br/product/1226105437/18699718436
23594072013,1226105437,https://shopee.com.br/product/1226105437/23594072013
21199256524,580791382,https://shopee.com.br/product/580791382/21199256524
47606412173,1095160737,https://shopee.com.br/product/1095160737/47606412173
20298274978,627750190,https://shopee.com.br/product/627750190/20298274978
21997459976,758814499,https://shopee.com.br/product/758814499/21997459976
23698634267,627750190,https://shopee.com.br/product/627750190/23698634267
23700739891,522316174,https://shopee.com.br/product/522316174/23700739891
22693938350,789777799,https://shopee.com.br/product/789777799/22693938350
19055410904,522316174,https://shopee.com.br/product/522316174/19055410904
23897345170,1177369665,https://shopee.com.br/product/1177369665/23897345170
20999497091,1107280577,https://shopee.com.br/product/1107280577/20999497091
22492981509,855489892,https://shopee.com.br/product/855489892/22492981509
23893077539,1344250083,https://shopee.com.br/product/1344250083/23893077539
20097083699,582386382,https://shopee.com.br/product/582386382/20097083699
22107277814,842544500,https://shopee.com.br/product/842544500/22107277814
21164286586,308628919,https://shopee.com.br/product/308628919/21164286586
22697183021,1097902002,https://shopee.com.br/product/1097902002/22697183021
22097483110,855489892,https://shopee.com.br/product/855489892/22097483110
28637804348,1246535200,https://shopee.com.br/product/1246535200/28637804348
23698134341,1379077822,https://shopee.com.br/product/1379077822/23698134341
22606959403,874507048,https://shopee.com.br/product/874507048/22606959403
19699673266,1379077822,https://shopee.com.br/product/1379077822/19699673266
13009681616,357239640,https://shopee.com.br/product/357239640/13009681616
23793086059,874507048,https://shopee.com.br/product/874507048/23793086059
22892817274,296813643,https://shopee.com.br/product/296813643/22892817274
22397483536,855489892,https://shopee.com.br/product/855489892/22397483536
22492841852,347781606,https://shopee.com.br/product/347781606/22492841852
23319532491,648124788,https://shopee.com.br/product/648124788/23319532491
22193188420,1215229492,https://shopee.com.br/product/1215229492/22193188420
20699262630,1097902002,https://shopee.com.br/product/1097902002/20699262630
21364274917,842544500,https://shopee.com.br/product/842544500/21364274917
19799252494,855489892,https://shopee.com.br/product/855489892/19799252494
18296945166,952014476,https://shopee.com.br/product/952014476/18296945166
22297491661,1246535200,https://shopee.com.br/product/1246535200/22297491661
23298856389,306878488,https://shopee.com.br/product/306878488/23298856389
21799577543,402598512,https://shopee.com.br/product/402598512/21799577543
21497218563,296813643,https://shopee.com.br/product/296813643/21497218563
23897993642,855489892,https://shopee.com.br/product/855489892/23897993642
21398791966,296813643,https://shopee.com.br/product/296813643/21398791966
23492851369,1177369665,https://shopee.com.br/product/1177369665/23492851369
23097915746,882904544,https://shopee.com.br/product/882904544/23097915746
23898061626,1215229492,https://shopee.com.br/product/1215229492/23898061626
23493059166,408578430,https://shopee.com.br/product/408578430/23493059166
18860768849,872473112,https://shopee.com.br/product/872473112/18860768849
22193705535,1226120317,https://shopee.com.br/product/1226120317/22193705535
18799097235,1097902002,https://shopee.com.br/product/1097902002/18799097235
22793142514,390327339,https://shopee.com.br/product/390327339/22793142514
19455381483,522316174,https://shopee.com.br/product/522316174/19455381483
18199253164,401986069,https://shopee.com.br/product/401986069/18199253164
22497313218,296813643,https://shopee.com.br/product/296813643/22497313218
21197655096,1107280577,https://shopee.com.br/product/1107280577/21197655096
23998515199,855489892,https://shopee.com.br/product/855489892/23998515199
22097499928,1033307532,https://shopee.com.br/product/1033307532/22097499928
23398439093,1177369665,https://shopee.com.br/product/1177369665/23398439093
20555657747,401986069,https://shopee.com.br/product/401986069/20555657747
19497659907,580791382,https://shopee.com.br/product/580791382/19497659907
19699321437,408578430,https://shopee.com.br/product/408578430/19699321437
18997727477,444869236,https://shopee.com.br/product/444869236/18997727477
23692986966,855489892,https://shopee.com.br/product/855489892/23692986966
21998787062,296813643,https://shopee.com.br/product/296813643/21998787062
18098074654,489001115,https://shopee.com.br/product/489001115/18098074654
19766486884,872473112,https://shopee.com.br/product/872473112/19766486884
23995519732,308628919,https://shopee.com.br/product/308628919/23995519732
47808330116,408578430,https://shopee.com.br/product/408578430/47808330116
22598896102,882904544,https://shopee.com.br/product/882904544/22598896102
23197588025,580791382,https://shopee.com.br/product/580791382/23197588025
21867107147,401986069,https://shopee.com.br/product/401986069/21867107147
20799377710,882904544,https://shopee.com.br/product/882904544/20799377710
21899597309,347781606,https://shopee.com.br/product/347781606/21899597309
22897602579,444869236,https://shopee.com.br/product/444869236/22897602579
21197655094,1107280577,https://shopee.com.br/product/1107280577/21197655094
23994329382,601021305,https://shopee.com.br/product/601021305/23994329382
23098841193,882904544,https://shopee.com.br/product/882904544/23098841193
21452822336,791969908,https://shopee.com.br/product/791969908/21452822336
22392635817,1072763470,https://shopee.com.br/product/1072763470/22392635817
19865085052,872473112,https://shopee.com.br/product/872473112/19865085052
20197516334,1072763470,https://shopee.com.br/product/1072763470/20197516334
22794142251,1467752495,https://shopee.com.br/product/1467752495/22794142251
22092992293,855489892,https://shopee.com.br/product/855489892/22092992293
21166488858,872473112,https://shopee.com.br/product/872473112/21166488858
21760749841,872473112,https://shopee.com.br/product/872473112/21760749841
19197981361,855489892,https://shopee.com.br/product/855489892/19197981361
20857610554,308628919,https://shopee.com.br/product/308628919/20857610554
23197840375,451273707,https://shopee.com.br/product/451273707/23197840375
22897069761,375188138,https://shopee.com.br/product/375188138/22897069761
22094490346,855489892,https://shopee.com.br/product/855489892/22094490346
23493006972,855489892,https://shopee.com.br/product/855489892/23493006972
27389415722,408578430,https://shopee.com.br/product/408578430/27389415722
19099237212,580791382,https://shopee.com.br/product/580791382/19099237212
22097597417,580791382,https://shopee.com.br/product/580791382/22097597417
23897478258,855489892,https://shopee.com.br/product/855489892/23897478258
22294188778,1372644554,https://shopee.com.br/product/1372644554/22294188778
23197508235,1107280577,https://shopee.com.br/product/1107280577/23197508235
23198526452,653044811,https://shopee.com.br/product/653044811/23198526452
22096458638,296813643,https://shopee.com.br/product/296813643/22096458638
22693062163,855489892,https://shopee.com.br/product/855489892/22693062163
19399850668,855489892,https://shopee.com.br/product/855489892/19399850668
23997156555,373150829,https://shopee.com.br/product/373150829/23997156555
22393885739,872473112,https://shopee.com.br/product/872473112/22393885739
22693523083,882904544,https://shopee.com.br/product/882904544/22693523083
18097493914,1082747237,https://shopee.com.br/product/1082747237/18097493914
22496458477,296813643,https://shopee.com.br/product/296813643/22496458477
18197819467,378940206,https://shopee.com.br/product/378940206/18197819467
22098361576,855489892,https://shopee.com.br/product/855489892/22098361576
22593494233,882904544,https://shopee.com.br/product/882904544/22593494233
23793538890,855489892,https://shopee.com.br/product/855489892/23793538890
20299246892,855489892,https://shopee.com.br/product/855489892/20299246892
41257673545,1371792496,https://shopee.com.br/product/1371792496/41257673545
21998787089,296813643,https://shopee.com.br/product/296813643/21998787089
23598006072,855489892,https://shopee.com.br/product/855489892/23598006072
18597682899,522316174,https://shopee.com.br/product/522316174/18597682899
17190231681,874507048,https://shopee.com.br/product/874507048/17190231681
23997478209,855489892,https://shopee.com.br/product/855489892/23997478209
18299035408,375188138,https://shopee.com.br/product/375188138/18299035408
20098548291,308628919,https://shopee.com.br/product/308628919/20098548291
19597738796,1215229492,https://shopee.com.br/product/1215229492/19597738796
19597681659,580791382,https://shopee.com.br/product/580791382/19597681659
17488440878,308628919,https://shopee.com.br/product/308628919/17488440878
23593086096,874507048,https://shopee.com.br/product/874507048/23593086096
20299089582,1072763470,https://shopee.com.br/product/1072763470/20299089582
22792993918,1033307532,https://shopee.com.br/product/1033307532/22792993918
18397832139,580791382,https://shopee.com.br/product/580791382/18397832139
49250905490,390327339,https://shopee.com.br/product/390327339/49250905490
55506991319,308628919,https://shopee.com.br/product/308628919/55506991319
21699885625,842544500,https://shopee.com.br/product/842544500/21699885625
20996883981,309237167,https://shopee.com.br/product/309237167/20996883981
42761054827,378940206,https://shopee.com.br/product/378940206/42761054827
23293653632,627750190,https://shopee.com.br/product/627750190/23293653632
22893903517,952014476,https://shopee.com.br/product/952014476/22893903517
23792664686,373150829,https://shopee.com.br/product/373150829/23792664686
23697894831,1242718651,https://shopee.com.br/product/1242718651/23697894831
23093255526,882904544,https://shopee.com.br/product/882904544/23093255526
23498468868,1177369665,https://shopee.com.br/product/1177369665/23498468868
18399184491,889942432,https://shopee.com.br/product/889942432/18399184491
23198518003,391672269,https://shopee.com.br/product/391672269/23198518003
23999538845,391672269,https://shopee.com.br/product/391672269/23999538845
42255688288,791969908,https://shopee.com.br/product/791969908/42255688288
23194408230,580791382,https://shopee.com.br/product/580791382/23194408230
23030831904,378940206,https://shopee.com.br/product/378940206/23030831904
20299253805,1107280577,https://shopee.com.br/product/1107280577/20299253805
58209370397,1707832186,https://shopee.com.br/product/1707832186/58209370397
22992779575,1096487236,https://shopee.com.br/product/1096487236/22992779575
58210081817,882904544,https://shopee.com.br/product/882904544/58210081817
22193271785,1316611304,https://shopee.com.br/product/1316611304/22193271785
21360747107,872473112,https://shopee.com.br/product/872473112/21360747107
54105884194,464586953,https://shopee.com.br/product/464586953/54105884194
16289287890,872473112,https://shopee.com.br/product/872473112/16289287890
22194515486,1552226494,https://shopee.com.br/product/1552226494/22194515486
23093116196,842544500,https://shopee.com.br/product/842544500/23093116196
55966579092,373150829,https://shopee.com.br/product/373150829/55966579092
23792664653,373150829,https://shopee.com.br/product/373150829/23792664653
21867107145,401986069,https://shopee.com.br/product/401986069/21867107145
58211909347,882904544,https://shopee.com.br/product/882904544/58211909347
48656999913,444869236,https://shopee.com.br/product/444869236/48656999913
57416038895,373150829,https://shopee.com.br/product/373150829/57416038895
19457609067,308628919,https://shopee.com.br/product/308628919/19457609067
22697482406,855489892,https://shopee.com.br/product/855489892/22697482406
19357609018,308628919,https://shopee.com.br/product/308628919/19357609018
22096458718,296813643,https://shopee.com.br/product/296813643/22096458718
21298791969,296813643,https://shopee.com.br/product/296813643/21298791969
23697439707,580791382,https://shopee.com.br/product/580791382/23697439707
23098136582,952014476,https://shopee.com.br/product/952014476/23098136582
42260809163,408578430,https://shopee.com.br/product/408578430/42260809163
57306814664,444869236,https://shopee.com.br/product/444869236/57306814664
22998199205,580791382,https://shopee.com.br/product/580791382/22998199205
23993175698,580791382,https://shopee.com.br/product/580791382/23993175698
20998810642,296813643,https://shopee.com.br/product/296813643/20998810642
20699185573,1097902002,https://shopee.com.br/product/1097902002/20699185573
23393740736,580791382,https://shopee.com.br/product/580791382/23393740736
52856995317,308628919,https://shopee.com.br/product/308628919/52856995317
19998089762,1372644554,https://shopee.com.br/product/1372644554/19998089762
21497975505,855489892,https://shopee.com.br/product/855489892/21497975505
21997971630,316070154,https://shopee.com.br/product/316070154/21997971630
22697760976,408578430,https://shopee.com.br/product/408578430/22697760976
21497455304,375188138,https://shopee.com.br/product/375188138/21497455304
5677410913,296093764,https://shopee.com.br/product/296093764/5677410913
22493523093,882904544,https://shopee.com.br/product/882904544/22493523093
21397673622,855489892,https://shopee.com.br/product/855489892/21397673622
22710785439,648124788,https://shopee.com.br/product/648124788/22710785439
21397974642,916172870,https://shopee.com.br/product/916172870/21397974642
22292991687,855489892,https://shopee.com.br/product/855489892/22292991687
22192468171,406699478,https://shopee.com.br/product/406699478/22192468171
23793727551,855489892,https://shopee.com.br/product/855489892/23793727551
23297758968,1316611304,https://shopee.com.br/product/1316611304/23297758968
23892721120,580791382,https://shopee.com.br/product/580791382/23892721120
23594063520,375188138,https://shopee.com.br/product/375188138/23594063520
18000364671,638399297,https://shopee.com.br/product/638399297/18000364671
58252150533,1541325700,https://shopee.com.br/product/1541325700/58252150533
58200001268,855489892,https://shopee.com.br/product/855489892/58200001268
22995697008,306878488,https://shopee.com.br/product/306878488/22995697008
22292991460,855489892,https://shopee.com.br/product/855489892/22292991460
19097680419,855489892,https://shopee.com.br/product/855489892/19097680419
19399186416,1097902002,https://shopee.com.br/product/1097902002/19399186416
23097992091,1329429906,https://shopee.com.br/product/1329429906/23097992091
19699549720,855489892,https://shopee.com.br/product/855489892/19699549720
23197540975,1226105437,https://shopee.com.br/product/1226105437/23197540975
23997069518,375188138,https://shopee.com.br/product/375188138/23997069518
58258810274,1563516628,https://shopee.com.br/product/1563516628/58258810274
23498560286,375188138,https://shopee.com.br/product/375188138/23498560286
23497610454,1226120317,https://shopee.com.br/product/1226120317/23497610454
21599757171,1316611304,https://shopee.com.br/product/1316611304/21599757171
10992342161,412482669,https://shopee.com.br/product/412482669/10992342161
21397976416,1329429906,https://shopee.com.br/product/1329429906/21397976416
22293712525,874507048,https://shopee.com.br/product/874507048/22293712525
22897069750,375188138,https://shopee.com.br/product/375188138/22897069750
44607195001,444869236,https://shopee.com.br/product/444869236/44607195001
22192991626,855489892,https://shopee.com.br/product/855489892/22192991626
22197776328,1246535200,https://shopee.com.br/product/1246535200/22197776328
22906992282,842544500,https://shopee.com.br/product/842544500/22906992282
23593195836,1215229492,https://shopee.com.br/product/1215229492/23593195836
23792787082,638399297,https://shopee.com.br/product/638399297/23792787082
23297483712,855489892,https://shopee.com.br/product/855489892/23297483712
23793502157,855489892,https://shopee.com.br/product/855489892/23793502157
22536706195,309237167,https://shopee.com.br/product/309237167/22536706195
23598671984,1334294037,https://shopee.com.br/product/1334294037/23598671984
18299307170,1243712796,https://shopee.com.br/product/1243712796/18299307170
22792982276,855489892,https://shopee.com.br/product/855489892/22792982276
22316614591,357239640,https://shopee.com.br/product/357239640/22316614591
23498854659,1563516628,https://shopee.com.br/product/1563516628/23498854659
20748952776,791969908,https://shopee.com.br/product/791969908/20748952776
22193279447,855489892,https://shopee.com.br/product/855489892/22193279447
22192581993,758814499,https://shopee.com.br/product/758814499/22192581993
22297482946,855489892,https://shopee.com.br/product/855489892/22297482946
18298242909,1072763470,https://shopee.com.br/product/1072763470/18298242909
23697773711,308628919,https://shopee.com.br/product/308628919/23697773711
22093958273,758814499,https://shopee.com.br/product/758814499/22093958273
22499038099,1334294037,https://shopee.com.br/product/1334294037/22499038099
23297751990,882904544,https://shopee.com.br/product/882904544/23297751990
18799395064,390327339,https://shopee.com.br/product/390327339/18799395064
23193255489,952014476,https://shopee.com.br/product/952014476/23193255489
23796929636,952014476,https://shopee.com.br/product/952014476/23796929636
22792986686,580791382,https://shopee.com.br/product/580791382/22792986686
23398644942,1235923910,https://shopee.com.br/product/1235923910/23398644942
21699356862,1215229492,https://shopee.com.br/product/1215229492/21699356862
22998310642,855489892,https://shopee.com.br/product/855489892/22998310642
22692986434,855489892,https://shopee.com.br/product/855489892/22692986434
18097425602,410522123,https://shopee.com.br/product/410522123/18097425602
23693892097,855489892,https://shopee.com.br/product/855489892/23693892097
19797613430,1072763470,https://shopee.com.br/product/1072763470/19797613430
58256409318,1083800536,https://shopee.com.br/product/1083800536/58256409318
23794683693,1215229492,https://shopee.com.br/product/1215229492/23794683693
40915198267,401986069,https://shopee.com.br/product/401986069/40915198267
41878934545,1177369665,https://shopee.com.br/product/1177369665/41878934545
21797522602,1097902002,https://shopee.com.br/product/1097902002/21797522602
58251365235,1097902002,https://shopee.com.br/product/1097902002/58251365235
23297473303,855489892,https://shopee.com.br/product/855489892/23297473303
22698008363,1344250083,https://shopee.com.br/product/1344250083/22698008363
22297316433,1072763470,https://shopee.com.br/product/1072763470/22297316433
19299248244,855489892,https://shopee.com.br/product/855489892/19299248244
19797738004,375188138,https://shopee.com.br/product/375188138/19797738004
23697557096,874507048,https://shopee.com.br/product/874507048/23697557096
23494229327,1215229492,https://shopee.com.br/product/1215229492/23494229327
23097483685,855489892,https://shopee.com.br/product/855489892/23097483685
18055408842,522316174,https://shopee.com.br/product/522316174/18055408842
56912708483,1782039369,https://shopee.com.br/product/1782039369/56912708483
7954010618,306878488,https://shopee.com.br/product/306878488/7954010618
42901959694,572649927,https://shopee.com.br/product/572649927/42901959694
22994060794,375188138,https://shopee.com.br/product/375188138/22994060794
22091962090,296813643,https://shopee.com.br/product/296813643/22091962090
22594449397,1423420147,https://shopee.com.br/product/1423420147/22594449397
23993489233,316070154,https://shopee.com.br/product/316070154/23993489233
22497488739,855489892,https://shopee.com.br/product/855489892/22497488739
23497347918,1177369665,https://shopee.com.br/product/1177369665/23497347918
23091946184,522316174,https://shopee.com.br/product/522316174/23091946184
23597356855,952014476,https://shopee.com.br/product/952014476/23597356855
22892998295,1033307532,https://shopee.com.br/product/1033307532/22892998295
20497473921,375188138,https://shopee.com.br/product/375188138/20497473921
23697557895,874507048,https://shopee.com.br/product/874507048/23697557895
23194973767,1243712796,https://shopee.com.br/product/1243712796/23194973767
22397781366,1226105437,https://shopee.com.br/product/1226105437/22397781366
23097183473,1097902002,https://shopee.com.br/product/1097902002/23097183473
20899320977,1177369665,https://shopee.com.br/product/1177369665/20899320977
22794291182,1344250083,https://shopee.com.br/product/1344250083/22794291182
22997064722,375188138,https://shopee.com.br/product/375188138/22997064722
22194185852,855489892,https://shopee.com.br/product/855489892/22194185852
19057821517,308628919,https://shopee.com.br/product/308628919/19057821517
20497674007,855489892,https://shopee.com.br/product/855489892/20497674007
23492986967,855489892,https://shopee.com.br/product/855489892/23492986967
23192987841,855489892,https://shopee.com.br/product/855489892/23192987841
23397478399,855489892,https://shopee.com.br/product/855489892/23397478399
22592150364,789777799,https://shopee.com.br/product/789777799/22592150364
22098450504,789777799,https://shopee.com.br/product/789777799/22098450504
49703242971,1242718651,https://shopee.com.br/product/1242718651/49703242971
22092992321,855489892,https://shopee.com.br/product/855489892/22092992321
23793042041,1226105437,https://shopee.com.br/product/1226105437/23793042041
23492987451,855489892,https://shopee.com.br/product/855489892/23492987451
58211588406,1655406395,https://shopee.com.br/product/1655406395/58211588406
19557608441,308628919,https://shopee.com.br/product/308628919/19557608441
23497452636,1107280577,https://shopee.com.br/product/1107280577/23497452636
23991652452,874507048,https://shopee.com.br/product/874507048/23991652452
23192987240,855489892,https://shopee.com.br/product/855489892/23192987240
26483721552,373745451,https://shopee.com.br/product/373745451/26483721552
58257215198,1707832186,https://shopee.com.br/product/1707832186/58257215198
19799322667,855489892,https://shopee.com.br/product/855489892/19799322667
22298394927,855489892,https://shopee.com.br/product/855489892/22298394927
18797807209,1316611304,https://shopee.com.br/product/1316611304/18797807209
19999237013,580791382,https://shopee.com.br/product/580791382/19999237013
18355442847,648124788,https://shopee.com.br/product/648124788/18355442847
18099273483,855489892,https://shopee.com.br/product/855489892/18099273483
18799379344,1316611304,https://shopee.com.br/product/1316611304/18799379344
23897478518,855489892,https://shopee.com.br/product/855489892/23897478518
22697763579,1316611304,https://shopee.com.br/product/1316611304/22697763579
23593400576,1226120317,https://shopee.com.br/product/1226120317/23593400576
25845201303,791969908,https://shopee.com.br/product/791969908/25845201303
23397484482,1033307532,https://shopee.com.br/product/1033307532/23397484482
22297615773,1107280577,https://shopee.com.br/product/1107280577/22297615773
23293863935,682804575,https://shopee.com.br/product/682804575/23293863935
19197667563,952014476,https://shopee.com.br/product/952014476/19197667563
23399026679,646888142,https://shopee.com.br/product/646888142/23399026679
22498398040,882904544,https://shopee.com.br/product/882904544/22498398040
23497743832,1334294037,https://shopee.com.br/product/1334294037/23497743832
21899333357,1215229492,https://shopee.com.br/product/1215229492/21899333357
23097494624,1107280577,https://shopee.com.br/product/1107280577/23097494624
21197655088,1107280577,https://shopee.com.br/product/1107280577/21197655088
20697405212,952014476,https://shopee.com.br/product/952014476/20697405212
23993061268,874507048,https://shopee.com.br/product/874507048/23993061268
23997684500,412482669,https://shopee.com.br/product/412482669/23997684500
18571527686,795711540,https://shopee.com.br/product/795711540/18571527686
19097672571,952014476,https://shopee.com.br/product/952014476/19097672571
6985933261,306878488,https://shopee.com.br/product/306878488/6985933261
20999253383,580791382,https://shopee.com.br/product/580791382/20999253383
21099713918,1316611304,https://shopee.com.br/product/1316611304/21099713918
22197624551,1226120317,https://shopee.com.br/product/1226120317/22197624551
19796986559,889942432,https://shopee.com.br/product/889942432/19796986559
23297773034,390327339,https://shopee.com.br/product/390327339/23297773034
23297639563,758814499,https://shopee.com.br/product/758814499/23297639563
19197923615,882904544,https://shopee.com.br/product/882904544/19197923615
58200865577,1107280577,https://shopee.com.br/product/1107280577/58200865577
22295747430,648124788,https://shopee.com.br/product/648124788/22295747430
18699249891,580791382,https://shopee.com.br/product/580791382/18699249891
22592811418,296813643,https://shopee.com.br/product/296813643/22592811418
22702204572,308628919,https://shopee.com.br/product/308628919/22702204572
23337901624,444869236,https://shopee.com.br/product/444869236/23337901624
23594326471,1242218284,https://shopee.com.br/product/1242218284/23594326471
20999378035,1235923910,https://shopee.com.br/product/1235923910/20999378035
23993600326,952014476,https://shopee.com.br/product/952014476/23993600326
22697763580,1316611304,https://shopee.com.br/product/1316611304/22697763580
22992654552,682804575,https://shopee.com.br/product/682804575/22992654552
23397595485,1246535200,https://shopee.com.br/product/1246535200/23397595485
21599369074,952014476,https://shopee.com.br/product/952014476/21599369074
20099092905,296813643,https://shopee.com.br/product/296813643/20099092905
20654201790,347781606,https://shopee.com.br/product/347781606/20654201790
20899542110,1329429906,https://shopee.com.br/product/1329429906/20899542110
23794504476,1372644554,https://shopee.com.br/product/1372644554/23794504476
23792976803,378940206,https://shopee.com.br/product/378940206/23792976803
22993280013,889942432,https://shopee.com.br/product/889942432/22993280013
23593393179,1242718651,https://shopee.com.br/product/1242718651/23593393179
22497684477,1302727497,https://shopee.com.br/product/1302727497/22497684477
22006958494,874507048,https://shopee.com.br/product/874507048/22006958494
58256406421,1083800536,https://shopee.com.br/product/1083800536/58256406421
22892985694,580791382,https://shopee.com.br/product/580791382/22892985694
23492944193,580791382,https://shopee.com.br/product/580791382/23492944193
18799379346,1316611304,https://shopee.com.br/product/1316611304/18799379346
20198099914,874507048,https://shopee.com.br/product/874507048/20198099914
23194058891,375188138,https://shopee.com.br/product/375188138/23194058891
22393002746,1033307532,https://shopee.com.br/product/1033307532/22393002746
22492303866,296813643,https://shopee.com.br/product/296813643/22492303866
22798022727,1396162916,https://shopee.com.br/product/1396162916/22798022727
22293712547,874507048,https://shopee.com.br/product/874507048/22293712547
22330337974,944577712,https://shopee.com.br/product/944577712/22330337974
16488436159,308628919,https://shopee.com.br/product/308628919/16488436159
20857608184,308628919,https://shopee.com.br/product/308628919/20857608184
18199881429,653044811,https://shopee.com.br/product/653044811/18199881429
22498434716,306878488,https://shopee.com.br/product/306878488/22498434716
19398270770,580791382,https://shopee.com.br/product/580791382/19398270770
23397174585,730226632,https://shopee.com.br/product/730226632/23397174585
24446589284,373150829,https://shopee.com.br/product/373150829/24446589284
22493907127,952014476,https://shopee.com.br/product/952014476/22493907127
22192582094,758814499,https://shopee.com.br/product/758814499/22192582094
58207883130,580791382,https://shopee.com.br/product/580791382/58207883130
22998557511,375188138,https://shopee.com.br/product/375188138/22998557511
22197768466,1316611304,https://shopee.com.br/product/1316611304/22197768466
21397218569,296813643,https://shopee.com.br/product/296813643/21397218569
22294680000,1563516628,https://shopee.com.br/product/1563516628/22294680000
22093514378,316070154,https://shopee.com.br/product/316070154/22093514378
18798516376,952014476,https://shopee.com.br/product/952014476/18798516376
21599829501,842544500,https://shopee.com.br/product/842544500/21599829501
21364230682,874507048,https://shopee.com.br/product/874507048/21364230682
23492968336,952014476,https://shopee.com.br/product/952014476/23492968336
22294029950,1316611304,https://shopee.com.br/product/1316611304/22294029950
58250317341,1563516628,https://shopee.com.br/product/1563516628/58250317341
58256749830,1334294037,https://shopee.com.br/product/1334294037/58256749830
23606987215,842544500,https://shopee.com.br/product/842544500/23606987215
18557590329,308628919,https://shopee.com.br/product/308628919/18557590329
22794466689,309237167,https://shopee.com.br/product/309237167/22794466689
23592291849,296813643,https://shopee.com.br/product/296813643/23592291849
20999889484,638399297,https://shopee.com.br/product/638399297/20999889484
22997996431,1329429906,https://shopee.com.br/product/1329429906/22997996431
22797419759,1107280577,https://shopee.com.br/product/1107280577/22797419759
22491385640,916172870,https://shopee.com.br/product/916172870/22491385640
23499143004,1215229492,https://shopee.com.br/product/1215229492/23499143004
23793489885,1329429906,https://shopee.com.br/product/1329429906/23793489885
23191732605,638399297,https://shopee.com.br/product/638399297/23191732605
58255785433,1329429906,https://shopee.com.br/product/1329429906/58255785433
58206416242,1083800536,https://shopee.com.br/product/1083800536/58206416242
22593494232,882904544,https://shopee.com.br/product/882904544/22593494232
58258810275,1563516628,https://shopee.com.br/product/1563516628/58258810275
58253214473,1541406826,https://shopee.com.br/product/1541406826/58253214473
22098127515,378940206,https://shopee.com.br/product/378940206/22098127515
23394234161,1215229492,https://shopee.com.br/product/1215229492/23394234161
22398319356,1372644554,https://shopee.com.br/product/1372644554/22398319356
58213381287,391672269,https://shopee.com.br/product/391672269/58213381287
19198133967,400973800,https://shopee.com.br/product/400973800/19198133967
22793058951,580791382,https://shopee.com.br/product/580791382/22793058951
18598516804,952014476,https://shopee.com.br/product/952014476/18598516804
15694559037,400973800,https://shopee.com.br/product/400973800/15694559037
20897660227,1107280577,https://shopee.com.br/product/1107280577/20897660227
22191957787,296813643,https://shopee.com.br/product/296813643/22191957787
23698539028,1396162916,https://shopee.com.br/product/1396162916/23698539028
23993489774,1329429906,https://shopee.com.br/product/1329429906/23993489774
46650974707,1314813681,https://shopee.com.br/product/1314813681/46650974707
19497928062,1033307532,https://shopee.com.br/product/1033307532/19497928062
16988441337,308628919,https://shopee.com.br/product/308628919/16988441337
22393525314,1215229492,https://shopee.com.br/product/1215229492/22393525314
23393499624,1177836673,https://shopee.com.br/product/1177836673/23393499624
22795742115,306878488,https://shopee.com.br/product/306878488/22795742115
18078451411,944577712,https://shopee.com.br/product/944577712/18078451411
23393419775,882904544,https://shopee.com.br/product/882904544/23393419775
19997678346,580791382,https://shopee.com.br/product/580791382/19997678346
23997069669,375188138,https://shopee.com.br/product/375188138/23997069669
22593864038,1033307532,https://shopee.com.br/product/1033307532/22593864038
18699563078,1226120317,https://shopee.com.br/product/1226120317/18699563078
22800736084,522316174,https://shopee.com.br/product/522316174/22800736084
22299007601,1563516628,https://shopee.com.br/product/1563516628/22299007601
23207006996,308628919,https://shopee.com.br/product/308628919/23207006996
22997482467,580791382,https://shopee.com.br/product/580791382/22997482467
13697204918,308628919,https://shopee.com.br/product/308628919/13697204918
21398872897,296813643,https://shopee.com.br/product/296813643/21398872897
19797278147,789777799,https://shopee.com.br/product/789777799/19797278147
22393093755,580791382,https://shopee.com.br/product/580791382/22393093755
23492811669,296813643,https://shopee.com.br/product/296813643/23492811669
21998787090,296813643,https://shopee.com.br/product/296813643/21998787090
23593191353,272868574,https://shopee.com.br/product/272868574/23593191353
23197340445,1177369665,https://shopee.com.br/product/1177369665/23197340445
52162503564,374148566,https://shopee.com.br/product/374148566/52162503564
18255398085,522316174,https://shopee.com.br/product/522316174/18255398085
12397220477,308628919,https://shopee.com.br/product/308628919/12397220477
58217628432,1767767311,https://shopee.com.br/product/1767767311/58217628432
19199319280,1107280577,https://shopee.com.br/product/1107280577/19199319280
58206350434,1083800536,https://shopee.com.br/product/1083800536/58206350434
22495178339,1220316212,https://shopee.com.br/product/1220316212/22495178339
44178562682,373150829,https://shopee.com.br/product/373150829/44178562682
18597298143,296813643,https://shopee.com.br/product/296813643/18597298143
21297805234,444869236,https://shopee.com.br/product/444869236/21297805234
22693052965,1220316212,https://shopee.com.br/product/1220316212/22693052965
23393525338,1220316212,https://shopee.com.br/product/1220316212/23393525338
20273316859,401986069,https://shopee.com.br/product/401986069/20273316859
20099092906,296813643,https://shopee.com.br/product/296813643/20099092906
22292965006,1097902002,https://shopee.com.br/product/1097902002/22292965006
22997080321,375188138,https://shopee.com.br/product/375188138/22997080321
21999557116,308628919,https://shopee.com.br/product/308628919/21999557116
23097602808,580791382,https://shopee.com.br/product/580791382/23097602808
23593400569,1226120317,https://shopee.com.br/product/1226120317/23593400569
23593815010,1215229492,https://shopee.com.br/product/1215229492/23593815010
19999245019,1107280577,https://shopee.com.br/product/1107280577/19999245019
21298791951,296813643,https://shopee.com.br/product/296813643/21298791951
23694213108,1316611304,https://shopee.com.br/product/1316611304/23694213108
22997178135,1097902002,https://shopee.com.br/product/1097902002/22997178135
19357590118,308628919,https://shopee.com.br/product/308628919/19357590118
22197646006,1107280577,https://shopee.com.br/product/1107280577/22197646006
58251676469,1215229492,https://shopee.com.br/product/1215229492/58251676469
23897494965,1033307532,https://shopee.com.br/product/1033307532/23897494965
16590241075,842544500,https://shopee.com.br/product/842544500/16590241075
21897410380,406699478,https://shopee.com.br/product/406699478/21897410380
22398319324,1372644554,https://shopee.com.br/product/1372644554/22398319324
14418211804,306878488,https://shopee.com.br/product/306878488/14418211804
57056765041,1371792496,https://shopee.com.br/product/1371792496/57056765041
58258200302,1208859337,https://shopee.com.br/product/1208859337/58258200302
23798666717,1215229492,https://shopee.com.br/product/1215229492/23798666717
22198726652,1215229492,https://shopee.com.br/product/1215229492/22198726652
56255116479,1242718651,https://shopee.com.br/product/1242718651/56255116479
58202021832,1107280577,https://shopee.com.br/product/1107280577/58202021832
18499394350,1215229492,https://shopee.com.br/product/1215229492/18499394350
20797787778,1215229492,https://shopee.com.br/product/1215229492/20797787778
22392990926,580791382,https://shopee.com.br/product/580791382/22392990926
23392992478,1107280577,https://shopee.com.br/product/1107280577/23392992478
23592291856,296813643,https://shopee.com.br/product/296813643/23592291856
22393053300,1226105437,https://shopee.com.br/product/1226105437/22393053300
23193257393,1079030436,https://shopee.com.br/product/1079030436/23193257393
22293279162,1226120317,https://shopee.com.br/product/1226120317/22293279162
22397777233,1215229492,https://shopee.com.br/product/1215229492/22397777233
23097178273,1097902002,https://shopee.com.br/product/1097902002/23097178273
23398791722,1344250083,https://shopee.com.br/product/1344250083/23398791722
19997680171,580791382,https://shopee.com.br/product/580791382/19997680171
19698296511,601021305,https://shopee.com.br/product/601021305/19698296511
20098266523,580791382,https://shopee.com.br/product/580791382/20098266523
19864573647,308628919,https://shopee.com.br/product/308628919/19864573647
19573316331,401986069,https://shopee.com.br/product/401986069/19573316331
22197768445,1316611304,https://shopee.com.br/product/1316611304/22197768445
23793088750,580791382,https://shopee.com.br/product/580791382/23793088750
19357590207,308628919,https://shopee.com.br/product/308628919/19357590207
22997308382,296813643,https://shopee.com.br/product/296813643/22997308382
20299253834,1107280577,https://shopee.com.br/product/1107280577/20299253834
22293509758,1329429906,https://shopee.com.br/product/1329429906/22293509758
22992568234,375188138,https://shopee.com.br/product/375188138/22992568234
22399148416,882904544,https://shopee.com.br/product/882904544/22399148416
22997493955,1107280577,https://shopee.com.br/product/1107280577/22997493955
21697673246,378940206,https://shopee.com.br/product/378940206/21697673246
22594651666,882904544,https://shopee.com.br/product/882904544/22594651666
20697749703,1226120317,https://shopee.com.br/product/1226120317/20697749703
21064305708,308628919,https://shopee.com.br/product/308628919/21064305708
23197540912,1226105437,https://shopee.com.br/product/1226105437/23197540912
22897283917,400973800,https://shopee.com.br/product/400973800/22897283917
20599548043,939446263,https://shopee.com.br/product/939446263/20599548043
23293498749,427153374,https://shopee.com.br/product/427153374/23293498749
23797744288,1316611304,https://shopee.com.br/product/1316611304/23797744288
23298913994,627750190,https://shopee.com.br/product/627750190/23298913994
22393049057,1226105437,https://shopee.com.br/product/1226105437/22393049057
21497218571,296813643,https://shopee.com.br/product/296813643/21497218571
19357609019,308628919,https://shopee.com.br/product/308628919/19357609019
22692667761,522316174,https://shopee.com.br/product/522316174/22692667761
56105775173,373150829,https://shopee.com.br/product/373150829/56105775173
20697926436,1033307532,https://shopee.com.br/product/1033307532/20697926436
21398791962,296813643,https://shopee.com.br/product/296813643/21398791962
22995002848,882904544,https://shopee.com.br/product/882904544/22995002848
23897545222,1226105437,https://shopee.com.br/product/1226105437/23897545222
22206958622,874507048,https://shopee.com.br/product/874507048/22206958622
20397499825,296813643,https://shopee.com.br/product/296813643/20397499825
21998787086,296813643,https://shopee.com.br/product/296813643/21998787086
19899680015,390327339,https://shopee.com.br/product/390327339/19899680015
58252341730,1107280577,https://shopee.com.br/product/1107280577/58252341730
22598339026,308628919,https://shopee.com.br/product/308628919/22598339026
19464295768,308628919,https://shopee.com.br/product/308628919/19464295768
22393870846,1097902002,https://shopee.com.br/product/1097902002/22393870846
58205049601,580791382,https://shopee.com.br/product/580791382/58205049601
22193271773,1316611304,https://shopee.com.br/product/1316611304/22193271773
18799557758,1226120317,https://shopee.com.br/product/1226120317/18799557758
14894558088,400973800,https://shopee.com.br/product/400973800/14894558088
43700210394,377074801,https://shopee.com.br/product/377074801/43700210394
20699185522,1097902002,https://shopee.com.br/product/1097902002/20699185522
22593693918,357239640,https://shopee.com.br/product/357239640/22593693918
22993646216,1235923910,https://shopee.com.br/product/1235923910/22993646216
58261497181,1372644554,https://shopee.com.br/product/1372644554/58261497181
23293276494,390327339,https://shopee.com.br/product/390327339/23293276494
22397494739,1033307532,https://shopee.com.br/product/1033307532/22397494739
22493053926,1226105437,https://shopee.com.br/product/1226105437/22493053926
58257023098,1541406826,https://shopee.com.br/product/1541406826/58257023098
23393090239,580791382,https://shopee.com.br/product/580791382/23393090239
23996635002,653044811,https://shopee.com.br/product/653044811/23996635002
22195090327,1767767311,https://shopee.com.br/product/1767767311/22195090327
23792568068,375188138,https://shopee.com.br/product/375188138/23792568068
23394362131,1563516628,https://shopee.com.br/product/1563516628/23394362131
19999334106,638399297,https://shopee.com.br/product/638399297/19999334106
55856798602,752849300,https://shopee.com.br/product/752849300/55856798602
58256405501,1083800536,https://shopee.com.br/product/1083800536/58256405501
22798067533,1226120317,https://shopee.com.br/product/1226120317/22798067533
23494041412,842544500,https://shopee.com.br/product/842544500/23494041412
22797555391,580791382,https://shopee.com.br/product/580791382/22797555391
22197768463,1316611304,https://shopee.com.br/product/1316611304/22197768463
22206959760,874507048,https://shopee.com.br/product/874507048/22206959760
19899587207,580791382,https://shopee.com.br/product/580791382/19899587207
22694308990,309237167,https://shopee.com.br/product/309237167/22694308990
22993064479,580791382,https://shopee.com.br/product/580791382/22993064479
23193059632,308628919,https://shopee.com.br/product/308628919/23193059632
9609521786,306878488,https://shopee.com.br/product/306878488/9609521786
22392995943,580791382,https://shopee.com.br/product/580791382/22392995943
58261920198,1832284196,https://shopee.com.br/product/1832284196/58261920198
21999573474,1316611304,https://shopee.com.br/product/1316611304/21999573474
19297676716,580791382,https://shopee.com.br/product/580791382/19297676716
21697454430,522316174,https://shopee.com.br/product/522316174/21697454430
21599380804,390327339,https://shopee.com.br/product/390327339/21599380804
48812517956,401986069,https://shopee.com.br/product/401986069/48812517956
20298034197,580791382,https://shopee.com.br/product/580791382/20298034197
18299592565,882904544,https://shopee.com.br/product/882904544/18299592565
20998003650,952014476,https://shopee.com.br/product/952014476/20998003650
20599387001,1243712796,https://shopee.com.br/product/1243712796/20599387001
19597993549,580791382,https://shopee.com.br/product/580791382/19597993549
23992986322,580791382,https://shopee.com.br/product/580791382/23992986322
18299352176,390327339,https://shopee.com.br/product/390327339/18299352176
23294018707,375188138,https://shopee.com.br/product/375188138/23294018707
22897624112,1107280577,https://shopee.com.br/product/1107280577/22897624112
22496977068,952014476,https://shopee.com.br/product/952014476/22496977068
23797744299,1316611304,https://shopee.com.br/product/1316611304/23797744299
22897725147,1215229492,https://shopee.com.br/product/1215229492/22897725147
21497455329,375188138,https://shopee.com.br/product/375188138/21497455329
22592990780,580791382,https://shopee.com.br/product/580791382/22592990780
20397499817,296813643,https://shopee.com.br/product/296813643/20397499817
58204150985,1334294037,https://shopee.com.br/product/1334294037/58204150985
23697696459,1215229492,https://shopee.com.br/product/1215229492/23697696459
20799088442,308628919,https://shopee.com.br/product/308628919/20799088442
18799336216,580791382,https://shopee.com.br/product/580791382/18799336216
19397613872,1097902002,https://shopee.com.br/product/1097902002/19397613872
22693414216,1177369665,https://shopee.com.br/product/1177369665/22693414216
18499403612,1316611304,https://shopee.com.br/product/1316611304/18499403612
23993391338,1226120317,https://shopee.com.br/product/1226120317/23993391338
22797436614,308628919,https://shopee.com.br/product/308628919/22797436614
22193108240,580791382,https://shopee.com.br/product/580791382/22193108240
23793262661,1226120317,https://shopee.com.br/product/1226120317/23793262661
23494202933,1553092714,https://shopee.com.br/product/1553092714/23494202933
19759399709,400973800,https://shopee.com.br/product/400973800/19759399709
21298791965,296813643,https://shopee.com.br/product/296813643/21298791965
14094323525,308628919,https://shopee.com.br/product/308628919/14094323525
21159683774,400973800,https://shopee.com.br/product/400973800/21159683774
22898579839,1329429906,https://shopee.com.br/product/1329429906/22898579839
22394304859,309237167,https://shopee.com.br/product/309237167/22394304859
17188441375,308628919,https://shopee.com.br/product/308628919/17188441375
58256372786,1083800536,https://shopee.com.br/product/1083800536/58256372786
19831583738,357239640,https://shopee.com.br/product/357239640/19831583738
20597612278,1097902002,https://shopee.com.br/product/1097902002/20597612278
18066663759,842544500,https://shopee.com.br/product/842544500/18066663759
22997992786,1215229492,https://shopee.com.br/product/1215229492/22997992786
47657720518,1242718651,https://shopee.com.br/product/1242718651/47657720518
23797744297,1316611304,https://shopee.com.br/product/1316611304/23797744297
58262260111,1081505086,https://shopee.com.br/product/1081505086/58262260111
23398463902,1215229492,https://shopee.com.br/product/1215229492/23398463902
21357589205,308628919,https://shopee.com.br/product/308628919/21357589205
58256405831,1083800536,https://shopee.com.br/product/1083800536/58256405831
20957593045,308628919,https://shopee.com.br/product/308628919/20957593045
19399073401,373150829,https://shopee.com.br/product/373150829/19399073401
22697763516,1316611304,https://shopee.com.br/product/1316611304/22697763516
58259889663,1097902002,https://shopee.com.br/product/1097902002/58259889663
23194301268,789777799,https://shopee.com.br/product/789777799/23194301268
20997804962,1316611304,https://shopee.com.br/product/1316611304/20997804962
23234414791,378940206,https://shopee.com.br/product/378940206/23234414791
23697614235,1226120317,https://shopee.com.br/product/1226120317/23697614235
23197064724,375188138,https://shopee.com.br/product/375188138/23197064724
58209726730,1083800536,https://shopee.com.br/product/1083800536/58209726730
22693214952,1215229492,https://shopee.com.br/product/1215229492/22693214952
23598010438,1226120317,https://shopee.com.br/product/1226120317/23598010438
18699564632,401986069,https://shopee.com.br/product/401986069/18699564632
25748223829,308628919,https://shopee.com.br/product/308628919/25748223829
22193271766,1316611304,https://shopee.com.br/product/1316611304/22193271766
19997685041,916172870,https://shopee.com.br/product/916172870/19997685041
19699664747,1107280577,https://shopee.com.br/product/1107280577/19699664747
22598945915,1423420147,https://shopee.com.br/product/1423420147/22598945915
23897959793,916172870,https://shopee.com.br/product/916172870/23897959793
58259554564,1316611304,https://shopee.com.br/product/1316611304/58259554564
23992012777,296813643,https://shopee.com.br/product/296813643/23992012777
23093337281,653044811,https://shopee.com.br/product/653044811/23093337281
23797732451,1334294037,https://shopee.com.br/product/1334294037/23797732451
19697749329,1243712796,https://shopee.com.br/product/1243712796/19697749329
23492968333,952014476,https://shopee.com.br/product/952014476/23492968333
23698473096,1033307532,https://shopee.com.br/product/1033307532/23698473096
21697811241,308628919,https://shopee.com.br/product/308628919/21697811241
18699559124,882904544,https://shopee.com.br/product/882904544/18699559124
19099215346,272868574,https://shopee.com.br/product/272868574/19099215346
17588440849,308628919,https://shopee.com.br/product/308628919/17588440849
22897913998,791969908,https://shopee.com.br/product/791969908/22897913998
23293714557,1344250083,https://shopee.com.br/product/1344250083/23293714557
22097621019,1226120317,https://shopee.com.br/product/1226120317/22097621019
23997069641,375188138,https://shopee.com.br/product/375188138/23997069641
22298739703,1215229492,https://shopee.com.br/product/1215229492/22298739703
23899230282,1215229492,https://shopee.com.br/product/1215229492/23899230282
22493267992,390327339,https://shopee.com.br/product/390327339/22493267992
21199679927,952014476,https://shopee.com.br/product/952014476/21199679927
18399194314,296813643,https://shopee.com.br/product/296813643/18399194314
22698545804,1107280577,https://shopee.com.br/product/1107280577/22698545804
22697707360,1215229492,https://shopee.com.br/product/1215229492/22697707360
23793086060,874507048,https://shopee.com.br/product/874507048/23793086060
8112040550,306878488,https://shopee.com.br/product/306878488/8112040550
18298306016,580791382,https://shopee.com.br/product/580791382/18298306016
23693422039,680601528,https://shopee.com.br/product/680601528/23693422039
20099092919,296813643,https://shopee.com.br/product/296813643/20099092919
18899379341,1316611304,https://shopee.com.br/product/1316611304/18899379341
29144805992,390327339,https://shopee.com.br/product/390327339/29144805992
23294018646,375188138,https://shopee.com.br/product/375188138/23294018646
22893897628,390327339,https://shopee.com.br/product/390327339/22893897628
20372692045,378940206,https://shopee.com.br/product/378940206/20372692045
22593832730,1107280577,https://shopee.com.br/product/1107280577/22593832730
23294296681,1334294037,https://shopee.com.br/product/1334294037/23294296681
21198754495,752849300,https://shopee.com.br/product/752849300/21198754495
19756645783,347781606,https://shopee.com.br/product/347781606/19756645783
42952453087,1246535200,https://shopee.com.br/product/1246535200/42952453087
58209723206,1083800536,https://shopee.com.br/product/1083800536/58209723206
18899548165,1215229492,https://shopee.com.br/product/1215229492/18899548165
23797744332,1316611304,https://shopee.com.br/product/1316611304/23797744332
23497765046,1246535200,https://shopee.com.br/product/1246535200/23497765046
23993215080,580791382,https://shopee.com.br/product/580791382/23993215080
22096351494,308628919,https://shopee.com.br/product/308628919/22096351494
20099757717,1316611304,https://shopee.com.br/product/1316611304/20099757717
23398715881,1215229492,https://shopee.com.br/product/1215229492/23398715881
16988441385,308628919,https://shopee.com.br/product/308628919/16988441385
22399018157,580791382,https://shopee.com.br/product/580791382/22399018157
23298649902,1235923910,https://shopee.com.br/product/1235923910/23298649902
18198032824,916172870,https://shopee.com.br/product/916172870/18198032824
22298922398,882904544,https://shopee.com.br/product/882904544/22298922398
18197654155,272868574,https://shopee.com.br/product/272868574/18197654155
23598014362,580791382,https://shopee.com.br/product/580791382/23598014362
20455443077,648124788,https://shopee.com.br/product/648124788/20455443077
17590247233,308628919,https://shopee.com.br/product/308628919/17590247233
22193271780,1316611304,https://shopee.com.br/product/1316611304/22193271780
18697750904,1114000786,https://shopee.com.br/product/1114000786/18697750904
17690245975,308628919,https://shopee.com.br/product/308628919/17690245975
22206958831,874507048,https://shopee.com.br/product/874507048/22206958831
57556519110,1379077822,https://shopee.com.br/product/1379077822/57556519110
18797807207,1316611304,https://shopee.com.br/product/1316611304/18797807207
58256413617,1083800536,https://shopee.com.br/product/1083800536/58256413617
16290246892,308628919,https://shopee.com.br/product/308628919/16290246892
22493206187,390327339,https://shopee.com.br/product/390327339/22493206187
48111554583,1177369665,https://shopee.com.br/product/1177369665/48111554583
58259712960,1083800536,https://shopee.com.br/product/1083800536/58259712960
22899448133,1072763470,https://shopee.com.br/product/1072763470/22899448133
22198911587,580791382,https://shopee.com.br/product/580791382/22198911587
22994525470,522316174,https://shopee.com.br/product/522316174/22994525470
20699046876,308628919,https://shopee.com.br/product/308628919/20699046876
22193535711,1215229492,https://shopee.com.br/product/1215229492/22193535711
23297580385,408578430,https://shopee.com.br/product/408578430/23297580385
22393122938,1226120317,https://shopee.com.br/product/1226120317/22393122938
22297615765,1107280577,https://shopee.com.br/product/1107280577/22297615765
23394219174,1215229492,https://shopee.com.br/product/1215229492/23394219174
19498142233,1012623059,https://shopee.com.br/product/1012623059/19498142233
22098338603,1107280577,https://shopee.com.br/product/1107280577/22098338603
22598896128,882904544,https://shopee.com.br/product/882904544/22598896128
23793512497,375188138,https://shopee.com.br/product/375188138/23793512497
22096227775,444869236,https://shopee.com.br/product/444869236/22096227775
18564233247,874507048,https://shopee.com.br/product/874507048/18564233247
22993518891,1226120317,https://shopee.com.br/product/1226120317/22993518891
21497808940,1235923910,https://shopee.com.br/product/1235923910/21497808940
22893228783,1215229492,https://shopee.com.br/product/1215229492/22893228783
22894552516,309237167,https://shopee.com.br/product/309237167/22894552516
22994810574,1561901020,https://shopee.com.br/product/1561901020/22994810574
22538119463,942805673,https://shopee.com.br/product/942805673/22538119463
58211903965,1832284196,https://shopee.com.br/product/1832284196/58211903965
22298922396,882904544,https://shopee.com.br/product/882904544/22298922396
22599501278,1372644554,https://shopee.com.br/product/1372644554/22599501278
23597745776,1235923910,https://shopee.com.br/product/1235923910/23597745776
23992664665,373150829,https://shopee.com.br/product/373150829/23992664665
22897553943,378940206,https://shopee.com.br/product/378940206/22897553943
22594937673,580791382,https://shopee.com.br/product/580791382/22594937673
22694471108,309237167,https://shopee.com.br/product/309237167/22694471108
18064233246,874507048,https://shopee.com.br/product/874507048/18064233246
21597747626,580791382,https://shopee.com.br/product/580791382/21597747626
21499253172,580791382,https://shopee.com.br/product/580791382/21499253172
21198091168,1388709282,https://shopee.com.br/product/1388709282/21198091168
22397979856,680601528,https://shopee.com.br/product/680601528/22397979856
19897660309,1107280577,https://shopee.com.br/product/1107280577/19897660309
23798545327,1072763470,https://shopee.com.br/product/1072763470/23798545327
22698950427,882904544,https://shopee.com.br/product/882904544/22698950427
19973438360,347781606,https://shopee.com.br/product/347781606/19973438360
58259263701,1782039369,https://shopee.com.br/product/1782039369/58259263701
20496936930,952014476,https://shopee.com.br/product/952014476/20496936930
23793142827,1226105437,https://shopee.com.br/product/1226105437/23793142827
52161098979,401986069,https://shopee.com.br/product/401986069/52161098979
55056645713,1379077822,https://shopee.com.br/product/1379077822/55056645713
22794291217,1344250083,https://shopee.com.br/product/1344250083/22794291217
58250181640,1334294037,https://shopee.com.br/product/1334294037/58250181640
23692844455,1177369665,https://shopee.com.br/product/1177369665/23692844455
18399368550,1215229492,https://shopee.com.br/product/1215229492/18399368550
23793086034,874507048,https://shopee.com.br/product/874507048/23793086034
20498710963,952014476,https://shopee.com.br/product/952014476/20498710963
23497155679,306878488,https://shopee.com.br/product/306878488/23497155679
23694289724,1097902002,https://shopee.com.br/product/1097902002/23694289724
22392437731,952014476,https://shopee.com.br/product/952014476/22392437731
58205642588,1082747237,https://shopee.com.br/product/1082747237/58205642588
23398214648,347781606,https://shopee.com.br/product/347781606/23398214648
22599056063,1060724397,https://shopee.com.br/product/1060724397/22599056063
18597982851,939446263,https://shopee.com.br/product/939446263/18597982851
19198019934,347781606,https://shopee.com.br/product/347781606/19198019934
22998792758,1215229492,https://shopee.com.br/product/1215229492/22998792758
22194477505,306878488,https://shopee.com.br/product/306878488/22194477505
23597592154,522316174,https://shopee.com.br/product/522316174/23597592154
22697981791,882904544,https://shopee.com.br/product/882904544/22697981791
22693262107,1246535200,https://shopee.com.br/product/1246535200/22693262107
22091962085,296813643,https://shopee.com.br/product/296813643/22091962085
23298364785,874507048,https://shopee.com.br/product/874507048/23298364785
23497754883,1215229492,https://shopee.com.br/product/1215229492/23497754883
23197062341,682804575,https://shopee.com.br/product/682804575/23197062341
23294408113,580791382,https://shopee.com.br/product/580791382/23294408113
22197468913,952014476,https://shopee.com.br/product/952014476/22197468913
21551688332,791969908,https://shopee.com.br/product/791969908/21551688332
22892627990,308628919,https://shopee.com.br/product/308628919/22892627990
22493266691,1316611304,https://shopee.com.br/product/1316611304/22493266691
19357608476,308628919,https://shopee.com.br/product/308628919/19357608476
20199495329,882904544,https://shopee.com.br/product/882904544/20199495329
22098012497,451273707,https://shopee.com.br/product/451273707/22098012497
19897417271,805449066,https://shopee.com.br/product/805449066/19897417271
20998032836,1423420147,https://shopee.com.br/product/1423420147/20998032836
22099031762,580791382,https://shopee.com.br/product/580791382/22099031762
22399148413,882904544,https://shopee.com.br/product/882904544/22399148413
22096458661,296813643,https://shopee.com.br/product/296813643/22096458661
23892852628,375188138,https://shopee.com.br/product/375188138/23892852628
22894552074,309237167,https://shopee.com.br/product/309237167/22894552074
23993199974,1215229492,https://shopee.com.br/product/1215229492/23993199974
23497558180,874507048,https://shopee.com.br/product/874507048/23497558180
19999543589,1329429906,https://shopee.com.br/product/1329429906/19999543589
23197456801,1097902002,https://shopee.com.br/product/1097902002/23197456801
17188441358,308628919,https://shopee.com.br/product/308628919/17188441358
23592572141,758814499,https://shopee.com.br/product/758814499/23592572141
21264230698,874507048,https://shopee.com.br/product/874507048/21264230698
23898650014,375188138,https://shopee.com.br/product/375188138/23898650014
58210339236,1329429906,https://shopee.com.br/product/1329429906/58210339236
22297918313,1226120317,https://shopee.com.br/product/1226120317/22297918313
23592692372,1097902002,https://shopee.com.br/product/1097902002/23592692372
23098159235,1246535200,https://shopee.com.br/product/1246535200/23098159235
58258831251,1097902002,https://shopee.com.br/product/1097902002/58258831251
23497692019,1215229492,https://shopee.com.br/product/1215229492/23497692019
22993486868,882904544,https://shopee.com.br/product/882904544/22993486868
23394242328,1561901020,https://shopee.com.br/product/1561901020/23394242328
23997069659,375188138,https://shopee.com.br/product/375188138/23997069659
23998329082,1107280577,https://shopee.com.br/product/1107280577/23998329082
18297678999,1033307532,https://shopee.com.br/product/1033307532/18297678999
23094516986,1552226494,https://shopee.com.br/product/1552226494/23094516986
21097682201,952014476,https://shopee.com.br/product/952014476/21097682201
21114092741,791969908,https://shopee.com.br/product/791969908/21114092741
22995036420,1563516628,https://shopee.com.br/product/1563516628/22995036420
22697918347,580791382,https://shopee.com.br/product/580791382/22697918347
23992683567,296813643,https://shopee.com.br/product/296813643/23992683567
20099664927,1107280577,https://shopee.com.br/product/1107280577/20099664927
22198694831,580791382,https://shopee.com.br/product/580791382/22198694831
20299379916,1107280577,https://shopee.com.br/product/1107280577/20299379916
22897316170,296813643,https://shopee.com.br/product/296813643/22897316170
21398872852,296813643,https://shopee.com.br/product/296813643/21398872852
22794440815,882904544,https://shopee.com.br/product/882904544/22794440815
21999890897,1372644554,https://shopee.com.br/product/1372644554/21999890897
21797675088,580791382,https://shopee.com.br/product/580791382/21797675088
23493110906,638399297,https://shopee.com.br/product/638399297/23493110906
6953849879,306878488,https://shopee.com.br/product/306878488/6953849879
18399237946,401986069,https://shopee.com.br/product/401986069/18399237946
23497779586,1316611304,https://shopee.com.br/product/1316611304/23497779586
19199377841,1107280577,https://shopee.com.br/product/1107280577/19199377841
11549894534,296093764,https://shopee.com.br/product/296093764/11549894534
21597455331,375188138,https://shopee.com.br/product/375188138/21597455331
20497804413,882904544,https://shopee.com.br/product/882904544/20497804413
22797488028,580791382,https://shopee.com.br/product/580791382/22797488028
23793048449,1226105437,https://shopee.com.br/product/1226105437/23793048449
42324144803,601021305,https://shopee.com.br/product/601021305/42324144803
23897759210,1226120317,https://shopee.com.br/product/1226120317/23897759210
23593086106,874507048,https://shopee.com.br/product/874507048/23593086106
22091962094,296813643,https://shopee.com.br/product/296813643/22091962094
22992568146,375188138,https://shopee.com.br/product/375188138/22992568146
58261901932,795711540,https://shopee.com.br/product/795711540/58261901932
58256405808,1083800536,https://shopee.com.br/product/1083800536/58256405808
21699254101,1033307532,https://shopee.com.br/product/1033307532/21699254101
18398285784,1215229492,https://shopee.com.br/product/1215229492/18398285784
57456547768,791969908,https://shopee.com.br/product/791969908/57456547768
58265132407,1673525976,https://shopee.com.br/product/1673525976/58265132407
16787856958,648124788,https://shopee.com.br/product/648124788/16787856958
18597994384,882904544,https://shopee.com.br/product/882904544/18597994384
58204657378,1485004225,https://shopee.com.br/product/1485004225/58204657378
23196963774,952014476,https://shopee.com.br/product/952014476/23196963774
18198242046,1316611304,https://shopee.com.br/product/1316611304/18198242046
21764286222,308628919,https://shopee.com.br/product/308628919/21764286222
16988441355,308628919,https://shopee.com.br/product/308628919/16988441355
22193550470,1396162916,https://shopee.com.br/product/1396162916/22193550470
18566203105,874507048,https://shopee.com.br/product/874507048/18566203105
18599337568,952014476,https://shopee.com.br/product/952014476/18599337568
22394403112,882904544,https://shopee.com.br/product/882904544/22394403112
23397453546,356560587,https://shopee.com.br/product/356560587/23397453546
22797616044,1226120317,https://shopee.com.br/product/1226120317/22797616044
20997795178,1235923910,https://shopee.com.br/product/1235923910/20997795178
22892935656,1097902002,https://shopee.com.br/product/1097902002/22892935656
18899181753,1097902002,https://shopee.com.br/product/1097902002/18899181753
22594352687,309237167,https://shopee.com.br/product/309237167/22594352687
23194422391,1316611304,https://shopee.com.br/product/1316611304/23194422391
19357608397,308628919,https://shopee.com.br/product/308628919/19357608397
21699185831,401986069,https://shopee.com.br/product/401986069/21699185831
22497499979,1033307532,https://shopee.com.br/product/1033307532/22497499979
53107018335,1371792496,https://shopee.com.br/product/1371792496/53107018335
22293272771,1107280577,https://shopee.com.br/product/1107280577/22293272771
23694267755,789777799,https://shopee.com.br/product/789777799/23694267755
23194362321,1563516628,https://shopee.com.br/product/1563516628/23194362321
22497615837,1226120317,https://shopee.com.br/product/1226120317/22497615837
22794291212,1344250083,https://shopee.com.br/product/1344250083/22794291212
19099835556,580791382,https://shopee.com.br/product/580791382/19099835556
49957735180,582386382,https://shopee.com.br/product/582386382/49957735180
44605102986,308628919,https://shopee.com.br/product/308628919/44605102986
18099664665,1246535200,https://shopee.com.br/product/1246535200/18099664665
22091962038,296813643,https://shopee.com.br/product/296813643/22091962038
23499416944,1316611304,https://shopee.com.br/product/1316611304/23499416944
19999300956,1226120317,https://shopee.com.br/product/1226120317/19999300956
21697924454,1226120317,https://shopee.com.br/product/1226120317/21697924454
22197912068,1226120317,https://shopee.com.br/product/1226120317/22197912068
23597988334,882904544,https://shopee.com.br/product/882904544/23597988334
23798373321,1107280577,https://shopee.com.br/product/1107280577/23798373321
18467394138,687950391,https://shopee.com.br/product/687950391/18467394138
58255536195,580791382,https://shopee.com.br/product/580791382/58255536195
19455381440,522316174,https://shopee.com.br/product/522316174/19455381440
21297299519,296813643,https://shopee.com.br/product/296813643/21297299519
58210516722,789777799,https://shopee.com.br/product/789777799/58210516722
22494052644,1316611304,https://shopee.com.br/product/1316611304/22494052644
22997064763,375188138,https://shopee.com.br/product/375188138/22997064763
22393280474,1215229492,https://shopee.com.br/product/1215229492/22393280474
22494315922,789777799,https://shopee.com.br/product/789777799/22494315922
20599096059,1097902002,https://shopee.com.br/product/1097902002/20599096059
58251687421,1617519379,https://shopee.com.br/product/1617519379/58251687421
22193492260,1246535200,https://shopee.com.br/product/1246535200/22193492260
18799379343,1316611304,https://shopee.com.br/product/1316611304/18799379343
20099322121,1243712796,https://shopee.com.br/product/1243712796/20099322121
21498139296,1334294037,https://shopee.com.br/product/1334294037/21498139296
22592229137,648124788,https://shopee.com.br/product/648124788/22592229137
23393513299,882904544,https://shopee.com.br/product/882904544/23393513299
20997804952,1316611304,https://shopee.com.br/product/1316611304/20997804952
22693266779,1316611304,https://shopee.com.br/product/1316611304/22693266779
22798825553,1107280577,https://shopee.com.br/product/1107280577/22798825553
58209565896,1316611304,https://shopee.com.br/product/1316611304/58209565896
22994432096,1541406826,https://shopee.com.br/product/1541406826/22994432096
22897776839,1215229492,https://shopee.com.br/product/1215229492/22897776839
22493053682,580791382,https://shopee.com.br/product/580791382/22493053682
22297312517,1096487236,https://shopee.com.br/product/1096487236/22297312517
23397540292,1220316212,https://shopee.com.br/product/1220316212/23397540292
20599299321,580791382,https://shopee.com.br/product/580791382/20599299321
23393091935,1107280577,https://shopee.com.br/product/1107280577/23393091935
22106959521,874507048,https://shopee.com.br/product/874507048/22106959521
19599263063,1220316212,https://shopee.com.br/product/1220316212/19599263063
22193220137,1215229492,https://shopee.com.br/product/1215229492/22193220137
22298050715,580791382,https://shopee.com.br/product/580791382/22298050715
22897458024,1107280577,https://shopee.com.br/product/1107280577/22897458024
23597968802,791969908,https://shopee.com.br/product/791969908/23597968802
23498818254,627750190,https://shopee.com.br/product/627750190/23498818254
22498388598,1107280577,https://shopee.com.br/product/1107280577/22498388598
22098202314,1226120317,https://shopee.com.br/product/1226120317/22098202314
22694207450,1553092714,https://shopee.com.br/product/1553092714/22694207450
22897974528,882904544,https://shopee.com.br/product/882904544/22897974528
19297994327,1215229492,https://shopee.com.br/product/1215229492/19297994327
23893590780,1215229492,https://shopee.com.br/product/1215229492/23893590780
19799321469,1243712796,https://shopee.com.br/product/1243712796/19799321469
23298863331,1372644554,https://shopee.com.br/product/1372644554/23298863331
23498517334,653044811,https://shopee.com.br/product/653044811/23498517334
22997725097,1215229492,https://shopee.com.br/product/1215229492/22997725097
19697681667,580791382,https://shopee.com.br/product/580791382/19697681667
58208431935,1541406826,https://shopee.com.br/product/1541406826/58208431935
48455113724,1242718651,https://shopee.com.br/product/1242718651/48455113724
20596885422,758814499,https://shopee.com.br/product/758814499/20596885422
19298187476,375188138,https://shopee.com.br/product/375188138/19298187476
22494383559,1372644554,https://shopee.com.br/product/1372644554/22494383559
22294087650,1226120317,https://shopee.com.br/product/1226120317/22294087650
22597700975,580791382,https://shopee.com.br/product/580791382/22597700975
20298019341,984366979,https://shopee.com.br/product/984366979/20298019341
22994038931,952014476,https://shopee.com.br/product/952014476/22994038931
19999369938,1215229492,https://shopee.com.br/product/1215229492/19999369938
20997804919,1316611304,https://shopee.com.br/product/1316611304/20997804919
58210350091,874507048,https://shopee.com.br/product/874507048/58210350091
22297703083,390327339,https://shopee.com.br/product/390327339/22297703083
22898715810,1215229492,https://shopee.com.br/product/1215229492/22898715810
18299651638,1302727497,https://shopee.com.br/product/1302727497/18299651638
19799028840,758814499,https://shopee.com.br/product/758814499/19799028840
21897410381,406699478,https://shopee.com.br/product/406699478/21897410381
58205872901,882904544,https://shopee.com.br/product/882904544/58205872901
23197064693,375188138,https://shopee.com.br/product/375188138/23197064693
18964284094,874507048,https://shopee.com.br/product/874507048/18964284094
22993089074,580791382,https://shopee.com.br/product/580791382/22993089074
18197463743,375188138,https://shopee.com.br/product/375188138/18197463743
23893590784,1215229492,https://shopee.com.br/product/1215229492/23893590784
58264846045,1097902002,https://shopee.com.br/product/1097902002/58264846045
18999690010,1329429906,https://shopee.com.br/product/1329429906/18999690010
58258421259,1097902002,https://shopee.com.br/product/1097902002/58258421259
23193983853,1316611304,https://shopee.com.br/product/1316611304/23193983853
58207571813,1563516628,https://shopee.com.br/product/1563516628/58207571813
22792588844,375188138,https://shopee.com.br/product/375188138/22792588844
21999598798,580791382,https://shopee.com.br/product/580791382/21999598798
23593045580,580791382,https://shopee.com.br/product/580791382/23593045580
22096458724,296813643,https://shopee.com.br/product/296813643/22096458724
22993396781,1235923910,https://shopee.com.br/product/1235923910/22993396781
18997796669,1235923910,https://shopee.com.br/product/1235923910/18997796669
22797487473,580791382,https://shopee.com.br/product/580791382/22797487473
22994373530,1423420147,https://shopee.com.br/product/1423420147/22994373530
22398679851,1097902002,https://shopee.com.br/product/1097902002/22398679851
22298735906,1215229492,https://shopee.com.br/product/1215229492/22298735906
22798439056,1316611304,https://shopee.com.br/product/1316611304/22798439056
22293111859,580791382,https://shopee.com.br/product/580791382/22293111859
22093720123,357239640,https://shopee.com.br/product/357239640/22093720123
43654041378,1186779187,https://shopee.com.br/product/1186779187/43654041378
20964234189,874507048,https://shopee.com.br/product/874507048/20964234189
23697557872,874507048,https://shopee.com.br/product/874507048/23697557872
19898138541,789777799,https://shopee.com.br/product/789777799/19898138541
21697660133,1107280577,https://shopee.com.br/product/1107280577/21697660133
23997692220,1215229492,https://shopee.com.br/product/1215229492/23997692220
25098001528,1371792496,https://shopee.com.br/product/1371792496/25098001528
23493045529,1220316212,https://shopee.com.br/product/1220316212/23493045529
22193271782,1316611304,https://shopee.com.br/product/1316611304/22193271782
43904920902,401986069,https://shopee.com.br/product/401986069/43904920902
21398317726,1372644554,https://shopee.com.br/product/1372644554/21398317726
18599581610,580791382,https://shopee.com.br/product/580791382/18599581610
19299368513,1215229492,https://shopee.com.br/product/1215229492/19299368513
22794291239,1344250083,https://shopee.com.br/product/1344250083/22794291239
23893007728,680601528,https://shopee.com.br/product/680601528/23893007728
18998193525,1235923910,https://shopee.com.br/product/1235923910/18998193525
22792573545,375188138,https://shopee.com.br/product/375188138/22792573545
18897729301,412527932,https://shopee.com.br/product/412527932/18897729301
21297660117,1107280577,https://shopee.com.br/product/1107280577/21297660117
18497658297,604489889,https://shopee.com.br/product/604489889/18497658297
9715743301,305108896,https://shopee.com.br/product/305108896/9715743301
22697607260,412527932,https://shopee.com.br/product/412527932/22697607260
22297560153,375188138,https://shopee.com.br/product/375188138/22297560153
23094070704,1372644554,https://shopee.com.br/product/1372644554/23094070704
22997992766,1215229492,https://shopee.com.br/product/1215229492/22997992766
40105321896,1246535200,https://shopee.com.br/product/1246535200/40105321896
23393967430,1215229492,https://shopee.com.br/product/1215229492/23393967430
23794275154,627750190,https://shopee.com.br/product/627750190/23794275154
22097766258,580791382,https://shopee.com.br/product/580791382/22097766258
58255739306,882904544,https://shopee.com.br/product/882904544/58255739306
58212695099,1226105437,https://shopee.com.br/product/1226105437/58212695099
18497748227,1107280577,https://shopee.com.br/product/1107280577/18497748227
23792991038,580791382,https://shopee.com.br/product/580791382/23792991038
23593235833,378940206,https://shopee.com.br/product/378940206/23593235833
23997974931,1329429906,https://shopee.com.br/product/1329429906/23997974931
58200948797,1226120317,https://shopee.com.br/product/1226120317/58200948797
18097780072,1215229492,https://shopee.com.br/product/1215229492/18097780072
41730094011,1490123401,https://shopee.com.br/product/1490123401/41730094011
22091962146,296813643,https://shopee.com.br/product/296813643/22091962146
18699663379,580791382,https://shopee.com.br/product/580791382/18699663379
40622942154,601021305,https://shopee.com.br/product/601021305/40622942154
23394417112,1541406826,https://shopee.com.br/product/1541406826/23394417112
20498267990,648124788,https://shopee.com.br/product/648124788/20498267990
18599549621,939446263,https://shopee.com.br/product/939446263/18599549621
58257289388,1243712796,https://shopee.com.br/product/1243712796/58257289388
58211427624,1334294037,https://shopee.com.br/product/1334294037/58211427624
20373316284,401986069,https://shopee.com.br/product/401986069/20373316284
22498871494,1563516628,https://shopee.com.br/product/1563516628/22498871494
21599028669,375188138,https://shopee.com.br/product/375188138/21599028669
23092568227,375188138,https://shopee.com.br/product/375188138/23092568227
22997064737,375188138,https://shopee.com.br/product/375188138/22997064737
18398511979,312703265,https://shopee.com.br/product/312703265/18398511979
23293862536,378940206,https://shopee.com.br/product/378940206/23293862536
58257488754,1243712796,https://shopee.com.br/product/1243712796/58257488754
23993199803,1215229492,https://shopee.com.br/product/1215229492/23993199803
22394526979,580791382,https://shopee.com.br/product/580791382/22394526979
58200719575,1215229492,https://shopee.com.br/product/1215229492/58200719575
22097550990,1226105437,https://shopee.com.br/product/1226105437/22097550990
22593050156,1220316212,https://shopee.com.br/product/1220316212/22593050156
18598021282,489001115,https://shopee.com.br/product/489001115/18598021282
22598202384,580791382,https://shopee.com.br/product/580791382/22598202384
44900905146,390327339,https://shopee.com.br/product/390327339/44900905146
58216493778,1329429906,https://shopee.com.br/product/1329429906/58216493778
22098477632,1235923910,https://shopee.com.br/product/1235923910/22098477632
58259746989,306878488,https://shopee.com.br/product/306878488/58259746989
18097704103,1097902002,https://shopee.com.br/product/1097902002/18097704103
22499534013,316070154,https://shopee.com.br/product/316070154/22499534013
22693242951,390327339,https://shopee.com.br/product/390327339/22693242951
23997692128,1215229492,https://shopee.com.br/product/1215229492/23997692128
22098161890,1235923910,https://shopee.com.br/product/1235923910/22098161890
23193513576,882904544,https://shopee.com.br/product/882904544/23193513576
20198099913,874507048,https://shopee.com.br/product/874507048/20198099913
20199092905,296813643,https://shopee.com.br/product/296813643/20199092905
23593525813,1396162916,https://shopee.com.br/product/1396162916/23593525813
6652432271,306878488,https://shopee.com.br/product/306878488/6652432271
23118230262,648124788,https://shopee.com.br/product/648124788/23118230262
22997671931,638399297,https://shopee.com.br/product/638399297/22997671931
22193217924,1215229492,https://shopee.com.br/product/1215229492/22193217924
46408373460,390327339,https://shopee.com.br/product/390327339/46408373460
44959465941,1246535200,https://shopee.com.br/product/1246535200/44959465941
20398315698,1215229492,https://shopee.com.br/product/1215229492/20398315698
20997680643,1033307532,https://shopee.com.br/product/1033307532/20997680643
58261588961,1082747237,https://shopee.com.br/product/1082747237/58261588961
21299758090,1371792496,https://shopee.com.br/product/1371792496/21299758090
22393280517,1215229492,https://shopee.com.br/product/1215229492/22393280517
21499601166,1146529360,https://shopee.com.br/product/1146529360/21499601166
23997552555,916172870,https://shopee.com.br/product/916172870/23997552555
22294035028,1423420147,https://shopee.com.br/product/1423420147/22294035028
22593411713,1226120317,https://shopee.com.br/product/1226120317/22593411713
20599304384,296813643,https://shopee.com.br/product/296813643/20599304384
22498717211,952014476,https://shopee.com.br/product/952014476/22498717211
21297924395,1235923910,https://shopee.com.br/product/1235923910/21297924395
42378231566,1242718651,https://shopee.com.br/product/1242718651/42378231566
22598806769,1097902002,https://shopee.com.br/product/1097902002/22598806769
20597787735,1215229492,https://shopee.com.br/product/1215229492/20597787735
22897776721,889942432,https://shopee.com.br/product/889942432/22897776721
23494339335,451273707,https://shopee.com.br/product/451273707/23494339335
23497751730,882904544,https://shopee.com.br/product/882904544/23497751730
22193705459,1226120317,https://shopee.com.br/product/1226120317/22193705459
47757355230,390327339,https://shopee.com.br/product/390327339/47757355230
23592956074,1107280577,https://shopee.com.br/product/1107280577/23592956074
21198141083,1215229492,https://shopee.com.br/product/1215229492/21198141083
22194243149,1215229492,https://shopee.com.br/product/1215229492/22194243149
54205035969,1242718651,https://shopee.com.br/product/1242718651/54205035969
22693291602,1226120317,https://shopee.com.br/product/1226120317/22693291602
20699185525,1097902002,https://shopee.com.br/product/1097902002/20699185525
22093434826,1033307532,https://shopee.com.br/product/1033307532/22093434826
23398791712,1344250083,https://shopee.com.br/product/1344250083/23398791712
23194450847,1563516628,https://shopee.com.br/product/1563516628/23194450847
22794291144,1344250083,https://shopee.com.br/product/1344250083/22794291144
23697557874,874507048,https://shopee.com.br/product/874507048/23697557874
19999595677,758814499,https://shopee.com.br/product/758814499/19999595677
22093054318,1226105437,https://shopee.com.br/product/1226105437/22093054318
21098031891,378940206,https://shopee.com.br/product/378940206/21098031891
22898352810,390327339,https://shopee.com.br/product/390327339/22898352810
46616195020,1423372949,https://shopee.com.br/product/1423372949/46616195020
23793881907,882904544,https://shopee.com.br/product/882904544/23793881907
23793881875,882904544,https://shopee.com.br/product/882904544/23793881875
23799487073,758814499,https://shopee.com.br/product/758814499/23799487073
23093521293,758814499,https://shopee.com.br/product/758814499/23093521293
40370776498,401986069,https://shopee.com.br/product/401986069/40370776498
23898112163,1226120317,https://shopee.com.br/product/1226120317/23898112163
23398163760,1246535200,https://shopee.com.br/product/1246535200/23398163760
23797297894,795711540,https://shopee.com.br/product/795711540/23797297894
22799046965,1630032069,https://shopee.com.br/product/1630032069/22799046965
23993732609,378940206,https://shopee.com.br/product/378940206/23993732609
21264229279,874507048,https://shopee.com.br/product/874507048/21264229279
23793085992,874507048,https://shopee.com.br/product/874507048/23793085992
21350036933,296114884,https://shopee.com.br/product/296114884/21350036933
21899847419,406699478,https://shopee.com.br/product/406699478/21899847419
23598230227,1243712796,https://shopee.com.br/product/1243712796/23598230227
20399333482,874507048,https://shopee.com.br/product/874507048/20399333482
22198726782,1215229492,https://shopee.com.br/product/1215229492/22198726782
18369565483,889942432,https://shopee.com.br/product/889942432/18369565483
23393087725,1107280577,https://shopee.com.br/product/1107280577/23393087725
18399035394,375188138,https://shopee.com.br/product/375188138/18399035394
22697072080,1096487236,https://shopee.com.br/product/1096487236/22697072080
58210346975,874507048,https://shopee.com.br/product/874507048/58210346975
22193277371,1316611304,https://shopee.com.br/product/1316611304/22193277371
23918087778,916172870,https://shopee.com.br/product/916172870/23918087778
22618242929,916172870,https://shopee.com.br/product/916172870/22618242929
22997064775,375188138,https://shopee.com.br/product/375188138/22997064775
19272692178,378940206,https://shopee.com.br/product/378940206/19272692178
22193271792,1316611304,https://shopee.com.br/product/1316611304/22193271792
23094082308,1372644554,https://shopee.com.br/product/1372644554/23094082308
23297601380,412527932,https://shopee.com.br/product/412527932/23297601380
22093514785,489001115,https://shopee.com.br/product/489001115/22093514785
58251138348,1630032069,https://shopee.com.br/product/1630032069/58251138348
22693405241,1226120317,https://shopee.com.br/product/1226120317/22693405241
22194892414,882904544,https://shopee.com.br/product/882904544/22194892414
58206097290,1082747237,https://shopee.com.br/product/1082747237/58206097290
23398644896,1235923910,https://shopee.com.br/product/1235923910/23398644896
21399380792,390327339,https://shopee.com.br/product/390327339/21399380792
7583478390,400973800,https://shopee.com.br/product/400973800/7583478390
19898704270,296093764,https://shopee.com.br/product/296093764/19898704270
22298458413,1177369665,https://shopee.com.br/product/1177369665/22298458413
22894767548,316070154,https://shopee.com.br/product/316070154/22894767548
23993270082,1107280577,https://shopee.com.br/product/1107280577/23993270082
23593656125,1316611304,https://shopee.com.br/product/1316611304/23593656125
21198139566,789777799,https://shopee.com.br/product/789777799/21198139566
18698155247,1235923910,https://shopee.com.br/product/1235923910/18698155247
23193911334,789777799,https://shopee.com.br/product/789777799/23193911334
23297892304,1226120317,https://shopee.com.br/product/1226120317/23297892304
51200326583,401986069,https://shopee.com.br/product/401986069/51200326583
19175264425,942805673,https://shopee.com.br/product/942805673/19175264425
58262044058,316070154,https://shopee.com.br/product/316070154/58262044058
23293498681,882904544,https://shopee.com.br/product/882904544/23293498681
22093054291,1226105437,https://shopee.com.br/product/1226105437/22093054291
23599341937,1334294037,https://shopee.com.br/product/1334294037/23599341937
28435299837,1246535200,https://shopee.com.br/product/1246535200/28435299837
22692048067,371036439,https://shopee.com.br/product/371036439/22692048067
23597998538,1344250083,https://shopee.com.br/product/1344250083/23597998538
22398769942,1215229492,https://shopee.com.br/product/1215229492/22398769942
22894073162,1372644554,https://shopee.com.br/product/1372644554/22894073162
40322459795,401986069,https://shopee.com.br/product/401986069/40322459795
18999378967,1316611304,https://shopee.com.br/product/1316611304/18999378967
58260911583,1808635108,https://shopee.com.br/product/1808635108/58260911583
19899680383,758814499,https://shopee.com.br/product/758814499/19899680383
20197691231,916172870,https://shopee.com.br/product/916172870/20197691231
19599758055,1316611304,https://shopee.com.br/product/1316611304/19599758055
19297622739,795711540,https://shopee.com.br/product/795711540/19297622739
18797614621,1097902002,https://shopee.com.br/product/1097902002/18797614621
23898415327,789777799,https://shopee.com.br/product/789777799/23898415327
23594198187,648124788,https://shopee.com.br/product/648124788/23594198187
21299335991,1243712796,https://shopee.com.br/product/1243712796/21299335991
21498029765,378940206,https://shopee.com.br/product/378940206/21498029765
23892994224,1226120317,https://shopee.com.br/product/1226120317/23892994224
23398311377,1226120317,https://shopee.com.br/product/1226120317/23398311377
23799140112,1215229492,https://shopee.com.br/product/1215229492/23799140112
20099599315,357239640,https://shopee.com.br/product/357239640/20099599315
23393098619,874507048,https://shopee.com.br/product/874507048/23393098619
58200948843,1226120317,https://shopee.com.br/product/1226120317/58200948843
23993268873,1316611304,https://shopee.com.br/product/1316611304/23993268873
20397990108,1215229492,https://shopee.com.br/product/1215229492/20397990108
20599706439,1215229492,https://shopee.com.br/product/1215229492/20599706439
23293884668,442506479,https://shopee.com.br/product/442506479/23293884668
23797744319,1316611304,https://shopee.com.br/product/1316611304/23797744319
23693195645,1215229492,https://shopee.com.br/product/1215229492/23693195645
23798929638,1215229492,https://shopee.com.br/product/1215229492/23798929638
58256406770,1083800536,https://shopee.com.br/product/1083800536/58256406770
22897614751,1226120317,https://shopee.com.br/product/1226120317/22897614751
58209767145,1083800536,https://shopee.com.br/product/1083800536/58209767145
58259073234,1083800536,https://shopee.com.br/product/1083800536/58259073234
23394153147,1235923910,https://shopee.com.br/product/1235923910/23394153147
58214231344,1220316212,https://shopee.com.br/product/1220316212/58214231344
58256334478,1083800536,https://shopee.com.br/product/1083800536/58256334478
58257925730,1485004225,https://shopee.com.br/product/1485004225/58257925730
23897557865,1114000786,https://shopee.com.br/product/1114000786/23897557865
22592197572,296813643,https://shopee.com.br/product/296813643/22592197572
20299835579,1553092714,https://shopee.com.br/product/1553092714/20299835579
58214329241,1270199189,https://shopee.com.br/product/1270199189/58214329241
41877967186,378940206,https://shopee.com.br/product/378940206/41877967186
23498866115,646888142,https://shopee.com.br/product/646888142/23498866115
18799557784,1226120317,https://shopee.com.br/product/1226120317/18799557784
21498791939,296813643,https://shopee.com.br/product/296813643/21498791939
19131535630,687950391,https://shopee.com.br/product/687950391/19131535630
23898563933,1372644554,https://shopee.com.br/product/1372644554/23898563933
21799551856,1226120317,https://shopee.com.br/product/1226120317/21799551856
21597972854,1226120317,https://shopee.com.br/product/1226120317/21597972854
21199843531,522316174,https://shopee.com.br/product/522316174/21199843531
13562399219,306878488,https://shopee.com.br/product/306878488/13562399219
23997069546,375188138,https://shopee.com.br/product/375188138/23997069546
58250361818,952014476,https://shopee.com.br/product/952014476/58250361818
22592847328,357239640,https://shopee.com.br/product/357239640/22592847328
12211699190,296093764,https://shopee.com.br/product/296093764/12211699190
22998512561,444869236,https://shopee.com.br/product/444869236/22998512561
58257215639,1033307532,https://shopee.com.br/product/1033307532/58257215639
18797983535,653044811,https://shopee.com.br/product/653044811/18797983535
21497869930,451273707,https://shopee.com.br/product/451273707/21497869930
23394690965,1215229492,https://shopee.com.br/product/1215229492/23394690965
19997972403,653044811,https://shopee.com.br/product/653044811/19997972403
16587855623,648124788,https://shopee.com.br/product/648124788/16587855623
23198439822,682804575,https://shopee.com.br/product/682804575/23198439822
58214041954,1226105437,https://shopee.com.br/product/1226105437/58214041954
22093762974,390327339,https://shopee.com.br/product/390327339/22093762974
22193129810,1226120317,https://shopee.com.br/product/1226120317/22193129810
23792573132,375188138,https://shopee.com.br/product/375188138/23792573132
23892311450,375188138,https://shopee.com.br/product/375188138/23892311450
22298031538,1215229492,https://shopee.com.br/product/1215229492/22298031538
18999498925,680601528,https://shopee.com.br/product/680601528/18999498925
22593071938,916172870,https://shopee.com.br/product/916172870/22593071938
56666170495,1509845472,https://shopee.com.br/product/1509845472/56666170495
22091962143,296813643,https://shopee.com.br/product/296813643/22091962143
21497455307,375188138,https://shopee.com.br/product/375188138/21497455307
58259652991,646888142,https://shopee.com.br/product/646888142/58259652991
23593517610,390327339,https://shopee.com.br/product/390327339/23593517610
23098313007,375188138,https://shopee.com.br/product/375188138/23098313007
23293518764,1226120317,https://shopee.com.br/product/1226120317/23293518764
22093123378,1226120317,https://shopee.com.br/product/1226120317/22093123378
23693247721,1316611304,https://shopee.com.br/product/1316611304/23693247721
23098557522,375188138,https://shopee.com.br/product/375188138/23098557522
21299831551,1215229492,https://shopee.com.br/product/1215229492/21299831551
28340263378,401986069,https://shopee.com.br/product/401986069/28340263378
58257133593,1107280577,https://shopee.com.br/product/1107280577/58257133593
8611137363,306878488,https://shopee.com.br/product/306878488/8611137363
22997064757,375188138,https://shopee.com.br/product/375188138/22997064757
22992573166,375188138,https://shopee.com.br/product/375188138/22992573166
22898737895,1215229492,https://shopee.com.br/product/1215229492/22898737895
6676394986,296093764,https://shopee.com.br/product/296093764/6676394986
23793112368,653044811,https://shopee.com.br/product/653044811/23793112368
23293929449,758814499,https://shopee.com.br/product/758814499/23293929449
22498398064,882904544,https://shopee.com.br/product/882904544/22498398064
23493195320,375188138,https://shopee.com.br/product/375188138/23493195320
9211008260,296093764,https://shopee.com.br/product/296093764/9211008260
56965012722,401986069,https://shopee.com.br/product/401986069/56965012722
23592582158,375188138,https://shopee.com.br/product/375188138/23592582158
20297669638,404743073,https://shopee.com.br/product/404743073/20297669638
23993062708,1107280577,https://shopee.com.br/product/1107280577/23993062708
58251952393,1617519379,https://shopee.com.br/product/1617519379/58251952393
58259105451,1083800536,https://shopee.com.br/product/1083800536/58259105451
18197463755,375188138,https://shopee.com.br/product/375188138/18197463755
21199208271,944577712,https://shopee.com.br/product/944577712/21199208271
23300758369,648124788,https://shopee.com.br/product/648124788/23300758369
58251676476,1215229492,https://shopee.com.br/product/1215229492/58251676476
23898074365,1215229492,https://shopee.com.br/product/1215229492/23898074365
23199532982,1316611304,https://shopee.com.br/product/1316611304/23199532982
18899262209,401986069,https://shopee.com.br/product/401986069/18899262209
23593086117,874507048,https://shopee.com.br/product/874507048/23593086117
23935173789,653044811,https://shopee.com.br/product/653044811/23935173789
22897564001,916172870,https://shopee.com.br/product/916172870/22897564001
58256413526,1083800536,https://shopee.com.br/product/1083800536/58256413526
23293498673,882904544,https://shopee.com.br/product/882904544/23293498673
23092637841,296093764,https://shopee.com.br/product/296093764/23092637841
23194428463,1423420147,https://shopee.com.br/product/1423420147/23194428463
22193095548,653044811,https://shopee.com.br/product/653044811/22193095548
23594916666,1215229492,https://shopee.com.br/product/1215229492/23594916666
22997064787,375188138,https://shopee.com.br/product/375188138/22997064787
22597757250,1215229492,https://shopee.com.br/product/1215229492/22597757250
23794738389,1215229492,https://shopee.com.br/product/1215229492/23794738389
58256408761,1083800536,https://shopee.com.br/product/1083800536/58256408761
22893067736,916172870,https://shopee.com.br/product/916172870/22893067736
23598842308,1226105437,https://shopee.com.br/product/1226105437/23598842308
20998032830,1423420147,https://shopee.com.br/product/1423420147/20998032830
22494167863,1509845472,https://shopee.com.br/product/1509845472/22494167863
22397688352,1302727497,https://shopee.com.br/product/1302727497/22397688352
20998141244,1215229492,https://shopee.com.br/product/1215229492/20998141244
23593487360,1246535200,https://shopee.com.br/product/1246535200/23593487360
22697916305,316070154,https://shopee.com.br/product/316070154/22697916305
58200401920,1097902002,https://shopee.com.br/product/1097902002/58200401920
22728107673,365257077,https://shopee.com.br/product/365257077/22728107673
22994423822,1605250258,https://shopee.com.br/product/1605250258/22994423822
22597568596,916172870,https://shopee.com.br/product/916172870/22597568596
23099200810,391672269,https://shopee.com.br/product/391672269/23099200810
49004690750,1242718651,https://shopee.com.br/product/1242718651/49004690750
23397727329,1235923910,https://shopee.com.br/product/1235923910/23397727329
58211614699,1097902002,https://shopee.com.br/product/1097902002/58211614699
20367113315,401986069,https://shopee.com.br/product/401986069/20367113315
22098406221,1423420147,https://shopee.com.br/product/1423420147/22098406221
22593425105,1371792496,https://shopee.com.br/product/1371792496/22593425105
23893365422,401986069,https://shopee.com.br/product/401986069/23893365422
22598896124,882904544,https://shopee.com.br/product/882904544/22598896124
58202400791,1107280577,https://shopee.com.br/product/1107280577/58202400791
23997069655,375188138,https://shopee.com.br/product/375188138/23997069655
23791573377,648124788,https://shopee.com.br/product/648124788/23791573377
23292939476,406699478,https://shopee.com.br/product/406699478/23292939476
10611940674,401986069,https://shopee.com.br/product/401986069/10611940674
48150564386,347781606,https://shopee.com.br/product/347781606/48150564386
23097727563,1235923910,https://shopee.com.br/product/1235923910/23097727563
23892535637,757094384,https://shopee.com.br/product/757094384/23892535637
58263212841,306878488,https://shopee.com.br/product/306878488/58263212841
23397741299,1215229492,https://shopee.com.br/product/1215229492/23397741299
22730418903,889942432,https://shopee.com.br/product/889942432/22730418903
22992568149,375188138,https://shopee.com.br/product/375188138/22992568149
28993260080,347781606,https://shopee.com.br/product/347781606/28993260080
18699563090,1226120317,https://shopee.com.br/product/1226120317/18699563090
18998155766,1371792496,https://shopee.com.br/product/1371792496/18998155766
23898372747,375188138,https://shopee.com.br/product/375188138/23898372747
18797726658,874507048,https://shopee.com.br/product/874507048/18797726658
22197909011,916172870,https://shopee.com.br/product/916172870/22197909011
22697619178,1243712796,https://shopee.com.br/product/1243712796/22697619178
19299545574,1243712796,https://shopee.com.br/product/1243712796/19299545574
58206411683,1083800536,https://shopee.com.br/product/1083800536/58206411683
20299253813,1107280577,https://shopee.com.br/product/1107280577/20299253813
22907249767,889942432,https://shopee.com.br/product/889942432/22907249767
41376505158,347781606,https://shopee.com.br/product/347781606/41376505158
58259554568,1316611304,https://shopee.com.br/product/1316611304/58259554568
23793822756,1107280577,https://shopee.com.br/product/1107280577/23793822756
19897660327,1107280577,https://shopee.com.br/product/1107280577/19897660327
21396950566,653044811,https://shopee.com.br/product/653044811/21396950566
58250862976,1107280577,https://shopee.com.br/product/1107280577/58250862976
23398730849,1215229492,https://shopee.com.br/product/1215229492/23398730849
23698746958,1215229492,https://shopee.com.br/product/1215229492/23698746958
58206899118,1097902002,https://shopee.com.br/product/1097902002/58206899118
23793087308,1107280577,https://shopee.com.br/product/1107280577/23793087308
16969498022,575316573,https://shopee.com.br/product/575316573/16969498022
58262694100,1226105437,https://shopee.com.br/product/1226105437/58262694100
23798674915,1107280577,https://shopee.com.br/product/1107280577/23798674915
22898715700,1215229492,https://shopee.com.br/product/1215229492/22898715700
22792573520,375188138,https://shopee.com.br/product/375188138/22792573520
19899680009,390327339,https://shopee.com.br/product/390327339/19899680009
58203837475,1215229492,https://shopee.com.br/product/1215229492/58203837475
19897727779,1226120317,https://shopee.com.br/product/1226120317/19897727779
22193299033,1107280577,https://shopee.com.br/product/1107280577/22193299033
23898181049,874507048,https://shopee.com.br/product/874507048/23898181049
23493273354,1246535200,https://shopee.com.br/product/1246535200/23493273354
22894071846,1372644554,https://shopee.com.br/product/1372644554/22894071846
58213207518,306878488,https://shopee.com.br/product/306878488/58213207518
21398258201,1215229492,https://shopee.com.br/product/1215229492/21398258201
58206411585,1083800536,https://shopee.com.br/product/1083800536/58206411585
22093123353,1226120317,https://shopee.com.br/product/1226120317/22093123353
23898181040,874507048,https://shopee.com.br/product/874507048/23898181040
19499547206,882904544,https://shopee.com.br/product/882904544/19499547206
22993803600,444869236,https://shopee.com.br/product/444869236/22993803600
18597934975,882904544,https://shopee.com.br/product/882904544/18597934975
22699452543,1083800536,https://shopee.com.br/product/1083800536/22699452543
22697615915,1226120317,https://shopee.com.br/product/1226120317/22697615915
49256367092,390327339,https://shopee.com.br/product/390327339/49256367092
58209750906,1083800536,https://shopee.com.br/product/1083800536/58209750906
58213750709,1807752749,https://shopee.com.br/product/1807752749/58213750709
58260212750,952014476,https://shopee.com.br/product/952014476/58260212750
23591325467,401986069,https://shopee.com.br/product/401986069/23591325467
22192984362,1097902002,https://shopee.com.br/product/1097902002/22192984362
18199526420,882904544,https://shopee.com.br/product/882904544/18199526420
23498463939,1215229492,https://shopee.com.br/product/1215229492/23498463939
19197973654,1215229492,https://shopee.com.br/product/1215229492/19197973654
22592756677,357239640,https://shopee.com.br/product/357239640/22592756677
23892555571,337531568,https://shopee.com.br/product/337531568/23892555571
20799545544,1329429906,https://shopee.com.br/product/1329429906/20799545544
23993708746,412482669,https://shopee.com.br/product/412482669/23993708746
18197697293,1220316212,https://shopee.com.br/product/1220316212/18197697293
47915089894,506112052,https://shopee.com.br/product/506112052/47915089894
53960810612,902146556,https://shopee.com.br/product/902146556/53960810612
21699028648,375188138,https://shopee.com.br/product/375188138/21699028648
22793145824,1107280577,https://shopee.com.br/product/1107280577/22793145824
22698340342,1215229492,https://shopee.com.br/product/1215229492/22698340342
23793085994,874507048,https://shopee.com.br/product/874507048/23793085994
23593086098,874507048,https://shopee.com.br/product/874507048/23593086098
58202018851,1215229492,https://shopee.com.br/product/1215229492/58202018851
23794016064,1235923910,https://shopee.com.br/product/1235923910/23794016064
22091962037,296813643,https://shopee.com.br/product/296813643/22091962037
19198100958,601021305,https://shopee.com.br/product/601021305/19198100958
22697068625,758814499,https://shopee.com.br/product/758814499/22697068625
58254122466,1215229492,https://shopee.com.br/product/1215229492/58254122466
58259713246,1083800536,https://shopee.com.br/product/1083800536/58259713246
22398522864,882904544,https://shopee.com.br/product/882904544/22398522864
23594702042,789777799,https://shopee.com.br/product/789777799/23594702042
23993916825,789777799,https://shopee.com.br/product/789777799/23993916825
23493815110,1215229492,https://shopee.com.br/product/1215229492/23493815110
22592573056,375188138,https://shopee.com.br/product/375188138/22592573056
22206958525,874507048,https://shopee.com.br/product/874507048/22206958525
14794559048,400973800,https://shopee.com.br/product/400973800/14794559048
58202023224,1215229492,https://shopee.com.br/product/1215229492/58202023224
23593814906,1215229492,https://shopee.com.br/product/1215229492/23593814906
23418088355,916172870,https://shopee.com.br/product/916172870/23418088355
23997069618,375188138,https://shopee.com.br/product/375188138/23997069618
18897985639,1226120317,https://shopee.com.br/product/1226120317/18897985639
23493822742,1107280577,https://shopee.com.br/product/1107280577/23493822742
23798424569,789777799,https://shopee.com.br/product/789777799/23798424569
20497731119,296813643,https://shopee.com.br/product/296813643/20497731119
22797085082,375188138,https://shopee.com.br/product/375188138/22797085082
41027426468,401986069,https://shopee.com.br/product/401986069/41027426468
19599589806,357239640,https://shopee.com.br/product/357239640/19599589806
22994279006,1235923910,https://shopee.com.br/product/1235923910/22994279006
19999072683,373150829,https://shopee.com.br/product/373150829/19999072683
21099228432,1107280577,https://shopee.com.br/product/1107280577/21099228432
22693215047,1215229492,https://shopee.com.br/product/1215229492/22693215047
19998260167,1215229492,https://shopee.com.br/product/1215229492/19998260167
23020282629,889942432,https://shopee.com.br/product/889942432/23020282629
22794247424,1334294037,https://shopee.com.br/product/1334294037/22794247424
19697807338,451273707,https://shopee.com.br/product/451273707/19697807338
23497558205,874507048,https://shopee.com.br/product/874507048/23497558205
46551204022,1246535200,https://shopee.com.br/product/1246535200/46551204022
21597455324,375188138,https://shopee.com.br/product/375188138/21597455324
22792573564,375188138,https://shopee.com.br/product/375188138/22792573564
22594942540,627750190,https://shopee.com.br/product/627750190/22594942540
12394515304,278256920,https://shopee.com.br/product/278256920/12394515304
22091962117,296813643,https://shopee.com.br/product/296813643/22091962117
58253569810,1220316212,https://shopee.com.br/product/1220316212/58253569810
19796946570,306878488,https://shopee.com.br/product/306878488/19796946570
22794440791,882904544,https://shopee.com.br/product/882904544/22794440791
23592291850,296813643,https://shopee.com.br/product/296813643/23592291850
22918510303,916172870,https://shopee.com.br/product/916172870/22918510303
13675342333,306878488,https://shopee.com.br/product/306878488/13675342333
18999592328,357239640,https://shopee.com.br/product/357239640/18999592328
22393523208,882904544,https://shopee.com.br/product/882904544/22393523208
23192886162,306878488,https://shopee.com.br/product/306878488/23192886162
22793408895,1226120317,https://shopee.com.br/product/1226120317/22793408895
23729846300,401986069,https://shopee.com.br/product/401986069/23729846300
23794406001,601021305,https://shopee.com.br/product/601021305/23794406001
22598949636,1423420147,https://shopee.com.br/product/1423420147/22598949636
22991671128,296093764,https://shopee.com.br/product/296093764/22991671128
58261907560,1832284196,https://shopee.com.br/product/1832284196/58261907560
22593938225,789777799,https://shopee.com.br/product/789777799/22593938225
22995591751,378940206,https://shopee.com.br/product/378940206/22995591751
20297760265,874507048,https://shopee.com.br/product/874507048/20297760265
22693752832,390327339,https://shopee.com.br/product/390327339/22693752832
18198263930,1226105437,https://shopee.com.br/product/1226105437/18198263930
18099829268,789777799,https://shopee.com.br/product/789777799/18099829268
22091962109,296813643,https://shopee.com.br/product/296813643/22091962109
23697557912,874507048,https://shopee.com.br/product/874507048/23697557912
22695692812,638399297,https://shopee.com.br/product/638399297/22695692812
22897760083,1316611304,https://shopee.com.br/product/1316611304/22897760083
22899342365,395742608,https://shopee.com.br/product/395742608/22899342365
23998116604,373150829,https://shopee.com.br/product/373150829/23998116604
23998740378,272868574,https://shopee.com.br/product/272868574/23998740378
20299833781,1553092714,https://shopee.com.br/product/1553092714/20299833781
22097626770,406699478,https://shopee.com.br/product/406699478/22097626770
23293518747,1226120317,https://shopee.com.br/product/1226120317/23293518747
58200635018,489001115,https://shopee.com.br/product/489001115/58200635018
20798200727,1235923910,https://shopee.com.br/product/1235923910/20798200727
22497568630,916172870,https://shopee.com.br/product/916172870/22497568630
23498670529,1316611304,https://shopee.com.br/product/1316611304/23498670529
21497455322,375188138,https://shopee.com.br/product/375188138/21497455322
58260906869,1808635108,https://shopee.com.br/product/1808635108/58260906869
23598010394,1226120317,https://shopee.com.br/product/1226120317/23598010394
58263557018,1553092714,https://shopee.com.br/product/1553092714/58263557018
22499197227,1473114980,https://shopee.com.br/product/1473114980/22499197227
23497918801,680601528,https://shopee.com.br/product/680601528/23497918801
22493266683,1316611304,https://shopee.com.br/product/1316611304/22493266683
23897970389,412527932,https://shopee.com.br/product/412527932/23897970389
27585297510,1246535200,https://shopee.com.br/product/1246535200/27585297510
18999378941,1316611304,https://shopee.com.br/product/1316611304/18999378941
23697582590,874507048,https://shopee.com.br/product/874507048/23697582590
23693247708,1316611304,https://shopee.com.br/product/1316611304/23693247708
23593396307,1226120317,https://shopee.com.br/product/1226120317/23593396307
22198375352,378940206,https://shopee.com.br/product/378940206/22198375352
24147965423,373150829,https://shopee.com.br/product/373150829/24147965423
22694955845,1083800536,https://shopee.com.br/product/1083800536/22694955845
23697557889,874507048,https://shopee.com.br/product/874507048/23697557889
58261114464,646888142,https://shopee.com.br/product/646888142/58261114464
20699553279,1396162916,https://shopee.com.br/product/1396162916/20699553279
18398205396,1107280577,https://shopee.com.br/product/1107280577/18398205396
22992928256,1107280577,https://shopee.com.br/product/1107280577/22992928256
21598075452,1107280577,https://shopee.com.br/product/1107280577/21598075452
23197749738,1107280577,https://shopee.com.br/product/1107280577/23197749738
23400758369,648124788,https://shopee.com.br/product/648124788/23400758369
22897989123,1033307532,https://shopee.com.br/product/1033307532/22897989123
19899598174,451273707,https://shopee.com.br/product/451273707/19899598174
58206414065,1083800536,https://shopee.com.br/product/1083800536/58206414065
23697557885,874507048,https://shopee.com.br/product/874507048/23697557885
58211148085,882904544,https://shopee.com.br/product/882904544/58211148085
41178698327,401986069,https://shopee.com.br/product/401986069/41178698327
18875269025,944577712,https://shopee.com.br/product/944577712/18875269025
23897986811,1243712796,https://shopee.com.br/product/1243712796/23897986811
23097726500,451273707,https://shopee.com.br/product/451273707/23097726500
58257431516,1083800536,https://shopee.com.br/product/1083800536/58257431516
23992991054,1107280577,https://shopee.com.br/product/1107280577/23992991054
21099368402,1235923910,https://shopee.com.br/product/1235923910/21099368402
58208972600,1072763470,https://shopee.com.br/product/1072763470/58208972600
18262598321,489001115,https://shopee.com.br/product/489001115/18262598321
58263203562,306878488,https://shopee.com.br/product/306878488/58263203562
18699560881,882904544,https://shopee.com.br/product/882904544/18699560881
23735159083,653044811,https://shopee.com.br/product/653044811/23735159083
23297752070,882904544,https://shopee.com.br/product/882904544/23297752070
22094730845,375188138,https://shopee.com.br/product/375188138/22094730845
23918087749,916172870,https://shopee.com.br/product/916172870/23918087749
23796452901,296813643,https://shopee.com.br/product/296813643/23796452901
58209749709,1083800536,https://shopee.com.br/product/1083800536/58209749709
22797742679,375188138,https://shopee.com.br/product/375188138/22797742679
20596947409,306878488,https://shopee.com.br/product/306878488/20596947409
22697480695,1097902002,https://shopee.com.br/product/1097902002/22697480695
20199846035,638399297,https://shopee.com.br/product/638399297/20199846035
22698950412,882904544,https://shopee.com.br/product/882904544/22698950412
22499568519,1372644554,https://shopee.com.br/product/1372644554/22499568519
58255739311,882904544,https://shopee.com.br/product/882904544/58255739311
22897641561,296813643,https://shopee.com.br/product/296813643/22897641561
58210818083,1208859337,https://shopee.com.br/product/1208859337/58210818083
22393405579,1226120317,https://shopee.com.br/product/1226120317/22393405579
23599364598,1083800536,https://shopee.com.br/product/1083800536/23599364598
20966203162,874507048,https://shopee.com.br/product/874507048/20966203162
40675891033,1296760327,https://shopee.com.br/product/1296760327/40675891033
41624807319,390327339,https://shopee.com.br/product/390327339/41624807319
58261335391,1097902002,https://shopee.com.br/product/1097902002/58261335391
58209782302,646888142,https://shopee.com.br/product/646888142/58209782302
23998439435,1235923910,https://shopee.com.br/product/1235923910/23998439435
22694871709,1082747237,https://shopee.com.br/product/1082747237/22694871709
47700895266,390327339,https://shopee.com.br/product/390327339/47700895266
19198150317,375188138,https://shopee.com.br/product/375188138/19198150317
58253865756,522316174,https://shopee.com.br/product/522316174/58253865756
23593061394,874507048,https://shopee.com.br/product/874507048/23593061394
51009780056,601021305,https://shopee.com.br/product/601021305/51009780056
58159576416,1246535200,https://shopee.com.br/product/1246535200/58159576416
50805009322,1246535200,https://shopee.com.br/product/1246535200/50805009322
58256404857,1083800536,https://shopee.com.br/product/1083800536/58256404857
19597642823,272868574,https://shopee.com.br/product/272868574/19597642823
22093537511,375188138,https://shopee.com.br/product/375188138/22093537511
22898676742,1553092714,https://shopee.com.br/product/1553092714/22898676742
23493395179,1226120317,https://shopee.com.br/product/1226120317/23493395179
58250406340,1097902002,https://shopee.com.br/product/1097902002/58250406340
22918510309,916172870,https://shopee.com.br/product/916172870/22918510309
22193519482,489001115,https://shopee.com.br/product/489001115/22193519482
8815739812,305108896,https://shopee.com.br/product/305108896/8815739812
23793507503,1226120317,https://shopee.com.br/product/1226120317/23793507503
22499016595,1552226494,https://shopee.com.br/product/1552226494/22499016595
22797085242,375188138,https://shopee.com.br/product/375188138/22797085242
43629032200,1371792496,https://shopee.com.br/product/1371792496/43629032200
40430628675,1730265575,https://shopee.com.br/product/1730265575/40430628675
18797740682,1235923910,https://shopee.com.br/product/1235923910/18797740682
23594062083,1235923910,https://shopee.com.br/product/1235923910/23594062083
22194260970,1033307532,https://shopee.com.br/product/1033307532/22194260970
20299368520,1235923910,https://shopee.com.br/product/1235923910/20299368520
23793881869,882904544,https://shopee.com.br/product/882904544/23793881869
23197910887,1226120317,https://shopee.com.br/product/1226120317/23197910887
22693807185,648928964,https://shopee.com.br/product/648928964/22693807185
22694636315,1097902002,https://shopee.com.br/product/1097902002/22694636315
47701263753,390327339,https://shopee.com.br/product/390327339/47701263753
20198103633,1107280577,https://shopee.com.br/product/1107280577/20198103633
21099257543,1220316212,https://shopee.com.br/product/1220316212/21099257543
22098823194,653044811,https://shopee.com.br/product/653044811/22098823194
18499557853,390327339,https://shopee.com.br/product/390327339/18499557853
22497991794,757094384,https://shopee.com.br/product/757094384/22497991794
20599231320,401986069,https://shopee.com.br/product/401986069/20599231320
22197736354,378940206,https://shopee.com.br/product/378940206/22197736354
58211758537,952014476,https://shopee.com.br/product/952014476/58211758537
22998385961,758814499,https://shopee.com.br/product/758814499/22998385961
23394018580,375188138,https://shopee.com.br/product/375188138/23394018580
23997829875,451273707,https://shopee.com.br/product/451273707/23997829875
23335173860,653044811,https://shopee.com.br/product/653044811/23335173860
22796891128,682804575,https://shopee.com.br/product/682804575/22796891128
20997804751,1235923910,https://shopee.com.br/product/1235923910/20997804751
22597990428,412527932,https://shopee.com.br/product/412527932/22597990428
23997069636,375188138,https://shopee.com.br/product/375188138/23997069636
15294036917,648124788,https://shopee.com.br/product/648124788/15294036917
23793883543,444869236,https://shopee.com.br/product/444869236/23793883543
20197925191,1226120317,https://shopee.com.br/product/1226120317/20197925191
20299492612,1226120317,https://shopee.com.br/product/1226120317/20299492612
22394548367,1334294037,https://shopee.com.br/product/1334294037/22394548367
6651705518,306878488,https://shopee.com.br/product/306878488/6651705518
13411685163,296093764,https://shopee.com.br/product/296093764/13411685163
23593086122,874507048,https://shopee.com.br/product/874507048/23593086122
22998702286,648124788,https://shopee.com.br/product/648124788/22998702286
21699575543,1235923910,https://shopee.com.br/product/1235923910/21699575543
23898545218,1235923910,https://shopee.com.br/product/1235923910/23898545218
19099369167,1235923910,https://shopee.com.br/product/1235923910/19099369167
23397556058,408578430,https://shopee.com.br/product/408578430/23397556058
18464233264,874507048,https://shopee.com.br/product/874507048/18464233264
22897641556,296813643,https://shopee.com.br/product/296813643/22897641556
50604310190,390327339,https://shopee.com.br/product/390327339/50604310190
22698562149,375188138,https://shopee.com.br/product/375188138/22698562149
23398679743,1107280577,https://shopee.com.br/product/1107280577/23398679743
58209723176,1083800536,https://shopee.com.br/product/1083800536/58209723176
58259794015,1072763470,https://shopee.com.br/product/1072763470/58259794015
18799557778,1226120317,https://shopee.com.br/product/1226120317/18799557778
49562389240,1107280577,https://shopee.com.br/product/1107280577/49562389240
23193094198,874507048,https://shopee.com.br/product/874507048/23193094198
21199378919,1246535200,https://shopee.com.br/product/1246535200/21199378919
19999262168,1220316212,https://shopee.com.br/product/1220316212/19999262168
23597494206,1107280577,https://shopee.com.br/product/1107280577/23597494206
22595882239,916172870,https://shopee.com.br/product/916172870/22595882239
21197977903,375188138,https://shopee.com.br/product/375188138/21197977903
3476346926,296093764,https://shopee.com.br/product/296093764/3476346926
8103902508,306698991,https://shopee.com.br/product/306698991/8103902508
23598010371,1226120317,https://shopee.com.br/product/1226120317/23598010371
19399585074,1316611304,https://shopee.com.br/product/1316611304/19399585074
23099342735,1107280577,https://shopee.com.br/product/1107280577/23099342735
19699259055,916172870,https://shopee.com.br/product/916172870/19699259055
22593431984,680601528,https://shopee.com.br/product/680601528/22593431984
18198034013,1329429906,https://shopee.com.br/product/1329429906/18198034013
58200225975,1114000786,https://shopee.com.br/product/1114000786/58200225975
58256289853,1083800536,https://shopee.com.br/product/1083800536/58256289853
22718081465,916172870,https://shopee.com.br/product/916172870/22718081465
23197615763,1226120317,https://shopee.com.br/product/1226120317/23197615763
23297600767,1243712796,https://shopee.com.br/product/1243712796/23297600767
26243424742,401986069,https://shopee.com.br/product/401986069/26243424742
22697981758,882904544,https://shopee.com.br/product/882904544/22697981758
23197615796,1226120317,https://shopee.com.br/product/1226120317/23197615796
21599575544,1235923910,https://shopee.com.br/product/1235923910/21599575544
23697457177,1097902002,https://shopee.com.br/product/1097902002/23697457177
21055471178,522316174,https://shopee.com.br/product/522316174/21055471178
22897563988,916172870,https://shopee.com.br/product/916172870/22897563988
23493091494,1107280577,https://shopee.com.br/product/1107280577/23493091494
18198506768,944577712,https://shopee.com.br/product/944577712/18198506768
23893601281,1553092714,https://shopee.com.br/product/1553092714/23893601281
22293717531,375188138,https://shopee.com.br/product/375188138/22293717531
17993193769,306878488,https://shopee.com.br/product/306878488/17993193769
58209367933,1707832186,https://shopee.com.br/product/1707832186/58209367933
44550350528,572649927,https://shopee.com.br/product/572649927/44550350528
23398791763,1344250083,https://shopee.com.br/product/1344250083/23398791763
58256414382,1083800536,https://shopee.com.br/product/1083800536/58256414382
20651694845,401986069,https://shopee.com.br/product/401986069/20651694845
22897641547,296813643,https://shopee.com.br/product/296813643/22897641547
23593530705,1107280577,https://shopee.com.br/product/1107280577/23593530705
22394403116,882904544,https://shopee.com.br/product/882904544/22394403116
23598167031,1246535200,https://shopee.com.br/product/1246535200/23598167031
22918510300,916172870,https://shopee.com.br/product/916172870/22918510300
23897822917,1235923910,https://shopee.com.br/product/1235923910/23897822917
51767240916,335160199,https://shopee.com.br/product/335160199/51767240916
23892523287,296813643,https://shopee.com.br/product/296813643/23892523287
23198339249,1107280577,https://shopee.com.br/product/1107280577/23198339249
58261872053,789777799,https://shopee.com.br/product/789777799/58261872053
23598010404,1226120317,https://shopee.com.br/product/1226120317/23598010404
23392985730,1107280577,https://shopee.com.br/product/1107280577/23392985730
22992568148,375188138,https://shopee.com.br/product/375188138/22992568148
23693247723,1316611304,https://shopee.com.br/product/1316611304/23693247723
58258830635,1097902002,https://shopee.com.br/product/1097902002/58258830635
22498720834,1561901020,https://shopee.com.br/product/1561901020/22498720834
22793118542,1226120317,https://shopee.com.br/product/1226120317/22793118542
22598067464,1226120317,https://shopee.com.br/product/1226120317/22598067464
23433534685,378940206,https://shopee.com.br/product/378940206/23433534685
47755138204,390327339,https://shopee.com.br/product/390327339/47755138204
23898545259,1235923910,https://shopee.com.br/product/1235923910/23898545259
22293279209,1226120317,https://shopee.com.br/product/1226120317/22293279209
22691058247,309237167,https://shopee.com.br/product/309237167/22691058247
58259554572,1316611304,https://shopee.com.br/product/1316611304/58259554572
23693247724,1316611304,https://shopee.com.br/product/1316611304/23693247724
23893077559,1344250083,https://shopee.com.br/product/1344250083/23893077559
21999263112,916172870,https://shopee.com.br/product/916172870/21999263112
19397608812,1097902002,https://shopee.com.br/product/1097902002/19397608812
20572692095,378940206,https://shopee.com.br/product/378940206/20572692095
58250865545,1107280577,https://shopee.com.br/product/1107280577/58250865545
58259554560,1316611304,https://shopee.com.br/product/1316611304/58259554560
22194418839,1235923910,https://shopee.com.br/product/1235923910/22194418839
22297556632,1220316212,https://shopee.com.br/product/1220316212/22297556632
22295722644,306878488,https://shopee.com.br/product/306878488/22295722644
18298061865,805449066,https://shopee.com.br/product/805449066/18298061865
21864228900,874507048,https://shopee.com.br/product/874507048/21864228900
23299392594,375188138,https://shopee.com.br/product/375188138/23299392594
22792573532,375188138,https://shopee.com.br/product/375188138/22792573532
18999550944,1235923910,https://shopee.com.br/product/1235923910/18999550944
22293712495,874507048,https://shopee.com.br/product/874507048/22293712495
22896756266,408128510,https://shopee.com.br/product/408128510/22896756266
23793086025,874507048,https://shopee.com.br/product/874507048/23793086025
21599258190,916172870,https://shopee.com.br/product/916172870/21599258190
23098665993,378940206,https://shopee.com.br/product/378940206/23098665993
22598731278,1561901020,https://shopee.com.br/product/1561901020/22598731278
23493108492,1243712796,https://shopee.com.br/product/1243712796/23493108492
17790455766,889942432,https://shopee.com.br/product/889942432/17790455766
21897410379,406699478,https://shopee.com.br/product/406699478/21897410379
22393511868,1235923910,https://shopee.com.br/product/1235923910/22393511868
22593707981,375188138,https://shopee.com.br/product/375188138/22593707981
23697476884,378940206,https://shopee.com.br/product/378940206/23697476884
18698053385,401986069,https://shopee.com.br/product/401986069/18698053385
22298885559,451273707,https://shopee.com.br/product/451273707/22298885559
21699368429,1235923910,https://shopee.com.br/product/1235923910/21699368429
23998906422,1316611304,https://shopee.com.br/product/1316611304/23998906422
19299554085,1396162916,https://shopee.com.br/product/1396162916/19299554085
22693657854,789777799,https://shopee.com.br/product/789777799/22693657854
22393517758,882904544,https://shopee.com.br/product/882904544/22393517758
18499555314,882904544,https://shopee.com.br/product/882904544/18499555314
22094703146,1242218284,https://shopee.com.br/product/1242218284/22094703146
18455439758,648124788,https://shopee.com.br/product/648124788/18455439758
58251684500,1617519379,https://shopee.com.br/product/1617519379/58251684500
20999228547,1107280577,https://shopee.com.br/product/1107280577/20999228547
20461904884,687950391,https://shopee.com.br/product/687950391/20461904884
23897771867,1243712796,https://shopee.com.br/product/1243712796/23897771867
18799557785,1226120317,https://shopee.com.br/product/1226120317/18799557785
22199160733,1229255557,https://shopee.com.br/product/1229255557/22199160733
28794677918,1246535200,https://shopee.com.br/product/1246535200/28794677918
23199169319,1372644554,https://shopee.com.br/product/1372644554/23199169319
22197751729,390327339,https://shopee.com.br/product/390327339/22197751729
23300758306,648124788,https://shopee.com.br/product/648124788/23300758306
23997069596,375188138,https://shopee.com.br/product/375188138/23997069596
22393849750,638399297,https://shopee.com.br/product/638399297/22393849750
12637643680,306878488,https://shopee.com.br/product/306878488/12637643680
49550564227,347781606,https://shopee.com.br/product/347781606/49550564227
19797731930,296813643,https://shopee.com.br/product/296813643/19797731930
16090713979,889942432,https://shopee.com.br/product/889942432/16090713979
22693511614,1344250083,https://shopee.com.br/product/1344250083/22693511614
21099318311,1107280577,https://shopee.com.br/product/1107280577/21099318311
23598010366,1226120317,https://shopee.com.br/product/1226120317/23598010366
22498661717,1329429906,https://shopee.com.br/product/1329429906/22498661717
21799377597,882904544,https://shopee.com.br/product/882904544/21799377597
23299358333,1033307532,https://shopee.com.br/product/1033307532/23299358333
18658490835,648124788,https://shopee.com.br/product/648124788/18658490835
53603461483,401986069,https://shopee.com.br/product/401986069/53603461483
22595882234,916172870,https://shopee.com.br/product/916172870/22595882234
22893262351,1235923910,https://shopee.com.br/product/1235923910/22893262351
23893362369,357239640,https://shopee.com.br/product/357239640/23893362369
20725162107,357239640,https://shopee.com.br/product/357239640/20725162107
21897974774,412527932,https://shopee.com.br/product/412527932/21897974774
45556082495,401986069,https://shopee.com.br/product/401986069/45556082495
20399367553,1060724397,https://shopee.com.br/product/1060724397/20399367553
58259545952,1344250083,https://shopee.com.br/product/1344250083/58259545952
22798152955,1316611304,https://shopee.com.br/product/1316611304/22798152955
23394182004,1072763470,https://shopee.com.br/product/1072763470/23394182004
14913822867,306878488,https://shopee.com.br/product/306878488/14913822867
23091706782,296093764,https://shopee.com.br/product/296093764/23091706782
58209361368,1423420147,https://shopee.com.br/product/1423420147/58209361368
23294657249,1617519379,https://shopee.com.br/product/1617519379/23294657249
58255879655,1226120317,https://shopee.com.br/product/1226120317/58255879655
42328834588,390327339,https://shopee.com.br/product/390327339/42328834588
50913516078,375188138,https://shopee.com.br/product/375188138/50913516078
14818280101,306878488,https://shopee.com.br/product/306878488/14818280101
22797727303,1235923910,https://shopee.com.br/product/1235923910/22797727303
21999324455,272868574,https://shopee.com.br/product/272868574/21999324455
58256648763,1190424233,https://shopee.com.br/product/1190424233/58256648763
20499382417,451273707,https://shopee.com.br/product/451273707/20499382417
19326240817,408128510,https://shopee.com.br/product/408128510/19326240817
19899841080,653044811,https://shopee.com.br/product/653044811/19899841080
58255432990,1500637302,https://shopee.com.br/product/1500637302/58255432990
58215746519,952014476,https://shopee.com.br/product/952014476/58215746519
18976915877,401986069,https://shopee.com.br/product/401986069/18976915877
58255739300,882904544,https://shopee.com.br/product/882904544/58255739300
18697748329,1107280577,https://shopee.com.br/product/1107280577/18697748329
19999245009,1107280577,https://shopee.com.br/product/1107280577/19999245009
22393868187,1107280577,https://shopee.com.br/product/1107280577/22393868187
20697660223,1107280577,https://shopee.com.br/product/1107280577/20697660223
23493063186,1107280577,https://shopee.com.br/product/1107280577/23493063186
23398745401,1473114980,https://shopee.com.br/product/1473114980/23398745401
22697763514,1316611304,https://shopee.com.br/product/1316611304/22697763514
20698517292,952014476,https://shopee.com.br/product/952014476/20698517292
21998034810,648928964,https://shopee.com.br/product/648928964/21998034810
22997080325,375188138,https://shopee.com.br/product/375188138/22997080325
23597644839,1220316212,https://shopee.com.br/product/1220316212/23597644839
18799785057,375188138,https://shopee.com.br/product/375188138/18799785057
58256871029,1630032069,https://shopee.com.br/product/1630032069/58256871029
23792678662,296813643,https://shopee.com.br/product/296813643/23792678662
23294042628,1107280577,https://shopee.com.br/product/1107280577/23294042628
58255719035,1082747237,https://shopee.com.br/product/1082747237/58255719035
22735431528,378940206,https://shopee.com.br/product/378940206/22735431528
23293890336,1226105437,https://shopee.com.br/product/1226105437/23293890336
23997759225,1226120317,https://shopee.com.br/product/1226120317/23997759225
23496696156,408128510,https://shopee.com.br/product/408128510/23496696156
58257162537,653044811,https://shopee.com.br/product/653044811/58257162537
22597568646,916172870,https://shopee.com.br/product/916172870/22597568646
22394403103,882904544,https://shopee.com.br/product/882904544/22394403103
22593505712,882904544,https://shopee.com.br/product/882904544/22593505712
58251955828,316070154,https://shopee.com.br/product/316070154/58251955828
58264022556,952014476,https://shopee.com.br/product/952014476/58264022556
23997489855,1033307532,https://shopee.com.br/product/1033307532/23997489855
21597972873,1226120317,https://shopee.com.br/product/1226120317/21597972873
22394669408,1583442620,https://shopee.com.br/product/1583442620/22394669408
53855020394,1246535200,https://shopee.com.br/product/1246535200/53855020394
22298576339,1235923910,https://shopee.com.br/product/1235923910/22298576339
23294055304,1235923910,https://shopee.com.br/product/1235923910/23294055304
23898650131,375188138,https://shopee.com.br/product/375188138/23898650131
22994058880,375188138,https://shopee.com.br/product/375188138/22994058880
20299075582,1060724397,https://shopee.com.br/product/1060724397/20299075582
22898098855,378940206,https://shopee.com.br/product/378940206/22898098855
23898181046,874507048,https://shopee.com.br/product/874507048/23898181046
22294823939,1344250083,https://shopee.com.br/product/1344250083/22294823939
22893067728,916172870,https://shopee.com.br/product/916172870/22893067728
16590231725,874507048,https://shopee.com.br/product/874507048/16590231725
22193510669,882904544,https://shopee.com.br/product/882904544/22193510669
20799377686,882904544,https://shopee.com.br/product/882904544/20799377686
22894373307,406699478,https://shopee.com.br/product/406699478/22894373307
6484243759,312703265,https://shopee.com.br/product/312703265/6484243759
20999244312,1107280577,https://shopee.com.br/product/1107280577/20999244312
22006958551,874507048,https://shopee.com.br/product/874507048/22006958551
22206958519,874507048,https://shopee.com.br/product/874507048/22206958519
22293712501,874507048,https://shopee.com.br/product/874507048/22293712501
19399592210,1316611304,https://shopee.com.br/product/1316611304/19399592210
23898847684,406699478,https://shopee.com.br/product/406699478/23898847684
19199562876,1329429906,https://shopee.com.br/product/1329429906/19199562876
13558887150,306878488,https://shopee.com.br/product/306878488/13558887150
22993486877,882904544,https://shopee.com.br/product/882904544/22993486877
19497973086,1243712796,https://shopee.com.br/product/1243712796/19497973086
58206416491,1083800536,https://shopee.com.br/product/1083800536/58206416491
21597869357,1226120317,https://shopee.com.br/product/1226120317/21597869357
20699377714,882904544,https://shopee.com.br/product/882904544/20699377714
18664233414,874507048,https://shopee.com.br/product/874507048/18664233414
57456741422,1246535200,https://shopee.com.br/product/1246535200/57456741422
23492968338,952014476,https://shopee.com.br/product/952014476/23492968338
22793607472,378940206,https://shopee.com.br/product/378940206/22793607472
23798642253,1473114980,https://shopee.com.br/product/1473114980/23798642253
23092637812,296093764,https://shopee.com.br/product/296093764/23092637812
22697767453,1226120317,https://shopee.com.br/product/1226120317/22697767453
18799784821,1500637302,https://shopee.com.br/product/1500637302/18799784821
23897827963,1235923910,https://shopee.com.br/product/1235923910/23897827963
20397499826,296813643,https://shopee.com.br/product/296813643/20397499826
23694062207,1235923910,https://shopee.com.br/product/1235923910/23694062207
21498036589,378940206,https://shopee.com.br/product/378940206/21498036589
20697975021,412527932,https://shopee.com.br/product/412527932/20697975021
20297680583,1107280577,https://shopee.com.br/product/1107280577/20297680583
20997655229,1107280577,https://shopee.com.br/product/1107280577/20997655229
23193063595,1107280577,https://shopee.com.br/product/1107280577/23193063595
23094455714,1583442620,https://shopee.com.br/product/1583442620/23094455714
20665478971,874507048,https://shopee.com.br/product/874507048/20665478971
22094262430,1561901020,https://shopee.com.br/product/1561901020/22094262430
22597722096,1328711923,https://shopee.com.br/product/1328711923/22597722096
11677764538,306878488,https://shopee.com.br/product/306878488/11677764538
20198105508,406699478,https://shopee.com.br/product/406699478/20198105508
23593936526,1464080774,https://shopee.com.br/product/1464080774/23593936526
58259554563,1316611304,https://shopee.com.br/product/1316611304/58259554563
23694062206,1235923910,https://shopee.com.br/product/1235923910/23694062206
22698249738,390327339,https://shopee.com.br/product/390327339/22698249738
20199903989,1226120317,https://shopee.com.br/product/1226120317/20199903989
58250275648,1583442620,https://shopee.com.br/product/1583442620/58250275648
23794178268,1097902002,https://shopee.com.br/product/1097902002/23794178268
23794298860,316869228,https://shopee.com.br/product/316869228/23794298860
22898143024,1235923910,https://shopee.com.br/product/1235923910/22898143024
20399442774,1246535200,https://shopee.com.br/product/1246535200/20399442774
23098564643,375188138,https://shopee.com.br/product/375188138/23098564643
23494757554,375188138,https://shopee.com.br/product/375188138/23494757554
40870776553,401986069,https://shopee.com.br/product/401986069/40870776553
20796988646,730226632,https://shopee.com.br/product/730226632/20796988646
18799312798,1235923910,https://shopee.com.br/product/1235923910/18799312798
23694062090,1235923910,https://shopee.com.br/product/1235923910/23694062090
23498775710,1235923910,https://shopee.com.br/product/1235923910/23498775710
23494058416,1235923910,https://shopee.com.br/product/1235923910/23494058416
22098477637,1235923910,https://shopee.com.br/product/1235923910/22098477637
19799649781,1107280577,https://shopee.com.br/product/1107280577/19799649781
22099013239,986003177,https://shopee.com.br/product/986003177/22099013239
23298015448,1226120317,https://shopee.com.br/product/1226120317/23298015448
21499899154,1630032069,https://shopee.com.br/product/1630032069/21499899154
23492500945,306878488,https://shopee.com.br/product/306878488/23492500945
23997824304,682804575,https://shopee.com.br/product/682804575/23997824304
7353849924,306878488,https://shopee.com.br/product/306878488/7353849924
21099377598,882904544,https://shopee.com.br/product/882904544/21099377598
23497331782,356143297,https://shopee.com.br/product/356143297/23497331782
23393255313,882904544,https://shopee.com.br/product/882904544/23393255313
23597070237,902146556,https://shopee.com.br/product/902146556/23597070237
21399033369,758814499,https://shopee.com.br/product/758814499/21399033369
22097621015,1226120317,https://shopee.com.br/product/1226120317/22097621015
23293087969,1107280577,https://shopee.com.br/product/1107280577/23293087969
20999368472,1235923910,https://shopee.com.br/product/1235923910/20999368472
22898098847,378940206,https://shopee.com.br/product/378940206/22898098847
23898288663,395742608,https://shopee.com.br/product/395742608/23898288663
22193675144,1316611304,https://shopee.com.br/product/1316611304/22193675144
22794790080,1541406826,https://shopee.com.br/product/1541406826/22794790080
22293712510,874507048,https://shopee.com.br/product/874507048/22293712510
23197064729,375188138,https://shopee.com.br/product/375188138/23197064729
22897564004,916172870,https://shopee.com.br/product/916172870/22897564004
21799575569,1235923910,https://shopee.com.br/product/1235923910/21799575569
22797984209,882904544,https://shopee.com.br/product/882904544/22797984209
21099377618,882904544,https://shopee.com.br/product/882904544/21099377618
23294418417,306878488,https://shopee.com.br/product/306878488/23294418417
22898443569,653044811,https://shopee.com.br/product/653044811/22898443569
27581775381,1246535200,https://shopee.com.br/product/1246535200/27581775381
22293533123,882904544,https://shopee.com.br/product/882904544/22293533123
21799889549,1485004225,https://shopee.com.br/product/1485004225/21799889549
19664233445,874507048,https://shopee.com.br/product/874507048/19664233445
51905629224,310274254,https://shopee.com.br/product/310274254/51905629224
23893507076,1235923910,https://shopee.com.br/product/1235923910/23893507076
43667149728,604489889,https://shopee.com.br/product/604489889/43667149728
22398014238,882904544,https://shopee.com.br/product/882904544/22398014238
21497455332,375188138,https://shopee.com.br/product/375188138/21497455332
23594544090,404743073,https://shopee.com.br/product/404743073/23594544090
21699607653,451273707,https://shopee.com.br/product/451273707/21699607653
23998545235,1235923910,https://shopee.com.br/product/1235923910/23998545235
22097504543,1033307532,https://shopee.com.br/product/1033307532/22097504543
23593086129,874507048,https://shopee.com.br/product/874507048/23593086129
22098454242,789777799,https://shopee.com.br/product/789777799/22098454242
22694032583,1242218284,https://shopee.com.br/product/1242218284/22694032583
23493690692,805449066,https://shopee.com.br/product/805449066/23493690692
58259554578,1316611304,https://shopee.com.br/product/1316611304/58259554578
21397660117,1107280577,https://shopee.com.br/product/1107280577/21397660117
21197744926,1107280577,https://shopee.com.br/product/1107280577/21197744926
23198740751,402450553,https://shopee.com.br/product/402450553/23198740751
22994708561,1316611304,https://shopee.com.br/product/1316611304/22994708561
22598725474,1097902002,https://shopee.com.br/product/1097902002/22598725474
19499547210,882904544,https://shopee.com.br/product/882904544/19499547210
22496502920,944577712,https://shopee.com.br/product/944577712/22496502920
23098123442,805449066,https://shopee.com.br/product/805449066/23098123442
58251866351,1329429906,https://shopee.com.br/product/1329429906/58251866351
23694945952,1083800536,https://shopee.com.br/product/1083800536/23694945952
53300544513,347781606,https://shopee.com.br/product/347781606/53300544513
22699453017,306878488,https://shopee.com.br/product/306878488/22699453017
23898000603,1226120317,https://shopee.com.br/product/1226120317/23898000603
21998139494,789777799,https://shopee.com.br/product/789777799/21998139494
3553731807,306878488,https://shopee.com.br/product/306878488/3553731807
23699296170,952014476,https://shopee.com.br/product/952014476/23699296170
22394340856,638399297,https://shopee.com.br/product/638399297/22394340856
22193720047,357239640,https://shopee.com.br/product/357239640/22193720047
22798168596,347781606,https://shopee.com.br/product/347781606/22798168596
22298557412,1235923910,https://shopee.com.br/product/1235923910/22298557412
23899141434,1583442620,https://shopee.com.br/product/1583442620/23899141434
22809553515,874507048,https://shopee.com.br/product/874507048/22809553515
22697981777,882904544,https://shopee.com.br/product/882904544/22697981777
23594944594,1344250083,https://shopee.com.br/product/1344250083/23594944594
23197615811,1226120317,https://shopee.com.br/product/1226120317/23197615811
23698787852,1473114980,https://shopee.com.br/product/1473114980/23698787852
57713937839,402598512,https://shopee.com.br/product/402598512/57713937839
20197636327,272868574,https://shopee.com.br/product/272868574/20197636327
22197917206,1226120317,https://shopee.com.br/product/1226120317/22197917206
23999438462,306878488,https://shopee.com.br/product/306878488/23999438462
23594063607,375188138,https://shopee.com.br/product/375188138/23594063607
23297113520,375188138,https://shopee.com.br/product/375188138/23297113520
20217790156,789777799,https://shopee.com.br/product/789777799/20217790156
23998439427,1235923910,https://shopee.com.br/product/1235923910/23998439427
22098161834,1235923910,https://shopee.com.br/product/1235923910/22098161834
22997541357,1220316212,https://shopee.com.br/product/1220316212/22997541357
22497722055,1328711923,https://shopee.com.br/product/1328711923/22497722055
22891381166,916172870,https://shopee.com.br/product/916172870/22891381166
22093123346,1226120317,https://shopee.com.br/product/1226120317/22093123346
23702552844,757094384,https://shopee.com.br/product/757094384/23702552844
23293518748,1226120317,https://shopee.com.br/product/1226120317/23293518748
23498689709,1107280577,https://shopee.com.br/product/1107280577/23498689709
23698724213,1396162916,https://shopee.com.br/product/1396162916/23698724213
20097870212,451273707,https://shopee.com.br/product/451273707/20097870212
21698023143,451273707,https://shopee.com.br/product/451273707/21698023143
10278156112,306878488,https://shopee.com.br/product/306878488/10278156112
23397617112,406699478,https://shopee.com.br/product/406699478/23397617112
22698684346,1553092714,https://shopee.com.br/product/1553092714/22698684346
23897759206,1226120317,https://shopee.com.br/product/1226120317/23897759206
21964228759,874507048,https://shopee.com.br/product/874507048/21964228759
58264776384,1423420147,https://shopee.com.br/product/1423420147/58264776384
22298535080,882904544,https://shopee.com.br/product/882904544/22298535080
22499386836,1083800536,https://shopee.com.br/product/1083800536/22499386836
58261138152,1334294037,https://shopee.com.br/product/1334294037/58261138152
22498706852,648124788,https://shopee.com.br/product/648124788/22498706852
20297097634,312703265,https://shopee.com.br/product/312703265/20297097634
23198847147,1107280577,https://shopee.com.br/product/1107280577/23198847147
22393511854,1235923910,https://shopee.com.br/product/1235923910/22393511854
20897979089,1235923910,https://shopee.com.br/product/1235923910/20897979089
58214436341,719930213,https://shopee.com.br/product/719930213/58214436341
21599028667,375188138,https://shopee.com.br/product/375188138/21599028667
22792568733,375188138,https://shopee.com.br/product/375188138/22792568733
58258581801,316869228,https://shopee.com.br/product/316869228/58258581801
23297487739,1107280577,https://shopee.com.br/product/1107280577/23297487739
8308230403,306878488,https://shopee.com.br/product/306878488/8308230403
23593857523,316070154,https://shopee.com.br/product/316070154/23593857523
44863370561,791969908,https://shopee.com.br/product/791969908/44863370561
43111921301,1371792496,https://shopee.com.br/product/1371792496/43111921301
22598428768,306878488,https://shopee.com.br/product/306878488/22598428768
23693512441,375188138,https://shopee.com.br/product/375188138/23693512441
46001268572,1296760327,https://shopee.com.br/product/1296760327/46001268572
41207660274,1328711923,https://shopee.com.br/product/1328711923/41207660274
58212086089,316070154,https://shopee.com.br/product/316070154/58212086089
3976492500,296093764,https://shopee.com.br/product/296093764/3976492500
23797605313,1243712796,https://shopee.com.br/product/1243712796/23797605313
23293646260,1235923910,https://shopee.com.br/product/1235923910/23293646260
21597455330,375188138,https://shopee.com.br/product/375188138/21597455330
23398791754,1344250083,https://shopee.com.br/product/1344250083/23398791754
21499258211,916172870,https://shopee.com.br/product/916172870/21499258211
23198000781,757094384,https://shopee.com.br/product/757094384/23198000781
23497918782,680601528,https://shopee.com.br/product/680601528/23497918782
23596167959,296093764,https://shopee.com.br/product/296093764/23596167959
17491376954,874507048,https://shopee.com.br/product/874507048/17491376954
18798297274,1097902002,https://shopee.com.br/product/1097902002/18798297274
20098531847,306878488,https://shopee.com.br/product/306878488/20098531847
23498338123,401986069,https://shopee.com.br/product/401986069/23498338123
56359571823,1246535200,https://shopee.com.br/product/1246535200/56359571823
22694910608,306878488,https://shopee.com.br/product/306878488/22694910608
23793086061,874507048,https://shopee.com.br/product/874507048/23793086061
23493411455,1226120317,https://shopee.com.br/product/1226120317/23493411455
22794291157,1344250083,https://shopee.com.br/product/1344250083/22794291157
22393896327,375188138,https://shopee.com.br/product/375188138/22393896327
22597089831,375188138,https://shopee.com.br/product/375188138/22597089831
19465086415,874507048,https://shopee.com.br/product/874507048/19465086415
22499167945,1617519379,https://shopee.com.br/product/1617519379/22499167945
58203776342,1235923910,https://shopee.com.br/product/1235923910/58203776342
23893730054,1235923910,https://shopee.com.br/product/1235923910/23893730054
23998545144,1235923910,https://shopee.com.br/product/1235923910/23998545144
22006958663,874507048,https://shopee.com.br/product/874507048/22006958663
22895742273,306878488,https://shopee.com.br/product/306878488/22895742273
46406460956,791969908,https://shopee.com.br/product/791969908/46406460956
23898000537,1226120317,https://shopee.com.br/product/1226120317/23898000537
23292637728,296093764,https://shopee.com.br/product/296093764/23292637728
22893063598,1107280577,https://shopee.com.br/product/1107280577/22893063598
21599253374,1107280577,https://shopee.com.br/product/1107280577/21599253374
20799569168,427283392,https://shopee.com.br/product/427283392/20799569168
20599377672,882904544,https://shopee.com.br/product/882904544/20599377672
23693627619,1060724397,https://shopee.com.br/product/1060724397/23693627619
23397753000,1235923910,https://shopee.com.br/product/1235923910/23397753000
21699850674,406699478,https://shopee.com.br/product/406699478/21699850674
22593071943,916172870,https://shopee.com.br/product/916172870/22593071943
22696172460,296093764,https://shopee.com.br/product/296093764/22696172460
23407872387,889942432,https://shopee.com.br/product/889942432/23407872387
21098187048,1235923910,https://shopee.com.br/product/1235923910/21098187048
18797871971,1235923910,https://shopee.com.br/product/1235923910/18797871971
58206300949,1083800536,https://shopee.com.br/product/1083800536/58206300949
18897927056,646888142,https://shopee.com.br/product/646888142/18897927056
22393517671,882904544,https://shopee.com.br/product/882904544/22393517671
22594073248,1372644554,https://shopee.com.br/product/1372644554/22594073248
23393087547,1107280577,https://shopee.com.br/product/1107280577/23393087547
22293279183,1226120317,https://shopee.com.br/product/1226120317/22293279183
22197624554,1226120317,https://shopee.com.br/product/1226120317/22197624554
20997804736,1235923910,https://shopee.com.br/product/1235923910/20997804736
27389492587,401986069,https://shopee.com.br/product/401986069/27389492587
23494247923,1033307532,https://shopee.com.br/product/1033307532/23494247923
23497069755,375188138,https://shopee.com.br/product/375188138/23497069755
53400315068,572649927,https://shopee.com.br/product/572649927/53400315068
23997970950,444869236,https://shopee.com.br/product/444869236/23997970950
23892929959,1235923910,https://shopee.com.br/product/1235923910/23892929959
23593970291,444869236,https://shopee.com.br/product/444869236/23593970291
21599254654,1146529360,https://shopee.com.br/product/1146529360/21599254654
23729036820,653044811,https://shopee.com.br/product/653044811/23729036820
22498021575,1226120317,https://shopee.com.br/product/1226120317/22498021575
19599234304,1107280577,https://shopee.com.br/product/1107280577/19599234304
23393404786,1107280577,https://shopee.com.br/product/1107280577/23393404786
23199449673,646888142,https://shopee.com.br/product/646888142/23199449673
23298563727,375188138,https://shopee.com.br/product/375188138/23298563727
23398167155,1246535200,https://shopee.com.br/product/1246535200/23398167155
22894219574,1561901020,https://shopee.com.br/product/1561901020/22894219574
23793800767,1366041969,https://shopee.com.br/product/1366041969/23793800767
21697761104,674110767,https://shopee.com.br/product/674110767/21697761104
22897563992,916172870,https://shopee.com.br/product/916172870/22897563992
21499204408,380456261,https://shopee.com.br/product/380456261/21499204408
18697983055,1396162916,https://shopee.com.br/product/1396162916/18697983055
18398297550,1553092714,https://shopee.com.br/product/1553092714/18398297550
21499575561,1235923910,https://shopee.com.br/product/1235923910/21499575561
23397445793,272868574,https://shopee.com.br/product/272868574/23397445793
22694539632,1473114980,https://shopee.com.br/product/1473114980/22694539632
20797231595,944577712,https://shopee.com.br/product/944577712/20797231595
23898273647,395742608,https://shopee.com.br/product/395742608/23898273647
20599862041,789777799,https://shopee.com.br/product/789777799/20599862041
23993956691,391672269,https://shopee.com.br/product/391672269/23993956691
21999263109,916172870,https://shopee.com.br/product/916172870/21999263109
58207427592,1083800536,https://shopee.com.br/product/1083800536/58207427592
58250627840,1473114980,https://shopee.com.br/product/1473114980/58250627840
20299037108,1107280577,https://shopee.com.br/product/1107280577/20299037108
22394855156,375188138,https://shopee.com.br/product/375188138/22394855156
19598278590,1473114980,https://shopee.com.br/product/1473114980/19598278590
23993503803,1226120317,https://shopee.com.br/product/1226120317/23993503803
9367764620,401986069,https://shopee.com.br/product/401986069/9367764620
23698948673,1235923910,https://shopee.com.br/product/1235923910/23698948673
23298659687,1243712796,https://shopee.com.br/product/1243712796/23298659687
22595882273,916172870,https://shopee.com.br/product/916172870/22595882273
22893067714,916172870,https://shopee.com.br/product/916172870/22893067714
23893686684,1235923910,https://shopee.com.br/product/1235923910/23893686684
21199318294,1107280577,https://shopee.com.br/product/1107280577/21199318294
22293002278,1107280577,https://shopee.com.br/product/1107280577/22293002278
22997064704,375188138,https://shopee.com.br/product/375188138/22997064704
52311116544,902146556,https://shopee.com.br/product/902146556/52311116544
19597411822,952014476,https://shopee.com.br/product/952014476/19597411822
22096458691,296813643,https://shopee.com.br/product/296813643/22096458691
23393686749,785818771,https://shopee.com.br/product/785818771/23393686749
22392027357,296093764,https://shopee.com.br/product/296093764/22392027357
23797146311,682804575,https://shopee.com.br/product/682804575/23797146311
22391821824,296093764,https://shopee.com.br/product/296093764/22391821824
23993061238,874507048,https://shopee.com.br/product/874507048/23993061238
15394036372,648124788,https://shopee.com.br/product/648124788/15394036372
22993427395,680601528,https://shopee.com.br/product/680601528/22993427395
22698686249,1553092714,https://shopee.com.br/product/1553092714/22698686249
23997549886,375188138,https://shopee.com.br/product/375188138/23997549886
21197655083,1107280577,https://shopee.com.br/product/1107280577/21197655083
22992033122,653044811,https://shopee.com.br/product/653044811/22992033122
22697721058,1235923910,https://shopee.com.br/product/1235923910/22697721058
22093762978,390327339,https://shopee.com.br/product/390327339/22093762978
22693416326,1226120317,https://shopee.com.br/product/1226120317/22693416326
3876473736,296093764,https://shopee.com.br/product/296093764/3876473736
20999228612,1107280577,https://shopee.com.br/product/1107280577/20999228612
58262017689,1617519379,https://shopee.com.br/product/1617519379/58262017689
22198497825,347781606,https://shopee.com.br/product/347781606/22198497825
58209750607,306878488,https://shopee.com.br/product/306878488/58209750607
22594067623,1235923910,https://shopee.com.br/product/1235923910/22594067623
20997675758,1033307532,https://shopee.com.br/product/1033307532/20997675758
23193109554,412527932,https://shopee.com.br/product/412527932/23193109554
19760166748,357239640,https://shopee.com.br/product/357239640/19760166748
22893722927,357239640,https://shopee.com.br/product/357239640/22893722927
41179865222,390327339,https://shopee.com.br/product/390327339/41179865222
22093532652,882904544,https://shopee.com.br/product/882904544/22093532652
58211989348,1543640059,https://shopee.com.br/product/1543640059/58211989348
23394389925,1393510164,https://shopee.com.br/product/1393510164/23394389925
23597436867,272868574,https://shopee.com.br/product/272868574/23597436867
23392027582,296093764,https://shopee.com.br/product/296093764/23392027582
23394419062,306878488,https://shopee.com.br/product/306878488/23394419062
23993913381,1334294037,https://shopee.com.br/product/1334294037/23993913381
22398540098,1235923910,https://shopee.com.br/product/1235923910/22398540098
47604950928,360012700,https://shopee.com.br/product/360012700/47604950928
23797744304,1316611304,https://shopee.com.br/product/1316611304/23797744304
23494742829,1107280577,https://shopee.com.br/product/1107280577/23494742829
22796172871,296093764,https://shopee.com.br/product/296093764/22796172871
19598694689,296093764,https://shopee.com.br/product/296093764/19598694689
22694955600,1083800536,https://shopee.com.br/product/1083800536/22694955600
23799254077,375188138,https://shopee.com.br/product/375188138/23799254077
21499300902,1226120317,https://shopee.com.br/product/1226120317/21499300902
18797740687,1235923910,https://shopee.com.br/product/1235923910/18797740687
18399239919,272868574,https://shopee.com.br/product/272868574/18399239919
23298407898,789777799,https://shopee.com.br/product/789777799/23298407898
22499456681,1083800536,https://shopee.com.br/product/1083800536/22499456681
23593220794,1235923910,https://shopee.com.br/product/1235923910/23593220794
58208426755,1541325700,https://shopee.com.br/product/1541325700/58208426755
20997102589,306878488,https://shopee.com.br/product/306878488/20997102589
22993848464,401986069,https://shopee.com.br/product/401986069/22993848464
20098108386,1484933575,https://shopee.com.br/product/1484933575/20098108386
23193256583,1235923910,https://shopee.com.br/product/1235923910/23193256583
23997834994,451273707,https://shopee.com.br/product/451273707/23997834994
9316089252,384950713,https://shopee.com.br/product/384950713/9316089252
22798830098,1107280577,https://shopee.com.br/product/1107280577/22798830098
23393983459,272868574,https://shopee.com.br/product/272868574/23393983459
22818232608,648124788,https://shopee.com.br/product/648124788/22818232608
51950598502,401986069,https://shopee.com.br/product/401986069/51950598502
19997519694,296813643,https://shopee.com.br/product/296813643/19997519694
58214493323,1561901020,https://shopee.com.br/product/1561901020/58214493323
22293487203,1246535200,https://shopee.com.br/product/1246535200/22293487203
23997881686,653044811,https://shopee.com.br/product/653044811/23997881686
58258526716,826682830,https://shopee.com.br/product/826682830/58258526716
23697557884,874507048,https://shopee.com.br/product/874507048/23697557884
58204741897,1630032069,https://shopee.com.br/product/1630032069/58204741897
23794324054,646888142,https://shopee.com.br/product/646888142/23794324054
21299361318,375188138,https://shopee.com.br/product/375188138/21299361318
21697869912,451273707,https://shopee.com.br/product/451273707/21697869912
19899368209,451273707,https://shopee.com.br/product/451273707/19899368209
22994180205,1553092714,https://shopee.com.br/product/1553092714/22994180205
22698008297,1344250083,https://shopee.com.br/product/1344250083/22698008297
23092498967,444869236,https://shopee.com.br/product/444869236/23092498967
22697899475,1107280577,https://shopee.com.br/product/1107280577/22697899475
58213141530,1842561838,https://shopee.com.br/product/1842561838/58213141530
58254207367,646888142,https://shopee.com.br/product/646888142/58254207367
58201411530,1630032069,https://shopee.com.br/product/1630032069/58201411530
23692892482,272868574,https://shopee.com.br/product/272868574/23692892482
18999598288,1246535200,https://shopee.com.br/product/1246535200/18999598288
18797985658,1226120317,https://shopee.com.br/product/1226120317/18797985658
18497239239,682804575,https://shopee.com.br/product/682804575/18497239239
20899836192,1561901020,https://shopee.com.br/product/1561901020/20899836192
18499731873,1235923910,https://shopee.com.br/product/1235923910/18499731873
23297606090,412527932,https://shopee.com.br/product/412527932/23297606090
23997069668,375188138,https://shopee.com.br/product/375188138/23997069668
18497986107,882904544,https://shopee.com.br/product/882904544/18497986107
23493855062,757094384,https://shopee.com.br/product/757094384/23493855062
23293256657,1235923910,https://shopee.com.br/product/1235923910/23293256657
20555406795,522316174,https://shopee.com.br/product/522316174/20555406795
15421884392,306878488,https://shopee.com.br/product/306878488/15421884392
23797692033,375188138,https://shopee.com.br/product/375188138/23797692033
18997814170,272868574,https://shopee.com.br/product/272868574/18997814170
58202437375,1329429906,https://shopee.com.br/product/1329429906/58202437375
22493844802,874507048,https://shopee.com.br/product/874507048/22493844802
22697382330,1107280577,https://shopee.com.br/product/1107280577/22697382330
23998545236,1235923910,https://shopee.com.br/product/1235923910/23998545236
58263807377,1235923910,https://shopee.com.br/product/1235923910/58263807377
22093669733,1235923910,https://shopee.com.br/product/1235923910/22093669733
58211161685,1237026799,https://shopee.com.br/product/1237026799/58211161685
22193630931,378940206,https://shopee.com.br/product/378940206/22193630931
18999544110,757094384,https://shopee.com.br/product/757094384/18999544110
23794010088,1316611304,https://shopee.com.br/product/1316611304/23794010088
23597358592,357239640,https://shopee.com.br/product/357239640/23597358592
22394456353,1583442620,https://shopee.com.br/product/1583442620/22394456353
20997455181,758814499,https://shopee.com.br/product/758814499/20997455181
5786878341,388739239,https://shopee.com.br/product/388739239/5786878341
9009261183,360012700,https://shopee.com.br/product/360012700/9009261183
20900549855,741045633,https://shopee.com.br/product/741045633/20900549855
19970667974,445163047,https://shopee.com.br/product/445163047/19970667974
8253901766,388739239,https://shopee.com.br/product/388739239/8253901766
19297751449,1177903362,https://shopee.com.br/product/1177903362/19297751449
58213023655,1658245933,https://shopee.com.br/product/1658245933/58213023655
19771827607,360012700,https://shopee.com.br/product/360012700/19771827607
23497889738,281898655,https://shopee.com.br/product/281898655/23497889738
11439025207,521372664,https://shopee.com.br/product/521372664/11439025207
22293051668,436723291,https://shopee.com.br/product/436723291/22293051668
23397888637,1177903362,https://shopee.com.br/product/1177903362/23397888637
11439023577,521372664,https://shopee.com.br/product/521372664/11439023577
19296959110,552896405,https://shopee.com.br/product/552896405/19296959110
19897623437,1177903362,https://shopee.com.br/product/1177903362/19897623437
12086342133,741045633,https://shopee.com.br/product/741045633/12086342133
42980688878,1177903362,https://shopee.com.br/product/1177903362/42980688878
19399677851,377074801,https://shopee.com.br/product/377074801/19399677851
12674868370,388739239,https://shopee.com.br/product/388739239/12674868370
23993271480,590473480,https://shopee.com.br/product/590473480/23993271480
58211305607,1658245933,https://shopee.com.br/product/1658245933/58211305607
19799595159,436723291,https://shopee.com.br/product/436723291/19799595159
20999196631,1177903362,https://shopee.com.br/product/1177903362/20999196631
58263417431,1658245933,https://shopee.com.br/product/1658245933/58263417431
22599181490,1658245933,https://shopee.com.br/product/1658245933/22599181490
22493809453,388739239,https://shopee.com.br/product/388739239/22493809453
22199231297,421977782,https://shopee.com.br/product/421977782/22199231297
23393341868,1177903362,https://shopee.com.br/product/1177903362/23393341868
22697843495,1177903362,https://shopee.com.br/product/1177903362/22697843495
23694680509,1658245933,https://shopee.com.br/product/1658245933/23694680509
11592297931,741045633,https://shopee.com.br/product/741045633/11592297931
23694137617,939446263,https://shopee.com.br/product/939446263/23694137617
20498884419,290073877,https://shopee.com.br/product/290073877/20498884419
23794196190,601021305,https://shopee.com.br/product/601021305/23794196190
23292939261,445163047,https://shopee.com.br/product/445163047/23292939261
22193994503,1177903362,https://shopee.com.br/product/1177903362/22193994503
41520068038,572649927,https://shopee.com.br/product/572649927/41520068038
58202539464,1386771889,https://shopee.com.br/product/1386771889/58202539464
5685534718,388739239,https://shopee.com.br/product/388739239/5685534718
18699361112,775496126,https://shopee.com.br/product/775496126/18699361112
50956985007,455103761,https://shopee.com.br/product/455103761/50956985007
20197623457,1177903362,https://shopee.com.br/product/1177903362/20197623457
58264461865,1177903362,https://shopee.com.br/product/1177903362/58264461865
21099570875,1190424233,https://shopee.com.br/product/1190424233/21099570875
43515861586,436723291,https://shopee.com.br/product/436723291/43515861586
19438064532,388739239,https://shopee.com.br/product/388739239/19438064532
20899356904,946161700,https://shopee.com.br/product/946161700/20899356904
21199207150,388739239,https://shopee.com.br/product/388739239/21199207150
21697639185,1177903362,https://shopee.com.br/product/1177903362/21697639185
21031571720,741045633,https://shopee.com.br/product/741045633/21031571720
20625811963,819102498,https://shopee.com.br/product/819102498/20625811963
58205014712,590473480,https://shopee.com.br/product/590473480/58205014712
12186339716,741045633,https://shopee.com.br/product/741045633/12186339716
58206988563,1721810104,https://shopee.com.br/product/1721810104/58206988563
28484790916,946161700,https://shopee.com.br/product/946161700/28484790916
18097646755,1177903362,https://shopee.com.br/product/1177903362/18097646755
23795519774,705932885,https://shopee.com.br/product/705932885/23795519774
22292026340,946161700,https://shopee.com.br/product/946161700/22292026340
21098861330,946161700,https://shopee.com.br/product/946161700/21098861330
9099606492,741045633,https://shopee.com.br/product/741045633/9099606492
21309088717,528273775,https://shopee.com.br/product/528273775/21309088717
22396677251,946161700,https://shopee.com.br/product/946161700/22396677251
23597777840,590473480,https://shopee.com.br/product/590473480/23597777840
20499196628,1177903362,https://shopee.com.br/product/1177903362/20499196628
22493147192,775496126,https://shopee.com.br/product/775496126/22493147192
23698148325,335160199,https://shopee.com.br/product/335160199/23698148325
23598050151,822103155,https://shopee.com.br/product/822103155/23598050151
21097978836,1328711923,https://shopee.com.br/product/1328711923/21097978836
23719230790,408128510,https://shopee.com.br/product/408128510/23719230790
20878240150,946161700,https://shopee.com.br/product/946161700/20878240150
19498683697,816806234,https://shopee.com.br/product/816806234/19498683697
21599609044,590473480,https://shopee.com.br/product/590473480/21599609044
23099130495,415129379,https://shopee.com.br/product/415129379/23099130495
20597874793,1177903362,https://shopee.com.br/product/1177903362/20597874793
23291369730,816806234,https://shopee.com.br/product/816806234/23291369730
40224144783,946161700,https://shopee.com.br/product/946161700/40224144783
58254937092,1658245933,https://shopee.com.br/product/1658245933/58254937092
20116438008,800925303,https://shopee.com.br/product/800925303/20116438008
58202389181,1658245933,https://shopee.com.br/product/1658245933/58202389181
21497633734,388739239,https://shopee.com.br/product/388739239/21497633734
20078244648,388739239,https://shopee.com.br/product/388739239/20078244648
41074165155,946161700,https://shopee.com.br/product/946161700/41074165155
58252195600,1658245933,https://shopee.com.br/product/1658245933/58252195600
13809006131,528273775,https://shopee.com.br/product/528273775/13809006131
23794531274,758890475,https://shopee.com.br/product/758890475/23794531274
19533610331,489001115,https://shopee.com.br/product/489001115/19533610331
21997463601,946161700,https://shopee.com.br/product/946161700/21997463601
58250633125,946161700,https://shopee.com.br/product/946161700/58250633125
25995967192,310274254,https://shopee.com.br/product/310274254/25995967192
20497005917,741045633,https://shopee.com.br/product/741045633/20497005917
23693196525,400124163,https://shopee.com.br/product/400124163/23693196525
18806305668,489001115,https://shopee.com.br/product/489001115/18806305668
23735850132,946161700,https://shopee.com.br/product/946161700/23735850132
18798149475,1477305422,https://shopee.com.br/product/1477305422/18798149475
44013977442,819102498,https://shopee.com.br/product/819102498/44013977442
23194947693,1658245933,https://shopee.com.br/product/1658245933/23194947693
22694060749,1190424233,https://shopee.com.br/product/1190424233/22694060749
14791845619,819102498,https://shopee.com.br/product/819102498/14791845619
17681940835,741045633,https://shopee.com.br/product/741045633/17681940835
20398927439,408653169,https://shopee.com.br/product/408653169/20398927439
19999196668,1177903362,https://shopee.com.br/product/1177903362/19999196668
18398292376,1477305422,https://shopee.com.br/product/1477305422/18398292376
18450430761,534023108,https://shopee.com.br/product/534023108/18450430761
23191285613,816806234,https://shopee.com.br/product/816806234/23191285613
51159985014,388739239,https://shopee.com.br/product/388739239/51159985014
55253780645,388739239,https://shopee.com.br/product/388739239/55253780645
41975373820,290598330,https://shopee.com.br/product/290598330/41975373820
23099010579,316070154,https://shopee.com.br/product/316070154/23099010579
43721736969,946161700,https://shopee.com.br/product/946161700/43721736969
14718906916,519603839,https://shopee.com.br/product/519603839/14718906916
22393675054,335160199,https://shopee.com.br/product/335160199/22393675054
23499048807,1314243679,https://shopee.com.br/product/1314243679/23499048807
51012746036,946161700,https://shopee.com.br/product/946161700/51012746036
41876801424,299192732,https://shopee.com.br/product/299192732/41876801424
22293248848,705932885,https://shopee.com.br/product/705932885/22293248848
19998088617,323288678,https://shopee.com.br/product/323288678/19998088617
23398739013,1583886098,https://shopee.com.br/product/1583886098/23398739013
20097728757,402450553,https://shopee.com.br/product/402450553/20097728757
13936347422,557242410,https://shopee.com.br/product/557242410/13936347422
22497622761,402450553,https://shopee.com.br/product/402450553/22497622761
20299206336,816806234,https://shopee.com.br/product/816806234/20299206336
19800550349,741045633,https://shopee.com.br/product/741045633/19800550349
29932904924,683952730,https://shopee.com.br/product/683952730/29932904924
23997430729,445163047,https://shopee.com.br/product/445163047/23997430729
22403251017,557242410,https://shopee.com.br/product/557242410/22403251017
26029539219,946161700,https://shopee.com.br/product/946161700/26029539219
23294144718,951290141,https://shopee.com.br/product/951290141/23294144718
12310550206,528273775,https://shopee.com.br/product/528273775/12310550206
44032196221,388739239,https://shopee.com.br/product/388739239/44032196221
18398113108,1467864110,https://shopee.com.br/product/1467864110/18398113108
23391712004,816806234,https://shopee.com.br/product/816806234/23391712004
22398555581,1190424233,https://shopee.com.br/product/1190424233/22398555581
58258121985,1045085918,https://shopee.com.br/product/1045085918/58258121985
18999552283,340096629,https://shopee.com.br/product/340096629/18999552283
22898525257,1526836548,https://shopee.com.br/product/1526836548/22898525257
58200629373,1658245933,https://shopee.com.br/product/1658245933/58200629373
58200629367,1658245933,https://shopee.com.br/product/1658245933/58200629367
23392934544,335160199,https://shopee.com.br/product/335160199/23392934544
23794675945,1658245933,https://shopee.com.br/product/1658245933/23794675945
22825365320,842996464,https://shopee.com.br/product/842996464/22825365320
21797612051,816806234,https://shopee.com.br/product/816806234/21797612051
13446334005,557242410,https://shopee.com.br/product/557242410/13446334005
22597588862,1177903362,https://shopee.com.br/product/1177903362/22597588862
58254936879,1658245933,https://shopee.com.br/product/1658245933/58254936879
12632861221,546513063,https://shopee.com.br/product/546513063/12632861221
21277012848,973004594,https://shopee.com.br/product/973004594/21277012848
20598942193,388739239,https://shopee.com.br/product/388739239/20598942193
19331250068,648928964,https://shopee.com.br/product/648928964/19331250068
23595877228,946161700,https://shopee.com.br/product/946161700/23595877228
10862021284,546513063,https://shopee.com.br/product/546513063/10862021284
23998445574,1477305422,https://shopee.com.br/product/1477305422/23998445574
19398268037,1506316714,https://shopee.com.br/product/1506316714/19398268037
27129068167,946161700,https://shopee.com.br/product/946161700/27129068167
22891289044,816806234,https://shopee.com.br/product/816806234/22891289044
21498993485,942805673,https://shopee.com.br/product/942805673/21498993485
58206407274,1537861858,https://shopee.com.br/product/1537861858/58206407274
22499215921,415129379,https://shopee.com.br/product/415129379/22499215921
23097830552,946161700,https://shopee.com.br/product/946161700/23097830552
21097498123,816806234,https://shopee.com.br/product/816806234/21097498123
20225810771,819102498,https://shopee.com.br/product/819102498/20225810771
19960372104,341202873,https://shopee.com.br/product/341202873/19960372104
23495882145,946161700,https://shopee.com.br/product/946161700/23495882145
17176889561,800925303,https://shopee.com.br/product/800925303/17176889561
22597367875,1190424233,https://shopee.com.br/product/1190424233/22597367875
18499190033,638399297,https://shopee.com.br/product/638399297/18499190033
22898218502,402450553,https://shopee.com.br/product/402450553/22898218502
23994325654,775496126,https://shopee.com.br/product/775496126/23994325654
49261216718,388739239,https://shopee.com.br/product/388739239/49261216718
22091293524,816806234,https://shopee.com.br/product/816806234/22091293524
21099544596,1190424233,https://shopee.com.br/product/1190424233/21099544596
21397517452,816806234,https://shopee.com.br/product/816806234/21397517452
18599603338,822103155,https://shopee.com.br/product/822103155/18599603338
23791358914,816806234,https://shopee.com.br/product/816806234/23791358914
23697605057,590473480,https://shopee.com.br/product/590473480/23697605057
40367480090,800925303,https://shopee.com.br/product/800925303/40367480090
10248368382,528273775,https://shopee.com.br/product/528273775/10248368382
51757127110,390278034,https://shopee.com.br/product/390278034/51757127110
21599079163,946161700,https://shopee.com.br/product/946161700/21599079163
56959383633,299192732,https://shopee.com.br/product/299192732/56959383633
21298269986,1190424233,https://shopee.com.br/product/1190424233/21298269986
22192117247,816806234,https://shopee.com.br/product/816806234/22192117247
23297721608,1328711923,https://shopee.com.br/product/1328711923/23297721608
22898323270,848951954,https://shopee.com.br/product/848951954/22898323270
23691358918,816806234,https://shopee.com.br/product/816806234/23691358918
20496969332,816806234,https://shopee.com.br/product/816806234/20496969332
19997613663,946161700,https://shopee.com.br/product/946161700/19997613663
41080852642,290598330,https://shopee.com.br/product/290598330/41080852642
55661191386,388739239,https://shopee.com.br/product/388739239/55661191386
42730589392,946161700,https://shopee.com.br/product/946161700/42730589392
23593214593,1328711923,https://shopee.com.br/product/1328711923/23593214593
23997328896,674110767,https://shopee.com.br/product/674110767/23997328896
21699308147,590473480,https://shopee.com.br/product/590473480/21699308147
23195785222,816806234,https://shopee.com.br/product/816806234/23195785222
20796969350,816806234,https://shopee.com.br/product/816806234/20796969350
22897548787,1225401015,https://shopee.com.br/product/1225401015/22897548787
23529037394,408653169,https://shopee.com.br/product/408653169/23529037394
20310547420,408128510,https://shopee.com.br/product/408128510/20310547420
18635432307,408128510,https://shopee.com.br/product/408128510/18635432307
23998044935,822103155,https://shopee.com.br/product/822103155/23998044935
18597685581,842996464,https://shopee.com.br/product/842996464/18597685581
21257577434,842996464,https://shopee.com.br/product/842996464/21257577434
22596683872,946161700,https://shopee.com.br/product/946161700/22596683872
40727860155,844004880,https://shopee.com.br/product/844004880/40727860155
11459926705,384950713,https://shopee.com.br/product/384950713/11459926705
22398381003,1506316714,https://shopee.com.br/product/1506316714/22398381003
21499249949,386114683,https://shopee.com.br/product/386114683/21499249949
41468274442,590473480,https://shopee.com.br/product/590473480/41468274442
23992677035,946161700,https://shopee.com.br/product/946161700/23992677035
23293873515,1510588915,https://shopee.com.br/product/1510588915/23293873515
58250972404,316070154,https://shopee.com.br/product/316070154/58250972404
23697176718,816806234,https://shopee.com.br/product/816806234/23697176718
20599263060,1050213612,https://shopee.com.br/product/1050213612/20599263060
22593414806,816806234,https://shopee.com.br/product/816806234/22593414806
58253955442,1658245933,https://shopee.com.br/product/1658245933/58253955442
23493136418,469163480,https://shopee.com.br/product/469163480/23493136418
23893490496,445163047,https://shopee.com.br/product/445163047/23893490496
21999240662,388739239,https://shopee.com.br/product/388739239/21999240662
10171817892,557242410,https://shopee.com.br/product/557242410/10171817892
22698482245,1177903362,https://shopee.com.br/product/1177903362/22698482245
29440978469,946161700,https://shopee.com.br/product/946161700/29440978469
23195785231,816806234,https://shopee.com.br/product/816806234/23195785231
18625812277,819102498,https://shopee.com.br/product/819102498/18625812277
14503286604,557242410,https://shopee.com.br/product/557242410/14503286604
23097721546,1328711923,https://shopee.com.br/product/1328711923/23097721546
23098031324,816806234,https://shopee.com.br/product/816806234/23098031324
22596049951,946161700,https://shopee.com.br/product/946161700/22596049951
25843396993,683952730,https://shopee.com.br/product/683952730/25843396993
54402893216,290598330,https://shopee.com.br/product/290598330/54402893216
23093337160,946161700,https://shopee.com.br/product/946161700/23093337160
26167736285,657120589,https://shopee.com.br/product/657120589/26167736285
22193546408,822103155,https://shopee.com.br/product/822103155/22193546408
22695930310,741045633,https://shopee.com.br/product/741045633/22695930310
20197306487,290073877,https://shopee.com.br/product/290073877/20197306487
47250077645,290598330,https://shopee.com.br/product/290598330/47250077645
22298496149,445163047,https://shopee.com.br/product/445163047/22298496149
19399095455,946161700,https://shopee.com.br/product/946161700/19399095455