item_id,shop_id,product_url
57712062593,946161700,https://shopee.com.br/product/946161700/57712062593
41564230325,819102498,https://shopee.com.br/product/819102498/41564230325
23392682127,946161700,https://shopee.com.br/product/946161700/23392682127
15301788152,528273775,https://shopee.com.br/product/528273775/15301788152
19099318326,528273775,https://shopee.com.br/product/528273775/19099318326
22097422499,1190424233,https://shopee.com.br/product/1190424233/22097422499
22594684864,1658245933,https://shopee.com.br/product/1658245933/22594684864
58213292541,1658245933,https://shopee.com.br/product/1658245933/58213292541
57707073055,601021305,https://shopee.com.br/product/601021305/57707073055
21108002961,408128510,https://shopee.com.br/product/408128510/21108002961
9693695981,528273775,https://shopee.com.br/product/528273775/9693695981
23893359772,1506316714,https://shopee.com.br/product/1506316714/23893359772
47702976747,819102498,https://shopee.com.br/product/819102498/47702976747
47354762854,869809385,https://shopee.com.br/product/869809385/47354762854
19397289105,946161700,https://shopee.com.br/product/946161700/19397289105
58202162794,1658245933,https://shopee.com.br/product/1658245933/58202162794
12609003337,528273775,https://shopee.com.br/product/528273775/12609003337
19922914312,408128510,https://shopee.com.br/product/408128510/19922914312
27581621555,683952730,https://shopee.com.br/product/683952730/27581621555
48104419216,388739239,https://shopee.com.br/product/388739239/48104419216
22398440736,1050213612,https://shopee.com.br/product/1050213612/22398440736
22825365349,842996464,https://shopee.com.br/product/842996464/22825365349
21797376787,445163047,https://shopee.com.br/product/445163047/21797376787
14053026195,341202873,https://shopee.com.br/product/341202873/14053026195
22299360709,1506316714,https://shopee.com.br/product/1506316714/22299360709
22599192619,1190424233,https://shopee.com.br/product/1190424233/22599192619
8898748054,318555124,https://shopee.com.br/product/318555124/8898748054
22095760329,400736454,https://shopee.com.br/product/400736454/22095760329
22994194799,1343260914,https://shopee.com.br/product/1343260914/22994194799
23402385832,869809385,https://shopee.com.br/product/869809385/23402385832
22495785062,816806234,https://shopee.com.br/product/816806234/22495785062
21397517488,816806234,https://shopee.com.br/product/816806234/21397517488
18199805034,313666536,https://shopee.com.br/product/313666536/18199805034
22698748423,341202873,https://shopee.com.br/product/341202873/22698748423
22896684537,946161700,https://shopee.com.br/product/946161700/22896684537
18998862257,946161700,https://shopee.com.br/product/946161700/18998862257
21197095779,946161700,https://shopee.com.br/product/946161700/21197095779
22193568476,489001115,https://shopee.com.br/product/489001115/22193568476
23529037290,408653169,https://shopee.com.br/product/408653169/23529037290
23794615729,758890475,https://shopee.com.br/product/758890475/23794615729
19297736538,333540705,https://shopee.com.br/product/333540705/19297736538
22392920624,1190424233,https://shopee.com.br/product/1190424233/22392920624
21110155677,546513063,https://shopee.com.br/product/546513063/21110155677
23594687192,1577891436,https://shopee.com.br/product/1577891436/23594687192
58250631934,946161700,https://shopee.com.br/product/946161700/58250631934
47954585171,946161700,https://shopee.com.br/product/946161700/47954585171
13495148755,819102498,https://shopee.com.br/product/819102498/13495148755
22821936501,489001115,https://shopee.com.br/product/489001115/22821936501
18566949026,912497596,https://shopee.com.br/product/912497596/18566949026
18998862264,946161700,https://shopee.com.br/product/946161700/18998862264
18398160285,1477305422,https://shopee.com.br/product/1477305422/18398160285
52608188213,388739239,https://shopee.com.br/product/388739239/52608188213
20925843540,819102498,https://shopee.com.br/product/819102498/20925843540
22998679518,1027399414,https://shopee.com.br/product/1027399414/22998679518
17381612718,648928964,https://shopee.com.br/product/648928964/17381612718
23097183967,816806234,https://shopee.com.br/product/816806234/23097183967
23999188189,1177903362,https://shopee.com.br/product/1177903362/23999188189
22197193598,816806234,https://shopee.com.br/product/816806234/22197193598
23494687173,1577891436,https://shopee.com.br/product/1577891436/23494687173
23691363811,816806234,https://shopee.com.br/product/816806234/23691363811
23698081090,1190424233,https://shopee.com.br/product/1190424233/23698081090
9016105329,384950713,https://shopee.com.br/product/384950713/9016105329
22194701713,1314243679,https://shopee.com.br/product/1314243679/22194701713
58205017162,590473480,https://shopee.com.br/product/590473480/58205017162
23794035653,373280378,https://shopee.com.br/product/373280378/23794035653
56012896115,290598330,https://shopee.com.br/product/290598330/56012896115
41173719472,445163047,https://shopee.com.br/product/445163047/41173719472
22738116694,946161700,https://shopee.com.br/product/946161700/22738116694
22597151831,816806234,https://shopee.com.br/product/816806234/22597151831
58259656527,1676554850,https://shopee.com.br/product/1676554850/58259656527
23636007778,942805673,https://shopee.com.br/product/942805673/23636007778
52705489867,869809385,https://shopee.com.br/product/869809385/52705489867
18398160279,1477305422,https://shopee.com.br/product/1477305422/18398160279
58252159257,1658245933,https://shopee.com.br/product/1658245933/58252159257
23092855877,1190424233,https://shopee.com.br/product/1190424233/23092855877
21898198368,822103155,https://shopee.com.br/product/822103155/21898198368
20573158837,842996464,https://shopee.com.br/product/842996464/20573158837
23893233809,842996464,https://shopee.com.br/product/842996464/23893233809
23197989304,939446263,https://shopee.com.br/product/939446263/23197989304
19932428942,648928964,https://shopee.com.br/product/648928964/19932428942
27537492218,557242410,https://shopee.com.br/product/557242410/27537492218
23498708032,1027399414,https://shopee.com.br/product/1027399414/23498708032
46050086108,528273775,https://shopee.com.br/product/528273775/46050086108
21097613186,946161700,https://shopee.com.br/product/946161700/21097613186
22897136845,360012700,https://shopee.com.br/product/360012700/22897136845
41504180313,557242410,https://shopee.com.br/product/557242410/41504180313
29181618407,683952730,https://shopee.com.br/product/683952730/29181618407
22593346900,1177903362,https://shopee.com.br/product/1177903362/22593346900
47265226804,333246733,https://shopee.com.br/product/333246733/47265226804
3092658204,528273775,https://shopee.com.br/product/528273775/3092658204
13910527386,528273775,https://shopee.com.br/product/528273775/13910527386
20332392152,648928964,https://shopee.com.br/product/648928964/20332392152
58212415650,1670290083,https://shopee.com.br/product/1670290083/58212415650
20599201263,1190424233,https://shopee.com.br/product/1190424233/20599201263
19216877074,800925303,https://shopee.com.br/product/800925303/19216877074
58205306001,316070154,https://shopee.com.br/product/316070154/58205306001
20799095468,946161700,https://shopee.com.br/product/946161700/20799095468
20599563651,805449066,https://shopee.com.br/product/805449066/20599563651
58261195848,379103154,https://shopee.com.br/product/379103154/58261195848
22194050074,316070154,https://shopee.com.br/product/316070154/22194050074
43830904251,946161700,https://shopee.com.br/product/946161700/43830904251
43950184839,388739239,https://shopee.com.br/product/388739239/43950184839
23593704578,400124163,https://shopee.com.br/product/400124163/23593704578
20533524835,805449066,https://shopee.com.br/product/805449066/20533524835
22099056377,758890475,https://shopee.com.br/product/758890475/22099056377
23793811177,816806234,https://shopee.com.br/product/816806234/23793811177
54855772303,946161700,https://shopee.com.br/product/946161700/54855772303
23797176713,816806234,https://shopee.com.br/product/816806234/23797176713
19098979579,688030691,https://shopee.com.br/product/688030691/19098979579
23893073154,1190424233,https://shopee.com.br/product/1190424233/23893073154
20935145077,528273775,https://shopee.com.br/product/528273775/20935145077
23298825188,822103155,https://shopee.com.br/product/822103155/23298825188
23493971329,822103155,https://shopee.com.br/product/822103155/23493971329
53110797373,436723291,https://shopee.com.br/product/436723291/53110797373
22798033011,822103155,https://shopee.com.br/product/822103155/22798033011
22195565448,951290141,https://shopee.com.br/product/951290141/22195565448
23594336231,822103155,https://shopee.com.br/product/822103155/23594336231
20697627944,1190424233,https://shopee.com.br/product/1190424233/20697627944
18197525549,816806234,https://shopee.com.br/product/816806234/18197525549
51110455644,316557325,https://shopee.com.br/product/316557325/51110455644
19299298383,489001115,https://shopee.com.br/product/489001115/19299298383
23093627997,822103155,https://shopee.com.br/product/822103155/23093627997
18797635555,1190424233,https://shopee.com.br/product/1190424233/18797635555
58210631156,1081505086,https://shopee.com.br/product/1081505086/58210631156
51610568432,946161700,https://shopee.com.br/product/946161700/51610568432
53755867330,819102498,https://shopee.com.br/product/819102498/53755867330
18998862258,946161700,https://shopee.com.br/product/946161700/18998862258
19598104869,842996464,https://shopee.com.br/product/842996464/19598104869
23298401448,842996464,https://shopee.com.br/product/842996464/23298401448
19999760897,1343260914,https://shopee.com.br/product/1343260914/19999760897
50010974113,445163047,https://shopee.com.br/product/445163047/50010974113
23898545531,648928964,https://shopee.com.br/product/648928964/23898545531
23193494500,489001115,https://shopee.com.br/product/489001115/23193494500
11547609102,528273775,https://shopee.com.br/product/528273775/11547609102
21899358130,1328711923,https://shopee.com.br/product/1328711923/21899358130
20799237524,612143990,https://shopee.com.br/product/612143990/20799237524
23498833798,822103155,https://shopee.com.br/product/822103155/23498833798
46855760446,1328711923,https://shopee.com.br/product/1328711923/46855760446
47663118063,590473480,https://shopee.com.br/product/590473480/47663118063
57361306886,323288678,https://shopee.com.br/product/323288678/57361306886
22898833221,822103155,https://shopee.com.br/product/822103155/22898833221
44806321976,775496126,https://shopee.com.br/product/775496126/44806321976
23693053020,946161700,https://shopee.com.br/product/946161700/23693053020
58216625292,1363037345,https://shopee.com.br/product/1363037345/58216625292
22294348952,1506316714,https://shopee.com.br/product/1506316714/22294348952
23498394573,1275097038,https://shopee.com.br/product/1275097038/23498394573
23293006674,408128510,https://shopee.com.br/product/408128510/23293006674
58200681841,822103155,https://shopee.com.br/product/822103155/58200681841
22793575186,489001115,https://shopee.com.br/product/489001115/22793575186
23193905071,842996464,https://shopee.com.br/product/842996464/23193905071
19799233154,1190424233,https://shopee.com.br/product/1190424233/19799233154
41282050484,290598330,https://shopee.com.br/product/290598330/41282050484
22525819949,800925303,https://shopee.com.br/product/800925303/22525819949
58250151019,822103155,https://shopee.com.br/product/822103155/58250151019
21934804365,557242410,https://shopee.com.br/product/557242410/21934804365
58200849908,1363787561,https://shopee.com.br/product/1363787561/58200849908
23296973523,521372664,https://shopee.com.br/product/521372664/23296973523
23492865050,1190424233,https://shopee.com.br/product/1190424233/23492865050
22393654846,822103155,https://shopee.com.br/product/822103155/22393654846
22398333183,775496126,https://shopee.com.br/product/775496126/22398333183
54252952839,819102498,https://shopee.com.br/product/819102498/54252952839
17587927130,388739239,https://shopee.com.br/product/388739239/17587927130
22395925481,816806234,https://shopee.com.br/product/816806234/22395925481
22597151780,816806234,https://shopee.com.br/product/816806234/22597151780
23236351291,946161700,https://shopee.com.br/product/946161700/23236351291
22893218986,1096473040,https://shopee.com.br/product/1096473040/22893218986
21599882771,822103155,https://shopee.com.br/product/822103155/21599882771
23093047471,800925303,https://shopee.com.br/product/800925303/23093047471
18298055526,822103155,https://shopee.com.br/product/822103155/18298055526
18861902403,442506479,https://shopee.com.br/product/442506479/18861902403
26234652027,528273775,https://shopee.com.br/product/528273775/26234652027
46001676490,800925303,https://shopee.com.br/product/800925303/46001676490
22798033018,822103155,https://shopee.com.br/product/822103155/22798033018
23293934084,1363787561,https://shopee.com.br/product/1363787561/23293934084
14601865690,528273775,https://shopee.com.br/product/528273775/14601865690
22493633713,822103155,https://shopee.com.br/product/822103155/22493633713
19644284945,340096629,https://shopee.com.br/product/340096629/19644284945
27389891941,560644869,https://shopee.com.br/product/560644869/27389891941
43682583927,388739239,https://shopee.com.br/product/388739239/43682583927
22636368373,946161700,https://shopee.com.br/product/946161700/22636368373
22093122526,527586454,https://shopee.com.br/product/527586454/22093122526
19599072394,816806234,https://shopee.com.br/product/816806234/19599072394
22498149446,822103155,https://shopee.com.br/product/822103155/22498149446
58255873109,412968566,https://shopee.com.br/product/412968566/58255873109
23092855195,1190424233,https://shopee.com.br/product/1190424233/23092855195
23892558757,1190424233,https://shopee.com.br/product/1190424233/23892558757
23697170707,946161700,https://shopee.com.br/product/946161700/23697170707
20298291986,822103155,https://shopee.com.br/product/822103155/20298291986
58200681800,822103155,https://shopee.com.br/product/822103155/58200681800
22994187739,1457212056,https://shopee.com.br/product/1457212056/22994187739
57265959208,323288678,https://shopee.com.br/product/323288678/57265959208
11148375878,528273775,https://shopee.com.br/product/528273775/11148375878
23797453391,819102498,https://shopee.com.br/product/819102498/23797453391
22997366908,1190424233,https://shopee.com.br/product/1190424233/22997366908
22127793296,719930213,https://shopee.com.br/product/719930213/22127793296
21498329617,1543611227,https://shopee.com.br/product/1543611227/21498329617
3490980790,397583038,https://shopee.com.br/product/397583038/3490980790
23698868456,822103155,https://shopee.com.br/product/822103155/23698868456
18397991132,902146556,https://shopee.com.br/product/902146556/18397991132
23693584573,1190424233,https://shopee.com.br/product/1190424233/23693584573
43630164722,388739239,https://shopee.com.br/product/388739239/43630164722
20298866753,528273775,https://shopee.com.br/product/528273775/20298866753
23399552625,822103155,https://shopee.com.br/product/822103155/23399552625
42453464015,408653169,https://shopee.com.br/product/408653169/42453464015
23693840124,357239640,https://shopee.com.br/product/357239640/23693840124
20497613556,397020362,https://shopee.com.br/product/397020362/20497613556
22698129404,822103155,https://shopee.com.br/product/822103155/22698129404
58263657194,822103155,https://shopee.com.br/product/822103155/58263657194
23198098331,1027399414,https://shopee.com.br/product/1027399414/23198098331
21699090142,816806234,https://shopee.com.br/product/816806234/21699090142
22693727422,374241455,https://shopee.com.br/product/374241455/22693727422
53710504024,946161700,https://shopee.com.br/product/946161700/53710504024
21799595527,805449066,https://shopee.com.br/product/805449066/21799595527
10765460821,489001115,https://shopee.com.br/product/489001115/10765460821
18077598597,805449066,https://shopee.com.br/product/805449066/18077598597
23497275361,280641391,https://shopee.com.br/product/280641391/23497275361
23097356887,1190424233,https://shopee.com.br/product/1190424233/23097356887
10148373354,528273775,https://shopee.com.br/product/528273775/10148373354
23994323480,822103155,https://shopee.com.br/product/822103155/23994323480
50050251678,988566789,https://shopee.com.br/product/988566789/50050251678
58252400229,1190424233,https://shopee.com.br/product/1190424233/58252400229
58262634429,816806234,https://shopee.com.br/product/816806234/58262634429
13734441686,546513063,https://shopee.com.br/product/546513063/13734441686
53151178755,290073877,https://shopee.com.br/product/290073877/53151178755
46860197737,357239640,https://shopee.com.br/product/357239640/46860197737
22092637210,942805673,https://shopee.com.br/product/942805673/22092637210
23093644531,822103155,https://shopee.com.br/product/822103155/23093644531
22998107117,822103155,https://shopee.com.br/product/822103155/22998107117
22498519563,816806234,https://shopee.com.br/product/816806234/22498519563
14801150966,408128510,https://shopee.com.br/product/408128510/14801150966
19397692056,912455413,https://shopee.com.br/product/912455413/19397692056
22491503413,946161700,https://shopee.com.br/product/946161700/22491503413
22997178790,946161700,https://shopee.com.br/product/946161700/22997178790
58212695243,816806234,https://shopee.com.br/product/816806234/58212695243
23992771958,380456261,https://shopee.com.br/product/380456261/23992771958
22894336715,822103155,https://shopee.com.br/product/822103155/22894336715
21597987600,822103155,https://shopee.com.br/product/822103155/21597987600
40277454433,590473480,https://shopee.com.br/product/590473480/40277454433
46663517111,528273775,https://shopee.com.br/product/528273775/46663517111
23192950288,819102498,https://shopee.com.br/product/819102498/23192950288
22293983090,816806234,https://shopee.com.br/product/816806234/22293983090
18697633907,1190424233,https://shopee.com.br/product/1190424233/18697633907
22598053510,1287093777,https://shopee.com.br/product/1287093777/22598053510
22598925652,822103155,https://shopee.com.br/product/822103155/22598925652
20999571692,822103155,https://shopee.com.br/product/822103155/20999571692
23591380591,946161700,https://shopee.com.br/product/946161700/23591380591
21797292783,946161700,https://shopee.com.br/product/946161700/21797292783
22397573265,946161700,https://shopee.com.br/product/946161700/22397573265
22497511137,800925303,https://shopee.com.br/product/800925303/22497511137
58255873112,412968566,https://shopee.com.br/product/412968566/58255873112
23494389190,1543611227,https://shopee.com.br/product/1543611227/23494389190
58202858308,1660302953,https://shopee.com.br/product/1660302953/58202858308
23998802217,1506316714,https://shopee.com.br/product/1506316714/23998802217
13207686335,528273775,https://shopee.com.br/product/528273775/13207686335
58264621662,1838543550,https://shopee.com.br/product/1838543550/58264621662
23198145534,822103155,https://shopee.com.br/product/822103155/23198145534
18335494213,280641391,https://shopee.com.br/product/280641391/18335494213
58210596694,1737987690,https://shopee.com.br/product/1737987690/58210596694
22997552310,784255615,https://shopee.com.br/product/784255615/22997552310
22494191970,1506316714,https://shopee.com.br/product/1506316714/22494191970
22494196801,1457212056,https://shopee.com.br/product/1457212056/22494196801
10148373352,528273775,https://shopee.com.br/product/528273775/10148373352
23792855666,1190424233,https://shopee.com.br/product/1190424233/23792855666
12109681746,357239640,https://shopee.com.br/product/357239640/12109681746
22694149226,1081505086,https://shopee.com.br/product/1081505086/22694149226
23294044713,1490055656,https://shopee.com.br/product/1490055656/23294044713
17377294122,800925303,https://shopee.com.br/product/800925303/17377294122
58156246315,1490055656,https://shopee.com.br/product/1490055656/58156246315
22098575127,648928964,https://shopee.com.br/product/648928964/22098575127
58209713895,1676555116,https://shopee.com.br/product/1676555116/58209713895
22997998608,951290141,https://shopee.com.br/product/951290141/22997998608
56104979073,844004880,https://shopee.com.br/product/844004880/56104979073
23394332659,822103155,https://shopee.com.br/product/822103155/23394332659
29079224780,946161700,https://shopee.com.br/product/946161700/29079224780
23592225175,946161700,https://shopee.com.br/product/946161700/23592225175
22892381416,400124163,https://shopee.com.br/product/400124163/22892381416
23397356701,1190424233,https://shopee.com.br/product/1190424233/23397356701
23393105831,412527932,https://shopee.com.br/product/412527932/23393105831
58259449972,1676555102,https://shopee.com.br/product/1676555102/58259449972
22693492291,341754426,https://shopee.com.br/product/341754426/22693492291
19999760317,648928964,https://shopee.com.br/product/648928964/19999760317
23794501926,1577891436,https://shopee.com.br/product/1577891436/23794501926
22098599341,374241455,https://shopee.com.br/product/374241455/22098599341
10447615021,528273775,https://shopee.com.br/product/528273775/10447615021
22297669569,272868574,https://shopee.com.br/product/272868574/22297669569
21899189678,316945044,https://shopee.com.br/product/316945044/21899189678
58252086354,822103155,https://shopee.com.br/product/822103155/58252086354
23393604793,822103155,https://shopee.com.br/product/822103155/23393604793
22698677133,1506316714,https://shopee.com.br/product/1506316714/22698677133
23094546025,1163359442,https://shopee.com.br/product/1163359442/23094546025
18398288934,1457212056,https://shopee.com.br/product/1457212056/18398288934
58252194328,1676554783,https://shopee.com.br/product/1676554783/58252194328
22394986749,1036817611,https://shopee.com.br/product/1036817611/22394986749
23008442294,527586454,https://shopee.com.br/product/527586454/23008442294
47167893989,388739239,https://shopee.com.br/product/388739239/47167893989
21744256603,400736454,https://shopee.com.br/product/400736454/21744256603
57066341414,1328711923,https://shopee.com.br/product/1328711923/57066341414
58209443003,1676555161,https://shopee.com.br/product/1676555161/58209443003
22794350881,822103155,https://shopee.com.br/product/822103155/22794350881
19918247370,342678035,https://shopee.com.br/product/342678035/19918247370
11609210639,397583038,https://shopee.com.br/product/397583038/11609210639
20099336587,590473480,https://shopee.com.br/product/590473480/20099336587
21797288131,946161700,https://shopee.com.br/product/946161700/21797288131
22098042260,1343260914,https://shopee.com.br/product/1343260914/22098042260
22598225935,822103155,https://shopee.com.br/product/822103155/22598225935
22594025595,822103155,https://shopee.com.br/product/822103155/22594025595
23093644334,822103155,https://shopee.com.br/product/822103155/23093644334
20898298020,312703265,https://shopee.com.br/product/312703265/20898298020
5290002664,400736454,https://shopee.com.br/product/400736454/5290002664
58265863935,1289860164,https://shopee.com.br/product/1289860164/58265863935
58260132939,1676554774,https://shopee.com.br/product/1676554774/58260132939
2950395517,397583038,https://shopee.com.br/product/397583038/2950395517
23898180257,805449066,https://shopee.com.br/product/805449066/23898180257
58251984435,1676554774,https://shopee.com.br/product/1676554774/58251984435
21773998925,386114683,https://shopee.com.br/product/386114683/21773998925
18399323625,412527932,https://shopee.com.br/product/412527932/18399323625
23093152960,489001115,https://shopee.com.br/product/489001115/23093152960
43428741057,775496126,https://shopee.com.br/product/775496126/43428741057
11667603504,546513063,https://shopee.com.br/product/546513063/11667603504
23498847869,822103155,https://shopee.com.br/product/822103155/23498847869
19197729259,397583038,https://shopee.com.br/product/397583038/19197729259
12409003531,528273775,https://shopee.com.br/product/528273775/12409003531
12309003370,528273775,https://shopee.com.br/product/528273775/12309003370
22292943627,816806234,https://shopee.com.br/product/816806234/22292943627
23693550414,1287093777,https://shopee.com.br/product/1287093777/23693550414
23897550260,912455413,https://shopee.com.br/product/912455413/23897550260
23097166146,946161700,https://shopee.com.br/product/946161700/23097166146
58211041981,766438894,https://shopee.com.br/product/766438894/58211041981
58209714996,1676554977,https://shopee.com.br/product/1676554977/58209714996
44652108946,400124163,https://shopee.com.br/product/400124163/44652108946
23893106680,1190424233,https://shopee.com.br/product/1190424233/23893106680
23133790105,839456755,https://shopee.com.br/product/839456755/23133790105
58262388714,1658245933,https://shopee.com.br/product/1658245933/58262388714
21859128576,380456261,https://shopee.com.br/product/380456261/21859128576
21099184376,357239640,https://shopee.com.br/product/357239640/21099184376
11065394238,489001115,https://shopee.com.br/product/489001115/11065394238
55615420676,1506316714,https://shopee.com.br/product/1506316714/55615420676
20798004833,822103155,https://shopee.com.br/product/822103155/20798004833
23293618582,822103155,https://shopee.com.br/product/822103155/23293618582
58200681816,822103155,https://shopee.com.br/product/822103155/58200681816
18899237029,272868574,https://shopee.com.br/product/272868574/18899237029
16973643927,360012700,https://shopee.com.br/product/360012700/16973643927
58259706531,1676555128,https://shopee.com.br/product/1676555128/58259706531
22794068833,1490055656,https://shopee.com.br/product/1490055656/22794068833
22893106184,412527932,https://shopee.com.br/product/412527932/22893106184
22097758538,442555366,https://shopee.com.br/product/442555366/22097758538
19199377742,618731843,https://shopee.com.br/product/618731843/19199377742
21099370239,1096473040,https://shopee.com.br/product/1096473040/21099370239
54055352336,942805673,https://shopee.com.br/product/942805673/54055352336
58259460471,1676555142,https://shopee.com.br/product/1676555142/58259460471
22699454613,1676555142,https://shopee.com.br/product/1676555142/22699454613
20698004612,822103155,https://shopee.com.br/product/822103155/20698004612
20199869737,822103155,https://shopee.com.br/product/822103155/20199869737
21397517464,816806234,https://shopee.com.br/product/816806234/21397517464
58259435573,1676554829,https://shopee.com.br/product/1676554829/58259435573
58209449769,1676555072,https://shopee.com.br/product/1676555072/58209449769
22494545543,1078949207,https://shopee.com.br/product/1078949207/22494545543
47001155421,800925303,https://shopee.com.br/product/800925303/47001155421
58210132047,1676554783,https://shopee.com.br/product/1676554783/58210132047
58211441095,1036817611,https://shopee.com.br/product/1036817611/58211441095
41323023430,946161700,https://shopee.com.br/product/946161700/41323023430
21899597823,356143297,https://shopee.com.br/product/356143297/21899597823
58259657088,1676554850,https://shopee.com.br/product/1676554850/58259657088
23298703704,1490055656,https://shopee.com.br/product/1490055656/23298703704
23297425464,408128510,https://shopee.com.br/product/408128510/23297425464
21499368084,1328711923,https://shopee.com.br/product/1328711923/21499368084
23493209108,1096473040,https://shopee.com.br/product/1096473040/23493209108
21199256187,316945044,https://shopee.com.br/product/316945044/21199256187
42728895515,1464009232,https://shopee.com.br/product/1464009232/42728895515
21398188334,1459408293,https://shopee.com.br/product/1459408293/21398188334
23998367931,816806234,https://shopee.com.br/product/816806234/23998367931
22494747619,1676554792,https://shopee.com.br/product/1676554792/22494747619
10165392543,489001115,https://shopee.com.br/product/489001115/10165392543
23798220683,1343260914,https://shopee.com.br/product/1343260914/23798220683
58255362994,1190424233,https://shopee.com.br/product/1190424233/58255362994
23494357254,822103155,https://shopee.com.br/product/822103155/23494357254
57558891204,939446263,https://shopee.com.br/product/939446263/57558891204
58215438716,380456261,https://shopee.com.br/product/380456261/58215438716
22798818693,939446263,https://shopee.com.br/product/939446263/22798818693
58259442743,1676554838,https://shopee.com.br/product/1676554838/58259442743
22493956015,1343288194,https://shopee.com.br/product/1343288194/22493956015
23393105781,412527932,https://shopee.com.br/product/412527932/23393105781
23799446628,1676552986,https://shopee.com.br/product/1676552986/23799446628
58209456484,1660302938,https://shopee.com.br/product/1660302938/58209456484
22894955276,1676552986,https://shopee.com.br/product/1676552986/22894955276
58259459978,1676555057,https://shopee.com.br/product/1676555057/58259459978
58259713691,1676554977,https://shopee.com.br/product/1676554977/58259713691
23799442365,1676554977,https://shopee.com.br/product/1676554977/23799442365
58260270415,1676554802,https://shopee.com.br/product/1676554802/58260270415
58210277665,1676554802,https://shopee.com.br/product/1676554802/58210277665
58259435134,1676554829,https://shopee.com.br/product/1676554829/58259435134
58259711088,1676554886,https://shopee.com.br/product/1676554886/58259711088
58209714763,1676554886,https://shopee.com.br/product/1676554886/58209714763
58259465004,1676554958,https://shopee.com.br/product/1676554958/58259465004
20199604160,705932885,https://shopee.com.br/product/705932885/20199604160
47266810636,554865709,https://shopee.com.br/product/554865709/47266810636
58259705426,1676555128,https://shopee.com.br/product/1676555128/58259705426
21926911157,683952730,https://shopee.com.br/product/683952730/21926911157
47600768568,445163047,https://shopee.com.br/product/445163047/47600768568
22397722139,1328711923,https://shopee.com.br/product/1328711923/22397722139
21899555431,1287093777,https://shopee.com.br/product/1287093777/21899555431
19098026669,400124163,https://shopee.com.br/product/400124163/19098026669
19799311633,1096473040,https://shopee.com.br/product/1096473040/19799311633
21438638921,280641391,https://shopee.com.br/product/280641391/21438638921
58214025824,816806234,https://shopee.com.br/product/816806234/58214025824
22992946341,272868574,https://shopee.com.br/product/272868574/22992946341
22094676388,822103155,https://shopee.com.br/product/822103155/22094676388
23199140994,822103155,https://shopee.com.br/product/822103155/23199140994
23099662298,822103155,https://shopee.com.br/product/822103155/23099662298
42229246879,402450553,https://shopee.com.br/product/402450553/42229246879
58207287876,380456261,https://shopee.com.br/product/380456261/58207287876
23494332700,822103155,https://shopee.com.br/product/822103155/23494332700
58251986258,1676554761,https://shopee.com.br/product/1676554761/58251986258
20999543800,1190424233,https://shopee.com.br/product/1190424233/20999543800
58209669197,1676554945,https://shopee.com.br/product/1676554945/58209669197
22194360024,822103155,https://shopee.com.br/product/822103155/22194360024
20897603497,380456261,https://shopee.com.br/product/380456261/20897603497
22498689589,1457212056,https://shopee.com.br/product/1457212056/22498689589
19497616358,408128510,https://shopee.com.br/product/408128510/19497616358
19497421365,400736454,https://shopee.com.br/product/400736454/19497421365
22292999912,800925303,https://shopee.com.br/product/800925303/22292999912
23198832931,822103155,https://shopee.com.br/product/822103155/23198832931
22799058828,1314243679,https://shopee.com.br/product/1314243679/22799058828
21397517478,816806234,https://shopee.com.br/product/816806234/21397517478
44906115360,1494297971,https://shopee.com.br/product/1494297971/44906115360
23191385843,946161700,https://shopee.com.br/product/946161700/23191385843
26423115680,303439692,https://shopee.com.br/product/303439692/26423115680
22692991652,855489892,https://shopee.com.br/product/855489892/22692991652
23897550674,408999524,https://shopee.com.br/product/408999524/23897550674
18397683141,1146529360,https://shopee.com.br/product/1146529360/18397683141
13855070174,599271358,https://shopee.com.br/product/599271358/13855070174
18197621389,599271358,https://shopee.com.br/product/599271358/18197621389
22493421256,1146529360,https://shopee.com.br/product/1146529360/22493421256
17278128086,413779333,https://shopee.com.br/product/413779333/17278128086
22497287567,599271358,https://shopee.com.br/product/599271358/22497287567
20997991907,1223513979,https://shopee.com.br/product/1223513979/20997991907
53353345349,479405487,https://shopee.com.br/product/479405487/53353345349
23492963314,762383390,https://shopee.com.br/product/762383390/23492963314
20332367191,303439692,https://shopee.com.br/product/303439692/20332367191
15704200668,599271358,https://shopee.com.br/product/599271358/15704200668
58200534787,789807677,https://shopee.com.br/product/789807677/58200534787
18097805535,303439692,https://shopee.com.br/product/303439692/18097805535
18199640247,296093764,https://shopee.com.br/product/296093764/18199640247
22093246562,479405487,https://shopee.com.br/product/479405487/22093246562
14609081865,378447288,https://shopee.com.br/product/378447288/14609081865
19520744250,805449066,https://shopee.com.br/product/805449066/19520744250
19457606896,308628919,https://shopee.com.br/product/308628919/19457606896
23895866171,939334135,https://shopee.com.br/product/939334135/23895866171
46005521154,1146529360,https://shopee.com.br/product/1146529360/46005521154
19599367855,356841149,https://shopee.com.br/product/356841149/19599367855
23697584839,1264071501,https://shopee.com.br/product/1264071501/23697584839
11518079990,450610050,https://shopee.com.br/product/450610050/11518079990
18820424812,805449066,https://shopee.com.br/product/805449066/18820424812
17093335137,327632351,https://shopee.com.br/product/327632351/17093335137
22298118998,356841149,https://shopee.com.br/product/356841149/22298118998
19798950489,337531568,https://shopee.com.br/product/337531568/19798950489
20799248271,1146529360,https://shopee.com.br/product/1146529360/20799248271
23598195856,354913181,https://shopee.com.br/product/354913181/23598195856
15763335236,356841149,https://shopee.com.br/product/356841149/15763335236
22922311485,939334135,https://shopee.com.br/product/939334135/22922311485
18407980891,337531568,https://shopee.com.br/product/337531568/18407980891
41774796705,599271358,https://shopee.com.br/product/599271358/41774796705
22698726458,442506479,https://shopee.com.br/product/442506479/22698726458
20342202045,856641146,https://shopee.com.br/product/856641146/20342202045
22497848359,1264071501,https://shopee.com.br/product/1264071501/22497848359
22297317292,1103964099,https://shopee.com.br/product/1103964099/22297317292
23697989132,296093764,https://shopee.com.br/product/296093764/23697989132
21797087906,479405487,https://shopee.com.br/product/479405487/21797087906
22193265910,1264071501,https://shopee.com.br/product/1264071501/22193265910
54300877750,1264071501,https://shopee.com.br/product/1264071501/54300877750
19198459845,856641146,https://shopee.com.br/product/856641146/19198459845
14384101730,489001115,https://shopee.com.br/product/489001115/14384101730
48908714715,1730265575,https://shopee.com.br/product/1730265575/48908714715
22698137890,1146529360,https://shopee.com.br/product/1146529360/22698137890
40317705029,303439692,https://shopee.com.br/product/303439692/40317705029
11995495833,281898655,https://shopee.com.br/product/281898655/11995495833
22692991618,855489892,https://shopee.com.br/product/855489892/22692991618
22398150738,1316611304,https://shopee.com.br/product/1316611304/22398150738
23298540897,822103155,https://shopee.com.br/product/822103155/23298540897
18797502718,805449066,https://shopee.com.br/product/805449066/18797502718
20099564234,1423372949,https://shopee.com.br/product/1423372949/20099564234
23593106216,408999524,https://shopee.com.br/product/408999524/23593106216
23296591292,335160199,https://shopee.com.br/product/335160199/23296591292
22393734846,1334294037,https://shopee.com.br/product/1334294037/22393734846
19398985959,1029852536,https://shopee.com.br/product/1029852536/19398985959
22097484147,356841149,https://shopee.com.br/product/356841149/22097484147
21699564393,1423372949,https://shopee.com.br/product/1423372949/21699564393
23496143366,378447288,https://shopee.com.br/product/378447288/23496143366
22892242128,805449066,https://shopee.com.br/product/805449066/22892242128
18798104948,1223513979,https://shopee.com.br/product/1223513979/18798104948
15707225383,599271358,https://shopee.com.br/product/599271358/15707225383
16140475450,281898655,https://shopee.com.br/product/281898655/16140475450
22693069062,1264071501,https://shopee.com.br/product/1264071501/22693069062
22798198582,497552438,https://shopee.com.br/product/497552438/22798198582
55561180724,1165360419,https://shopee.com.br/product/1165360419/55561180724
23897557680,450610050,https://shopee.com.br/product/450610050/23897557680
22697562431,402450553,https://shopee.com.br/product/402450553/22697562431
23391244453,952014476,https://shopee.com.br/product/952014476/23391244453
58254568466,805449066,https://shopee.com.br/product/805449066/58254568466
44654933094,1423372949,https://shopee.com.br/product/1423372949/44654933094
22197176838,1029852536,https://shopee.com.br/product/1029852536/22197176838
18997675351,855489892,https://shopee.com.br/product/855489892/18997675351
10220421635,413779333,https://shopee.com.br/product/413779333/10220421635
23094059706,1423372949,https://shopee.com.br/product/1423372949/23094059706
17291164477,337531568,https://shopee.com.br/product/337531568/17291164477
11737120473,497552438,https://shopee.com.br/product/497552438/11737120473
17088439367,308628919,https://shopee.com.br/product/308628919/17088439367
25392989576,376221066,https://shopee.com.br/product/376221066/25392989576
21397969749,1146529360,https://shopee.com.br/product/1146529360/21397969749
23522666236,308628919,https://shopee.com.br/product/308628919/23522666236
22694177681,1081505086,https://shopee.com.br/product/1081505086/22694177681
22693665296,1328278916,https://shopee.com.br/product/1328278916/22693665296
23625388469,939334135,https://shopee.com.br/product/939334135/23625388469
18028861793,378447288,https://shopee.com.br/product/378447288/18028861793
22919276042,604489889,https://shopee.com.br/product/604489889/22919276042
23197607416,408999524,https://shopee.com.br/product/408999524/23197607416
20298977262,337531568,https://shopee.com.br/product/337531568/20298977262
13009041230,281898655,https://shopee.com.br/product/281898655/13009041230
22293538217,304278646,https://shopee.com.br/product/304278646/22293538217
6793796431,322399178,https://shopee.com.br/product/322399178/6793796431
22722312872,939334135,https://shopee.com.br/product/939334135/22722312872
56450055327,599271358,https://shopee.com.br/product/599271358/56450055327
22797546707,397583038,https://shopee.com.br/product/397583038/22797546707
20497172287,1029852536,https://shopee.com.br/product/1029852536/20497172287
23794203841,1264071501,https://shopee.com.br/product/1264071501/23794203841
19299241837,408999524,https://shopee.com.br/product/408999524/19299241837
53950116432,599271358,https://shopee.com.br/product/599271358/53950116432
12453682772,599271358,https://shopee.com.br/product/599271358/12453682772
23293281404,648928964,https://shopee.com.br/product/648928964/23293281404
22897612407,442506479,https://shopee.com.br/product/442506479/22897612407
22796939901,337531568,https://shopee.com.br/product/337531568/22796939901
58203129170,1163359442,https://shopee.com.br/product/1163359442/58203129170
58264943708,413779333,https://shopee.com.br/product/413779333/58264943708
22297468931,408999524,https://shopee.com.br/product/408999524/22297468931
19198025001,1328278916,https://shopee.com.br/product/1328278916/19198025001
52300065663,599271358,https://shopee.com.br/product/599271358/52300065663
22692684333,462263068,https://shopee.com.br/product/462263068/22692684333
23593120162,442506479,https://shopee.com.br/product/442506479/23593120162
23094864079,965617276,https://shopee.com.br/product/965617276/23094864079
23992890385,442506479,https://shopee.com.br/product/442506479/23992890385
41225512652,356841149,https://shopee.com.br/product/356841149/41225512652
11308315185,316557325,https://shopee.com.br/product/316557325/11308315185
22798822978,1477305422,https://shopee.com.br/product/1477305422/22798822978
21996858873,599271358,https://shopee.com.br/product/599271358/21996858873
22131478592,378447288,https://shopee.com.br/product/378447288/22131478592
21298022635,1333507062,https://shopee.com.br/product/1333507062/21298022635
9470817020,281898655,https://shopee.com.br/product/281898655/9470817020
20023707287,805449066,https://shopee.com.br/product/805449066/20023707287
58208148804,1541325700,https://shopee.com.br/product/1541325700/58208148804
17078901499,805449066,https://shopee.com.br/product/805449066/17078901499
23093530181,1386771889,https://shopee.com.br/product/1386771889/23093530181
13278328280,337531568,https://shopee.com.br/product/337531568/13278328280
18196969708,939334135,https://shopee.com.br/product/939334135/18196969708
23993574867,530578890,https://shopee.com.br/product/530578890/23993574867
23892720970,1264071501,https://shopee.com.br/product/1264071501/23892720970
21098201133,1165360419,https://shopee.com.br/product/1165360419/21098201133
29334482215,599271358,https://shopee.com.br/product/599271358/29334482215
18422337099,805449066,https://shopee.com.br/product/805449066/18422337099
23492952564,511553005,https://shopee.com.br/product/511553005/23492952564
42115543389,316557325,https://shopee.com.br/product/316557325/42115543389
22798445933,413779333,https://shopee.com.br/product/413779333/22798445933
18698279401,1248180593,https://shopee.com.br/product/1248180593/18698279401
13431204130,281898655,https://shopee.com.br/product/281898655/13431204130
23897561691,464586953,https://shopee.com.br/product/464586953/23897561691
23697758223,390327339,https://shopee.com.br/product/390327339/23697758223
18599323121,590473480,https://shopee.com.br/product/590473480/18599323121
21299248835,350194951,https://shopee.com.br/product/350194951/21299248835
19999499326,604489889,https://shopee.com.br/product/604489889/19999499326
22892617753,296093764,https://shopee.com.br/product/296093764/22892617753
58253291926,413779333,https://shopee.com.br/product/413779333/58253291926
29895108439,464586953,https://shopee.com.br/product/464586953/29895108439
23298540906,822103155,https://shopee.com.br/product/822103155/23298540906
52903952237,1146529360,https://shopee.com.br/product/1146529360/52903952237
21297638660,450610050,https://shopee.com.br/product/450610050/21297638660
23592934585,335160199,https://shopee.com.br/product/335160199/23592934585
57956279765,552896405,https://shopee.com.br/product/552896405/57956279765
13255070807,599271358,https://shopee.com.br/product/599271358/13255070807
23091294288,442506479,https://shopee.com.br/product/442506479/23091294288
23993167520,1248180593,https://shopee.com.br/product/1248180593/23993167520
18508235115,303439692,https://shopee.com.br/product/303439692/18508235115
16579031262,805449066,https://shopee.com.br/product/805449066/16579031262
22393649160,1316611304,https://shopee.com.br/product/1316611304/22393649160
14654799199,337531568,https://shopee.com.br/product/337531568/14654799199
20223723947,805449066,https://shopee.com.br/product/805449066/20223723947
19797805044,455103761,https://shopee.com.br/product/455103761/19797805044
23522666264,308628919,https://shopee.com.br/product/308628919/23522666264
21802922264,281898655,https://shopee.com.br/product/281898655/21802922264
41668260244,762383390,https://shopee.com.br/product/762383390/41668260244
23297683598,408999524,https://shopee.com.br/product/408999524/23297683598
40508749041,560644869,https://shopee.com.br/product/560644869/40508749041
29339514737,599271358,https://shopee.com.br/product/599271358/29339514737
21499672059,1314813681,https://shopee.com.br/product/1314813681/21499672059
49904788601,1314813681,https://shopee.com.br/product/1314813681/49904788601
22697975971,1146529360,https://shopee.com.br/product/1146529360/22697975971
25996195857,335160199,https://shopee.com.br/product/335160199/25996195857
23625396559,939334135,https://shopee.com.br/product/939334135/23625396559
22694153055,334741920,https://shopee.com.br/product/334741920/22694153055
13198422991,408128510,https://shopee.com.br/product/408128510/13198422991
16162446064,604489889,https://shopee.com.br/product/604489889/16162446064
4669811709,350194951,https://shopee.com.br/product/350194951/4669811709
20399565330,337531568,https://shopee.com.br/product/337531568/20399565330
12380722271,337531568,https://shopee.com.br/product/337531568/12380722271
47205513281,869809385,https://shopee.com.br/product/869809385/47205513281
54065744395,1730265575,https://shopee.com.br/product/1730265575/54065744395
19599070747,442506479,https://shopee.com.br/product/442506479/19599070747
22793281122,965617276,https://shopee.com.br/product/965617276/22793281122
22593068608,1264071501,https://shopee.com.br/product/1264071501/22593068608
22794340440,442506479,https://shopee.com.br/product/442506479/22794340440
19999891740,413779333,https://shopee.com.br/product/413779333/19999891740
15688060915,402450553,https://shopee.com.br/product/402450553/15688060915
47409461763,1423372949,https://shopee.com.br/product/1423372949/47409461763
21197726198,412527932,https://shopee.com.br/product/412527932/21197726198
23798676889,1423372949,https://shopee.com.br/product/1423372949/23798676889
26342012431,1146529360,https://shopee.com.br/product/1146529360/26342012431
22692972113,408999524,https://shopee.com.br/product/408999524/22692972113
18099245605,442506479,https://shopee.com.br/product/442506479/18099245605
22697589751,1264071501,https://shopee.com.br/product/1264071501/22697589751
22592246291,479405487,https://shopee.com.br/product/479405487/22592246291
47764502459,869809385,https://shopee.com.br/product/869809385/47764502459
44409327670,1248180593,https://shopee.com.br/product/1248180593/44409327670
50309587119,402450553,https://shopee.com.br/product/402450553/50309587119
21999575366,376221066,https://shopee.com.br/product/376221066/21999575366
22292990270,408999524,https://shopee.com.br/product/408999524/22292990270
22898141649,1316611304,https://shopee.com.br/product/1316611304/22898141649
22092816478,337531568,https://shopee.com.br/product/337531568/22092816478
23198145335,1316611304,https://shopee.com.br/product/1316611304/23198145335
22797484844,902146556,https://shopee.com.br/product/902146556/22797484844
23493685282,436723291,https://shopee.com.br/product/436723291/23493685282
48650077498,1146529360,https://shopee.com.br/product/1146529360/48650077498
23197976171,1146529360,https://shopee.com.br/product/1146529360/23197976171
10773763784,599271358,https://shopee.com.br/product/599271358/10773763784
58205658746,1477305422,https://shopee.com.br/product/1477305422/58205658746
20662065862,455103761,https://shopee.com.br/product/455103761/20662065862
21398020326,822103155,https://shopee.com.br/product/822103155/21398020326
15260297016,337531568,https://shopee.com.br/product/337531568/15260297016
22797144842,337531568,https://shopee.com.br/product/337531568/22797144842
20399359948,462263068,https://shopee.com.br/product/462263068/20399359948
20797920991,604489889,https://shopee.com.br/product/604489889/20797920991
18497124332,805449066,https://shopee.com.br/product/805449066/18497124332
52150384862,856641146,https://shopee.com.br/product/856641146/52150384862
22793401247,408999524,https://shopee.com.br/product/408999524/22793401247
40808748997,560644869,https://shopee.com.br/product/560644869/40808748997
58252085959,965617276,https://shopee.com.br/product/965617276/58252085959
22992684649,462263068,https://shopee.com.br/product/462263068/22992684649
58260048376,1721810104,https://shopee.com.br/product/1721810104/58260048376
21399077638,455103761,https://shopee.com.br/product/455103761/21399077638
22793965702,1477305422,https://shopee.com.br/product/1477305422/22793965702
18898193873,965617276,https://shopee.com.br/product/965617276/18898193873
7476247730,296093764,https://shopee.com.br/product/296093764/7476247730
18353372644,455103761,https://shopee.com.br/product/455103761/18353372644
23196510867,305108896,https://shopee.com.br/product/305108896/23196510867
18099248748,939334135,https://shopee.com.br/product/939334135/18099248748
19699318626,378447288,https://shopee.com.br/product/378447288/19699318626
12897506186,455103761,https://shopee.com.br/product/455103761/12897506186
22098473421,965617276,https://shopee.com.br/product/965617276/22098473421
23897739671,402450553,https://shopee.com.br/product/402450553/23897739671
58261323368,316070154,https://shopee.com.br/product/316070154/58261323368
22098785671,378447288,https://shopee.com.br/product/378447288/22098785671
47200131023,599271358,https://shopee.com.br/product/599271358/47200131023
20620748826,805449066,https://shopee.com.br/product/805449066/20620748826
23294403161,822103155,https://shopee.com.br/product/822103155/23294403161
23794357399,296093764,https://shopee.com.br/product/296093764/23794357399
42962631524,290073877,https://shopee.com.br/product/290073877/42962631524
22891690885,511553005,https://shopee.com.br/product/511553005/22891690885
29639557458,599271358,https://shopee.com.br/product/599271358/29639557458
22397486371,442506479,https://shopee.com.br/product/442506479/22397486371
54313501993,1248180593,https://shopee.com.br/product/1248180593/54313501993
22597903179,973004594,https://shopee.com.br/product/973004594/22597903179
58251693563,648928964,https://shopee.com.br/product/648928964/58251693563
57105030490,1219384404,https://shopee.com.br/product/1219384404/57105030490
23197776627,479405487,https://shopee.com.br/product/479405487/23197776627
22894942883,1758065666,https://shopee.com.br/product/1758065666/22894942883
23293495778,1146529360,https://shopee.com.br/product/1146529360/23293495778
22594688654,497552438,https://shopee.com.br/product/497552438/22594688654
20628386563,305108896,https://shopee.com.br/product/305108896/20628386563
22692684340,462263068,https://shopee.com.br/product/462263068/22692684340
58256070596,1477305422,https://shopee.com.br/product/1477305422/58256070596
27188743118,560644869,https://shopee.com.br/product/560644869/27188743118
8615910616,305108896,https://shopee.com.br/product/305108896/8615910616
22093118396,412527932,https://shopee.com.br/product/412527932/22093118396
23698465279,1477305422,https://shopee.com.br/product/1477305422/23698465279
18499302097,648928964,https://shopee.com.br/product/648928964/18499302097
42371702316,390327339,https://shopee.com.br/product/390327339/42371702316
21399335407,335160199,https://shopee.com.br/product/335160199/21399335407
23594083004,1010974641,https://shopee.com.br/product/1010974641/23594083004
46959989540,599271358,https://shopee.com.br/product/599271358/46959989540
22622313323,939334135,https://shopee.com.br/product/939334135/22622313323
41628431927,869809385,https://shopee.com.br/product/869809385/41628431927
23295779492,800925303,https://shopee.com.br/product/800925303/23295779492
18299599857,1337527569,https://shopee.com.br/product/1337527569/18299599857
49212701734,479405487,https://shopee.com.br/product/479405487/49212701734
44952191570,356841149,https://shopee.com.br/product/356841149/44952191570
23225396634,939334135,https://shopee.com.br/product/939334135/23225396634
22598806741,376716003,https://shopee.com.br/product/376716003/22598806741
53862618003,378447288,https://shopee.com.br/product/378447288/53862618003
22598570732,402450553,https://shopee.com.br/product/402450553/22598570732
23193656865,590473480,https://shopee.com.br/product/590473480/23193656865
58206170694,413779333,https://shopee.com.br/product/413779333/58206170694
20397421652,946161700,https://shopee.com.br/product/946161700/20397421652
8509859528,303439692,https://shopee.com.br/product/303439692/8509859528
58253051937,1674300605,https://shopee.com.br/product/1674300605/58253051937
43174381812,408128510,https://shopee.com.br/product/408128510/43174381812
23398210096,337531568,https://shopee.com.br/product/337531568/23398210096
19597475178,401986069,https://shopee.com.br/product/401986069/19597475178
23697728583,408999524,https://shopee.com.br/product/408999524/23697728583
41680813991,469163480,https://shopee.com.br/product/469163480/41680813991
23097975820,1146529360,https://shopee.com.br/product/1146529360/23097975820
23595877253,946161700,https://shopee.com.br/product/946161700/23595877253
22598100077,337531568,https://shopee.com.br/product/337531568/22598100077
22292926021,1045085918,https://shopee.com.br/product/1045085918/22292926021
23691248482,805449066,https://shopee.com.br/product/805449066/23691248482
22798462039,1477305422,https://shopee.com.br/product/1477305422/22798462039
22794032181,462263068,https://shopee.com.br/product/462263068/22794032181
47512897993,1029852536,https://shopee.com.br/product/1029852536/47512897993
57654353366,386232023,https://shopee.com.br/product/386232023/57654353366
18353374630,455103761,https://shopee.com.br/product/455103761/18353374630
22294354862,1328278916,https://shopee.com.br/product/1328278916/22294354862
27043299617,1146529360,https://shopee.com.br/product/1146529360/27043299617
23892554207,350194951,https://shopee.com.br/product/350194951/23892554207
23193647404,822103155,https://shopee.com.br/product/822103155/23193647404
20598920758,408653169,https://shopee.com.br/product/408653169/20598920758
19055962543,604489889,https://shopee.com.br/product/604489889/19055962543
19128386548,305108896,https://shopee.com.br/product/305108896/19128386548
19428387069,305108896,https://shopee.com.br/product/305108896/19428387069
58200183350,789807677,https://shopee.com.br/product/789807677/58200183350
18299307809,408999524,https://shopee.com.br/product/408999524/18299307809
22998732349,272868574,https://shopee.com.br/product/272868574/22998732349
22098477892,1477305422,https://shopee.com.br/product/1477305422/22098477892
22994626126,1270199189,https://shopee.com.br/product/1270199189/22994626126
22793210427,378447288,https://shopee.com.br/product/378447288/22793210427
22897488071,281898655,https://shopee.com.br/product/281898655/22897488071
19599318634,402450553,https://shopee.com.br/product/402450553/19599318634
22097777463,805449066,https://shopee.com.br/product/805449066/22097777463
4661346873,316557325,https://shopee.com.br/product/316557325/4661346873
53157019323,316557325,https://shopee.com.br/product/316557325/53157019323
23492367580,296093764,https://shopee.com.br/product/296093764/23492367580
23193473622,805449066,https://shopee.com.br/product/805449066/23193473622
19302735863,408128510,https://shopee.com.br/product/408128510/19302735863
23098216937,402450553,https://shopee.com.br/product/402450553/23098216937
22092638007,402450553,https://shopee.com.br/product/402450553/22092638007
5079512661,305108896,https://shopee.com.br/product/305108896/5079512661
40722774131,511553005,https://shopee.com.br/product/511553005/40722774131
50410797429,789807677,https://shopee.com.br/product/789807677/50410797429
23092136453,450610050,https://shopee.com.br/product/450610050/23092136453
18697736305,1051446617,https://shopee.com.br/product/1051446617/18697736305
11638959039,462263068,https://shopee.com.br/product/462263068/11638959039
23798654639,1557525936,https://shopee.com.br/product/1557525936/23798654639
41580688323,1165360419,https://shopee.com.br/product/1165360419/41580688323
22494957521,965617276,https://shopee.com.br/product/965617276/22494957521
47712462839,378447288,https://shopee.com.br/product/378447288/47712462839
41471395477,511553005,https://shopee.com.br/product/511553005/41471395477
58251529451,854082976,https://shopee.com.br/product/854082976/58251529451
43533028850,1165360419,https://shopee.com.br/product/1165360419/43533028850
57955501833,869809385,https://shopee.com.br/product/869809385/57955501833
44221660389,856641146,https://shopee.com.br/product/856641146/44221660389
23697164842,805449066,https://shopee.com.br/product/805449066/23697164842
43315200822,1423372949,https://shopee.com.br/product/1423372949/43315200822
58215200740,1494220424,https://shopee.com.br/product/1494220424/58215200740
58203112185,1494220424,https://shopee.com.br/product/1494220424/58203112185
56116781982,296093764,https://shopee.com.br/product/296093764/56116781982
22522319549,939334135,https://shopee.com.br/product/939334135/22522319549
23493111330,1225401015,https://shopee.com.br/product/1225401015/23493111330
23493660341,1328278916,https://shopee.com.br/product/1328278916/23493660341
22291099411,942805673,https://shopee.com.br/product/942805673/22291099411
23793216067,1328711923,https://shopee.com.br/product/1328711923/23793216067
9882796972,305108896,https://shopee.com.br/product/305108896/9882796972
23498351346,648928964,https://shopee.com.br/product/648928964/23498351346
18697356969,408128510,https://shopee.com.br/product/408128510/18697356969
22993083582,408128510,https://shopee.com.br/product/408128510/22993083582
22898055821,805449066,https://shopee.com.br/product/805449066/22898055821
9315737897,305108896,https://shopee.com.br/product/305108896/9315737897
2982043854,413779333,https://shopee.com.br/product/413779333/2982043854
19199318365,528273775,https://shopee.com.br/product/528273775/19199318365
19399381191,805449066,https://shopee.com.br/product/805449066/19399381191
22894313715,378447288,https://shopee.com.br/product/378447288/22894313715
8215905783,305108896,https://shopee.com.br/product/305108896/8215905783
23292014158,305108896,https://shopee.com.br/product/305108896/23292014158
58200004844,939446263,https://shopee.com.br/product/939446263/58200004844
41070814743,1146529360,https://shopee.com.br/product/1146529360/41070814743
42721706266,390327339,https://shopee.com.br/product/390327339/42721706266
23294942706,1758065666,https://shopee.com.br/product/1758065666/23294942706
23292261834,327632351,https://shopee.com.br/product/327632351/23292261834
58210631315,446413605,https://shopee.com.br/product/446413605/58210631315
18399731943,1477305422,https://shopee.com.br/product/1477305422/18399731943
17980528251,305108896,https://shopee.com.br/product/305108896/17980528251
58210596631,1737987690,https://shopee.com.br/product/1737987690/58210596631
18297457948,337531568,https://shopee.com.br/product/337531568/18297457948
41461643777,1328711923,https://shopee.com.br/product/1328711923/41461643777
58200184439,462263068,https://shopee.com.br/product/462263068/58200184439
52400991346,1146529360,https://shopee.com.br/product/1146529360/52400991346
23298326785,939334135,https://shopee.com.br/product/939334135/23298326785
18598985436,337531568,https://shopee.com.br/product/337531568/18598985436
22892617493,402450553,https://shopee.com.br/product/402450553/22892617493
22198224463,402450553,https://shopee.com.br/product/402450553/22198224463
22093281062,805449066,https://shopee.com.br/product/805449066/22093281062
20699299652,412527932,https://shopee.com.br/product/412527932/20699299652
22396940000,296093764,https://shopee.com.br/product/296093764/22396940000
20798295141,1225401015,https://shopee.com.br/product/1225401015/20798295141
22193254978,390327339,https://shopee.com.br/product/390327339/22193254978
22706985723,705932885,https://shopee.com.br/product/705932885/22706985723
46061651694,599271358,https://shopee.com.br/product/599271358/46061651694
15460296771,337531568,https://shopee.com.br/product/337531568/15460296771
19397974158,281898655,https://shopee.com.br/product/281898655/19397974158
18952561855,408128510,https://shopee.com.br/product/408128510/18952561855
22292841105,337531568,https://shopee.com.br/product/337531568/22292841105
58200104415,1270199189,https://shopee.com.br/product/1270199189/58200104415
54611242418,869809385,https://shopee.com.br/product/869809385/54611242418
28745599119,1264071501,https://shopee.com.br/product/1264071501/28745599119
18728386424,305108896,https://shopee.com.br/product/305108896/18728386424
42778431957,869809385,https://shopee.com.br/product/869809385/42778431957
51565569795,552896405,https://shopee.com.br/product/552896405/51565569795
22994447880,805449066,https://shopee.com.br/product/805449066/22994447880
54005489777,869809385,https://shopee.com.br/product/869809385/54005489777
23698055599,805449066,https://shopee.com.br/product/805449066/23698055599
23693581428,378447288,https://shopee.com.br/product/378447288/23693581428
51461164285,1470120726,https://shopee.com.br/product/1470120726/51461164285
15281348421,378447288,https://shopee.com.br/product/378447288/15281348421
29291654755,354913181,https://shopee.com.br/product/354913181/29291654755
22497479789,350194951,https://shopee.com.br/product/350194951/22497479789
20542154690,856641146,https://shopee.com.br/product/856641146/20542154690
21899086648,402450553,https://shopee.com.br/product/402450553/21899086648
22597484073,350194951,https://shopee.com.br/product/350194951/22597484073
21097069368,337531568,https://shopee.com.br/product/337531568/21097069368
47900088885,599271358,https://shopee.com.br/product/599271358/47900088885
43961632337,599271358,https://shopee.com.br/product/599271358/43961632337
23393866235,1314243679,https://shopee.com.br/product/1314243679/23393866235
46955626387,435277938,https://shopee.com.br/product/435277938/46955626387
58200491391,1516596857,https://shopee.com.br/product/1516596857/58200491391
20197664766,339582052,https://shopee.com.br/product/339582052/20197664766
48061574551,1177369665,https://shopee.com.br/product/1177369665/48061574551
58209108140,1758065666,https://shopee.com.br/product/1758065666/58209108140
19777395681,800925303,https://shopee.com.br/product/800925303/19777395681
23091901090,946161700,https://shopee.com.br/product/946161700/23091901090
58258578519,805449066,https://shopee.com.br/product/805449066/58258578519
18522438797,805449066,https://shopee.com.br/product/805449066/18522438797
55661555984,1177369665,https://shopee.com.br/product/1177369665/55661555984
53157503020,297240324,https://shopee.com.br/product/297240324/53157503020
21305551974,378447288,https://shopee.com.br/product/378447288/21305551974
43531423209,599271358,https://shopee.com.br/product/599271358/43531423209
58265520424,822103155,https://shopee.com.br/product/822103155/58265520424
19897407149,400973800,https://shopee.com.br/product/400973800/19897407149
22893064262,1264071501,https://shopee.com.br/product/1264071501/22893064262
20697293332,322399178,https://shopee.com.br/product/322399178/20697293332
20999562231,1326653835,https://shopee.com.br/product/1326653835/20999562231
58262275635,822103155,https://shopee.com.br/product/822103155/58262275635
25847316899,511553005,https://shopee.com.br/product/511553005/25847316899
28289270289,856641146,https://shopee.com.br/product/856641146/28289270289
58258351807,1328633078,https://shopee.com.br/product/1328633078/58258351807
23794146089,462263068,https://shopee.com.br/product/462263068/23794146089
58266071905,1687531684,https://shopee.com.br/product/1687531684/58266071905
23993468423,281898655,https://shopee.com.br/product/281898655/23993468423
56865000776,479405487,https://shopee.com.br/product/479405487/56865000776
49710595772,1248180593,https://shopee.com.br/product/1248180593/49710595772
22093021606,946161700,https://shopee.com.br/product/946161700/22093021606
7657447770,322399178,https://shopee.com.br/product/322399178/7657447770
23097912223,479405487,https://shopee.com.br/product/479405487/23097912223
19297519655,816806234,https://shopee.com.br/product/816806234/19297519655
56416026594,304278646,https://shopee.com.br/product/304278646/56416026594
20599361682,305108896,https://shopee.com.br/product/305108896/20599361682
54311542293,718558431,https://shopee.com.br/product/718558431/54311542293
46604335306,1165360419,https://shopee.com.br/product/1165360419/46604335306
5479473138,305108896,https://shopee.com.br/product/305108896/5479473138
21238635047,402450553,https://shopee.com.br/product/402450553/21238635047
21897969771,1146529360,https://shopee.com.br/product/1146529360/21897969771
18399731949,1477305422,https://shopee.com.br/product/1477305422/18399731949
22998238055,378447288,https://shopee.com.br/product/378447288/22998238055
41815348356,1423372949,https://shopee.com.br/product/1423372949/41815348356
23494702058,304278646,https://shopee.com.br/product/304278646/23494702058
19498979693,337531568,https://shopee.com.br/product/337531568/19498979693
23393095568,1225401015,https://shopee.com.br/product/1225401015/23393095568
49815600831,552896405,https://shopee.com.br/product/552896405/49815600831
23698051195,805449066,https://shopee.com.br/product/805449066/23698051195
23994426805,822103155,https://shopee.com.br/product/822103155/23994426805
19097761513,1248180593,https://shopee.com.br/product/1248180593/19097761513
49715643128,304278646,https://shopee.com.br/product/304278646/49715643128
20697201386,408128510,https://shopee.com.br/product/408128510/20697201386
4779472644,305108896,https://shopee.com.br/product/305108896/4779472644
18899256128,530578890,https://shopee.com.br/product/530578890/18899256128
58200105133,1270199189,https://shopee.com.br/product/1270199189/58200105133
43228493778,604489889,https://shopee.com.br/product/604489889/43228493778
23093660959,1328278916,https://shopee.com.br/product/1328278916/23093660959
57517633598,356841149,https://shopee.com.br/product/356841149/57517633598
27444050926,869809385,https://shopee.com.br/product/869809385/27444050926
22492626772,442506479,https://shopee.com.br/product/442506479/22492626772
23392214222,805449066,https://shopee.com.br/product/805449066/23392214222
20477228628,281898655,https://shopee.com.br/product/281898655/20477228628
28792878534,1384728500,https://shopee.com.br/product/1384728500/28792878534
58207216335,805449066,https://shopee.com.br/product/805449066/58207216335
18499302099,648928964,https://shopee.com.br/product/648928964/18499302099
23697497409,1225401015,https://shopee.com.br/product/1225401015/23697497409
23393093420,337531568,https://shopee.com.br/product/337531568/23393093420
22093681858,337531568,https://shopee.com.br/product/337531568/22093681858
55401334893,290073877,https://shopee.com.br/product/290073877/55401334893
46604759827,1219384404,https://shopee.com.br/product/1219384404/46604759827
20898319152,1081505086,https://shopee.com.br/product/1081505086/20898319152
22992974584,408128510,https://shopee.com.br/product/408128510/22992974584
23093248430,450610050,https://shopee.com.br/product/450610050/23093248430
23693392147,337531568,https://shopee.com.br/product/337531568/23693392147
20597077302,408128510,https://shopee.com.br/product/408128510/20597077302
22393492333,305108896,https://shopee.com.br/product/305108896/22393492333
19499370082,402450553,https://shopee.com.br/product/402450553/19499370082
19999048141,312703265,https://shopee.com.br/product/312703265/19999048141
58253082227,1674300605,https://shopee.com.br/product/1674300605/58253082227
22797585665,1264071501,https://shopee.com.br/product/1264071501/22797585665
22498993080,471903358,https://shopee.com.br/product/471903358/22498993080
58250228638,1516596857,https://shopee.com.br/product/1516596857/58250228638
58203065768,1674300605,https://shopee.com.br/product/1674300605/58203065768
51209973643,1328278916,https://shopee.com.br/product/1328278916/51209973643
23797758213,390327339,https://shopee.com.br/product/390327339/23797758213
21897685503,1225401015,https://shopee.com.br/product/1225401015/21897685503
58255453001,1050213612,https://shopee.com.br/product/1050213612/58255453001
41205916321,1186779187,https://shopee.com.br/product/1186779187/41205916321
43571702442,390327339,https://shopee.com.br/product/390327339/43571702442
22293126258,402450553,https://shopee.com.br/product/402450553/22293126258
23693180913,1314243679,https://shopee.com.br/product/1314243679/23693180913
23798787708,296093764,https://shopee.com.br/product/296093764/23798787708
23293911273,378447288,https://shopee.com.br/product/378447288/23293911273
29295365896,450610050,https://shopee.com.br/product/450610050/29295365896
23794146194,462263068,https://shopee.com.br/product/462263068/23794146194
20999556065,805449066,https://shopee.com.br/product/805449066/20999556065
56316031484,1146529360,https://shopee.com.br/product/1146529360/56316031484
23997979537,296093764,https://shopee.com.br/product/296093764/23997979537
23794615389,648928964,https://shopee.com.br/product/648928964/23794615389
23593269620,800925303,https://shopee.com.br/product/800925303/23593269620
23492995823,1225401015,https://shopee.com.br/product/1225401015/23492995823
46655446520,281898655,https://shopee.com.br/product/281898655/46655446520
46150136389,842996464,https://shopee.com.br/product/842996464/46150136389
19299318843,408128510,https://shopee.com.br/product/408128510/19299318843
21756018738,313968882,https://shopee.com.br/product/313968882/21756018738
23493269680,337531568,https://shopee.com.br/product/337531568/23493269680
23493087700,1264071501,https://shopee.com.br/product/1264071501/23493087700
53017217473,316749752,https://shopee.com.br/product/316749752/53017217473
21799598197,805449066,https://shopee.com.br/product/805449066/21799598197
58256810352,1027399414,https://shopee.com.br/product/1027399414/58256810352
50303340635,442506479,https://shopee.com.br/product/442506479/50303340635
26290328090,1088013647,https://shopee.com.br/product/1088013647/26290328090
57204272753,450610050,https://shopee.com.br/product/450610050/57204272753
43928145507,1384728500,https://shopee.com.br/product/1384728500/43928145507
22594655579,778895824,https://shopee.com.br/product/778895824/22594655579
5976252852,296093764,https://shopee.com.br/product/296093764/5976252852
58206572899,462263068,https://shopee.com.br/product/462263068/58206572899
18199273618,436723291,https://shopee.com.br/product/436723291/18199273618
22794226236,376716003,https://shopee.com.br/product/376716003/22794226236
57500116105,842996464,https://shopee.com.br/product/842996464/57500116105
13898411633,378940206,https://shopee.com.br/product/378940206/13898411633
23197326627,296093764,https://shopee.com.br/product/296093764/23197326627
48503488515,373594761,https://shopee.com.br/product/373594761/48503488515
22997980125,1146529360,https://shopee.com.br/product/1146529360/22997980125
23997879098,819102498,https://shopee.com.br/product/819102498/23997879098
11321272748,305108896,https://shopee.com.br/product/305108896/11321272748
41709129354,305108896,https://shopee.com.br/product/305108896/41709129354
42375797843,842996464,https://shopee.com.br/product/842996464/42375797843
22793910867,1275097038,https://shopee.com.br/product/1275097038/22793910867
27388743100,560644869,https://shopee.com.br/product/560644869/27388743100
17080424483,805449066,https://shopee.com.br/product/805449066/17080424483
23091777764,296093764,https://shopee.com.br/product/296093764/23091777764
23597559661,1264071501,https://shopee.com.br/product/1264071501/23597559661
22597636781,350194951,https://shopee.com.br/product/350194951/22597636781
58101349331,290073877,https://shopee.com.br/product/290073877/58101349331
58208269547,1333507062,https://shopee.com.br/product/1333507062/58208269547
58209668869,1676555041,https://shopee.com.br/product/1676555041/58209668869
23394679073,1587699638,https://shopee.com.br/product/1587699638/23394679073
23397608835,816806234,https://shopee.com.br/product/816806234/23397608835
23794009139,1477305422,https://shopee.com.br/product/1477305422/23794009139
22698350799,648928964,https://shopee.com.br/product/648928964/22698350799
22194765477,1541325700,https://shopee.com.br/product/1541325700/22194765477
19842155888,856641146,https://shopee.com.br/product/856641146/19842155888
22298201032,1007842724,https://shopee.com.br/product/1007842724/22298201032
22225825805,800925303,https://shopee.com.br/product/800925303/22225825805
14937026341,612143990,https://shopee.com.br/product/612143990/14937026341
19597785944,281898655,https://shopee.com.br/product/281898655/19597785944
23892650682,408128510,https://shopee.com.br/product/408128510/23892650682
19998262005,316557325,https://shopee.com.br/product/316557325/19998262005
27139265224,856641146,https://shopee.com.br/product/856641146/27139265224
22399138141,648928964,https://shopee.com.br/product/648928964/22399138141
43151451040,856641146,https://shopee.com.br/product/856641146/43151451040
22391782018,296093764,https://shopee.com.br/product/296093764/22391782018
20799887692,349137150,https://shopee.com.br/product/349137150/20799887692
21798885562,337531568,https://shopee.com.br/product/337531568/21798885562
55655868165,450610050,https://shopee.com.br/product/450610050/55655868165
46709346528,402450553,https://shopee.com.br/product/402450553/46709346528
57508201582,455103761,https://shopee.com.br/product/455103761/57508201582
13319786623,378447288,https://shopee.com.br/product/378447288/13319786623
22998803529,445163047,https://shopee.com.br/product/445163047/22998803529
19497122091,296093764,https://shopee.com.br/product/296093764/19497122091
18598690474,296093764,https://shopee.com.br/product/296093764/18598690474
23492675424,349137150,https://shopee.com.br/product/349137150/23492675424
22991241277,378447288,https://shopee.com.br/product/378447288/22991241277
22893051740,305108896,https://shopee.com.br/product/305108896/22893051740
58208930757,462263068,https://shopee.com.br/product/462263068/58208930757
19925842272,819102498,https://shopee.com.br/product/819102498/19925842272
22594693068,1081505086,https://shopee.com.br/product/1081505086/22594693068
46050781080,443107548,https://shopee.com.br/product/443107548/46050781080
45311273154,450610050,https://shopee.com.br/product/450610050/45311273154
22793965718,1477305422,https://shopee.com.br/product/1477305422/22793965718
52004935151,946161700,https://shopee.com.br/product/946161700/52004935151
41672561428,599271358,https://shopee.com.br/product/599271358/41672561428
20544948855,401986069,https://shopee.com.br/product/401986069/20544948855
43618548515,337531568,https://shopee.com.br/product/337531568/43618548515
23427784154,939334135,https://shopee.com.br/product/939334135/23427784154
58208456776,965617276,https://shopee.com.br/product/965617276/58208456776
46612798649,1589417470,https://shopee.com.br/product/1589417470/46612798649
23397771263,805449066,https://shopee.com.br/product/805449066/23397771263
21631519962,805449066,https://shopee.com.br/product/805449066/21631519962
48558038478,450610050,https://shopee.com.br/product/450610050/48558038478
57858695294,504745949,https://shopee.com.br/product/504745949/57858695294
58257904796,822103155,https://shopee.com.br/product/822103155/58257904796
18399262046,1225401015,https://shopee.com.br/product/1225401015/18399262046
56710966666,1248180593,https://shopee.com.br/product/1248180593/56710966666
23299409717,1027399414,https://shopee.com.br/product/1027399414/23299409717
18397992072,281898655,https://shopee.com.br/product/281898655/18397992072
28539376687,1328711923,https://shopee.com.br/product/1328711923/28539376687
22694422935,1081505086,https://shopee.com.br/product/1081505086/22694422935
20198994905,1010974641,https://shopee.com.br/product/1010974641/20198994905
22094917208,965617276,https://shopee.com.br/product/965617276/22094917208
53415787193,304278646,https://shopee.com.br/product/304278646/53415787193
23997505438,800925303,https://shopee.com.br/product/800925303/23997505438
10347617060,528273775,https://shopee.com.br/product/528273775/10347617060
23793216099,1328711923,https://shopee.com.br/product/1328711923/23793216099
23599254159,296093764,https://shopee.com.br/product/296093764/23599254159
58205835824,965617276,https://shopee.com.br/product/965617276/58205835824
23497779695,402450553,https://shopee.com.br/product/402450553/23497779695
23396203213,296093764,https://shopee.com.br/product/296093764/23396203213
23594272564,378447288,https://shopee.com.br/product/378447288/23594272564
22993720689,1470120726,https://shopee.com.br/product/1470120726/22993720689
53011482782,402450553,https://shopee.com.br/product/402450553/53011482782
49114467286,1314813681,https://shopee.com.br/product/1314813681/49114467286
29176622070,572649927,https://shopee.com.br/product/572649927/29176622070
19899591220,1328278916,https://shopee.com.br/product/1328278916/19899591220
18097715782,1050213612,https://shopee.com.br/product/1050213612/18097715782
23693722819,1337527569,https://shopee.com.br/product/1337527569/23693722819
22196683219,946161700,https://shopee.com.br/product/946161700/22196683219
51051677834,572649927,https://shopee.com.br/product/572649927/51051677834
23594356241,296093764,https://shopee.com.br/product/296093764/23594356241
40708749145,560644869,https://shopee.com.br/product/560644869/40708749145
21399593719,822103155,https://shopee.com.br/product/822103155/21399593719
19198479707,408128510,https://shopee.com.br/product/408128510/19198479707
23193063632,1264071501,https://shopee.com.br/product/1264071501/23193063632
18599249883,580791382,https://shopee.com.br/product/580791382/18599249883
20411322197,316749752,https://shopee.com.br/product/316749752/20411322197
21998663864,308628919,https://shopee.com.br/product/308628919/21998663864
19699383341,580791382,https://shopee.com.br/product/580791382/19699383341
18697813031,1316611304,https://shopee.com.br/product/1316611304/18697813031
23312861960,412482669,https://shopee.com.br/product/412482669/23312861960
21598074522,1372644554,https://shopee.com.br/product/1372644554/21598074522
22891600355,552896405,https://shopee.com.br/product/552896405/22891600355
23498862601,855489892,https://shopee.com.br/product/855489892/23498862601
23597069174,412482669,https://shopee.com.br/product/412482669/23597069174
22092026614,522316174,https://shopee.com.br/product/522316174/22092026614
23493611198,580791382,https://shopee.com.br/product/580791382/23493611198
19566249128,522316174,https://shopee.com.br/product/522316174/19566249128
22204334344,552896405,https://shopee.com.br/product/552896405/22204334344
21398518912,952014476,https://shopee.com.br/product/952014476/21398518912
19199250548,1097902002,https://shopee.com.br/product/1097902002/19199250548
20899662951,1372644554,https://shopee.com.br/product/1372644554/20899662951
20957608185,308628919,https://shopee.com.br/product/308628919/20957608185
17640533078,552896405,https://shopee.com.br/product/552896405/17640533078
23697320964,552896405,https://shopee.com.br/product/552896405/23697320964
23031657011,965237276,https://shopee.com.br/product/965237276/23031657011
23597309339,522316174,https://shopee.com.br/product/522316174/23597309339
18597682180,855489892,https://shopee.com.br/product/855489892/18597682180
58254986234,580791382,https://shopee.com.br/product/580791382/58254986234
22215332721,412482669,https://shopee.com.br/product/412482669/22215332721
18798516401,952014476,https://shopee.com.br/product/952014476/18798516401
22702325385,412482669,https://shopee.com.br/product/412482669/22702325385
21799256299,1060724397,https://shopee.com.br/product/1060724397/21799256299
22492756692,1097902002,https://shopee.com.br/product/1097902002/22492756692
23497541083,322399178,https://shopee.com.br/product/322399178/23497541083
20399565255,580791382,https://shopee.com.br/product/580791382/20399565255
22903209691,412482669,https://shopee.com.br/product/412482669/22903209691
23297372701,1107280577,https://shopee.com.br/product/1107280577/23297372701
19877574228,648124788,https://shopee.com.br/product/648124788/19877574228
20697975164,1097902002,https://shopee.com.br/product/1097902002/20697975164
18199728154,1229193285,https://shopee.com.br/product/1229193285/18199728154
22396955693,346235717,https://shopee.com.br/product/346235717/22396955693
22031491705,965237276,https://shopee.com.br/product/965237276/22031491705
23233493601,965237276,https://shopee.com.br/product/965237276/23233493601
20598028942,855489892,https://shopee.com.br/product/855489892/20598028942
20097807671,390327339,https://shopee.com.br/product/390327339/20097807671
19999185690,1097902002,https://shopee.com.br/product/1097902002/19999185690
58256409109,1083800536,https://shopee.com.br/product/1083800536/58256409109
19799326580,1107280577,https://shopee.com.br/product/1107280577/19799326580
23597758436,1316611304,https://shopee.com.br/product/1316611304/23597758436
22893587187,1229193285,https://shopee.com.br/product/1229193285/22893587187
23697483496,855489892,https://shopee.com.br/product/855489892/23697483496
22494050513,1537615778,https://shopee.com.br/product/1537615778/22494050513
22597482135,855489892,https://shopee.com.br/product/855489892/22597482135
22298557960,855489892,https://shopee.com.br/product/855489892/22298557960
22092997064,855489892,https://shopee.com.br/product/855489892/22092997064
23297478845,855489892,https://shopee.com.br/product/855489892/23297478845
19266249802,874507048,https://shopee.com.br/product/874507048/19266249802
18797807217,1316611304,https://shopee.com.br/product/1316611304/18797807217
9931951067,311163565,https://shopee.com.br/product/311163565/9931951067
20099262204,1226105437,https://shopee.com.br/product/1226105437/20099262204
21660745172,872473112,https://shopee.com.br/product/872473112/21660745172
22393513315,1329429906,https://shopee.com.br/product/1329429906/22393513315
22897608492,522316174,https://shopee.com.br/product/522316174/22897608492
23797560028,1264071501,https://shopee.com.br/product/1264071501/23797560028
19998024497,855489892,https://shopee.com.br/product/855489892/19998024497
23796867140,552896405,https://shopee.com.br/product/552896405/23796867140
19799716260,1372644554,https://shopee.com.br/product/1372644554/19799716260
18599266226,1087752745,https://shopee.com.br/product/1087752745/18599266226
22593182741,855489892,https://shopee.com.br/product/855489892/22593182741
58256413634,1083800536,https://shopee.com.br/product/1083800536/58256413634
22092696082,1097902002,https://shopee.com.br/product/1097902002/22092696082
23493050710,401986069,https://shopee.com.br/product/401986069/23493050710
18697662511,1097902002,https://shopee.com.br/product/1097902002/18697662511
23897540232,1226105437,https://shopee.com.br/product/1226105437/23897540232
21397785303,1087752745,https://shopee.com.br/product/1087752745/21397785303
23397540734,1226105437,https://shopee.com.br/product/1226105437/23397540734
22297373853,1097902002,https://shopee.com.br/product/1097902002/22297373853
22497748829,1334294037,https://shopee.com.br/product/1334294037/22497748829
23593083662,408578430,https://shopee.com.br/product/408578430/23593083662
20097744140,356841149,https://shopee.com.br/product/356841149/20097744140
22897773280,390327339,https://shopee.com.br/product/390327339/22897773280
19199237741,580791382,https://shopee.com.br/product/580791382/19199237741
20097376929,552896405,https://shopee.com.br/product/552896405/20097376929
15773467464,412482669,https://shopee.com.br/product/412482669/15773467464
22498319777,872473112,https://shopee.com.br/product/872473112/22498319777
20399096100,1097902002,https://shopee.com.br/product/1097902002/20399096100
20198089714,1372644554,https://shopee.com.br/product/1372644554/20198089714
43065550063,316749752,https://shopee.com.br/product/316749752/43065550063
22693642078,1334294037,https://shopee.com.br/product/1334294037/22693642078
22892382423,552896405,https://shopee.com.br/product/552896405/22892382423
16345759982,412482669,https://shopee.com.br/product/412482669/16345759982
21767564317,356841149,https://shopee.com.br/product/356841149/21767564317
22098334472,1372644554,https://shopee.com.br/product/1372644554/22098334472
23097439904,580791382,https://shopee.com.br/product/580791382/23097439904
43208203312,740101023,https://shopee.com.br/product/740101023/43208203312
19797503864,1097902002,https://shopee.com.br/product/1097902002/19797503864
23093272851,443294432,https://shopee.com.br/product/443294432/23093272851
22093539184,1329429906,https://shopee.com.br/product/1329429906/22093539184
22492952553,580791382,https://shopee.com.br/product/580791382/22492952553
22798397795,1374188221,https://shopee.com.br/product/1374188221/22798397795
18571502955,795711540,https://shopee.com.br/product/795711540/18571502955
21997976123,1329429906,https://shopee.com.br/product/1329429906/21997976123
22297003878,410522123,https://shopee.com.br/product/410522123/22297003878
23392875872,1107280577,https://shopee.com.br/product/1107280577/23392875872
22998673517,1208859337,https://shopee.com.br/product/1208859337/22998673517
19099253049,855489892,https://shopee.com.br/product/855489892/19099253049
19598967393,412482669,https://shopee.com.br/product/412482669/19598967393
20397503017,1097902002,https://shopee.com.br/product/1097902002/20397503017
22494050510,1537615778,https://shopee.com.br/product/1537615778/22494050510
54809627463,816024645,https://shopee.com.br/product/816024645/54809627463
22698574386,872473112,https://shopee.com.br/product/872473112/22698574386
23297559754,1107280577,https://shopee.com.br/product/1107280577/23297559754
22112875687,412482669,https://shopee.com.br/product/412482669/22112875687
22520786674,280641391,https://shopee.com.br/product/280641391/22520786674
23794160124,1215229492,https://shopee.com.br/product/1215229492/23794160124
19797674626,855489892,https://shopee.com.br/product/855489892/19797674626
19699358754,1107280577,https://shopee.com.br/product/1107280577/19699358754
26476593141,572649927,https://shopee.com.br/product/572649927/26476593141
19657607632,308628919,https://shopee.com.br/product/308628919/19657607632
23797732702,1334294037,https://shopee.com.br/product/1334294037/23797732702
58209120198,1083800536,https://shopee.com.br/product/1083800536/58209120198
19697675502,855489892,https://shopee.com.br/product/855489892/19697675502
23997588105,1087752745,https://shopee.com.br/product/1087752745/23997588105
23302205002,308628919,https://shopee.com.br/product/308628919/23302205002
21664629594,889942432,https://shopee.com.br/product/889942432/21664629594
22992681774,1097902002,https://shopee.com.br/product/1097902002/22992681774
18197625449,1097902002,https://shopee.com.br/product/1097902002/18197625449
44418709487,1371792496,https://shopee.com.br/product/1371792496/44418709487
21197381715,552896405,https://shopee.com.br/product/552896405/21197381715
19699585414,1334294037,https://shopee.com.br/product/1334294037/19699585414
19899907453,580791382,https://shopee.com.br/product/580791382/19899907453
22092924118,522316174,https://shopee.com.br/product/522316174/22092924118
23697182916,1097902002,https://shopee.com.br/product/1097902002/23697182916
22397568552,1060724397,https://shopee.com.br/product/1060724397/22397568552
17788440206,308628919,https://shopee.com.br/product/308628919/17788440206
17840936938,552896405,https://shopee.com.br/product/552896405/17840936938
23693512443,375188138,https://shopee.com.br/product/375188138/23693512443
22993255522,882904544,https://shopee.com.br/product/882904544/22993255522
19797503855,1097902002,https://shopee.com.br/product/1097902002/19797503855
21466248833,874507048,https://shopee.com.br/product/874507048/21466248833
18399254268,552896405,https://shopee.com.br/product/552896405/18399254268
41967132897,316749752,https://shopee.com.br/product/316749752/41967132897
21857789905,412482669,https://shopee.com.br/product/412482669/21857789905
8302544319,311163565,https://shopee.com.br/product/311163565/8302544319
18298022884,785818771,https://shopee.com.br/product/785818771/18298022884
22593266926,1316611304,https://shopee.com.br/product/1316611304/22593266926
22397769267,1316611304,https://shopee.com.br/product/1316611304/22397769267
57652269517,740101023,https://shopee.com.br/product/740101023/57652269517
19977099241,842544500,https://shopee.com.br/product/842544500/19977099241
58209826157,1083800536,https://shopee.com.br/product/1083800536/58209826157
18897738916,785818771,https://shopee.com.br/product/785818771/18897738916
48550424683,1264071501,https://shopee.com.br/product/1264071501/48550424683
22698557398,1107280577,https://shopee.com.br/product/1107280577/22698557398
21296952205,965237276,https://shopee.com.br/product/965237276/21296952205
22003210772,412482669,https://shopee.com.br/product/412482669/22003210772
23697731307,1229193285,https://shopee.com.br/product/1229193285/23697731307
9751830532,316749752,https://shopee.com.br/product/316749752/9751830532
19497633609,1097902002,https://shopee.com.br/product/1097902002/19497633609
23392985226,580791382,https://shopee.com.br/product/580791382/23392985226
19357609050,308628919,https://shopee.com.br/product/308628919/19357609050
22893190530,1087752745,https://shopee.com.br/product/1087752745/22893190530
16290829977,874507048,https://shopee.com.br/product/874507048/16290829977
23794160133,1215229492,https://shopee.com.br/product/1215229492/23794160133
23697979295,785818771,https://shopee.com.br/product/785818771/23697979295
21517395529,789777799,https://shopee.com.br/product/789777799/21517395529
23198713435,1215229492,https://shopee.com.br/product/1215229492/23198713435
22998319773,1107280577,https://shopee.com.br/product/1107280577/22998319773
23498776975,1033307532,https://shopee.com.br/product/1033307532/23498776975
20998091266,1208859337,https://shopee.com.br/product/1208859337/20998091266
23398103587,1208859337,https://shopee.com.br/product/1208859337/23398103587
20699377670,882904544,https://shopee.com.br/product/882904544/20699377670
18299237116,308628919,https://shopee.com.br/product/308628919/18299237116
19997732880,740101023,https://shopee.com.br/product/740101023/19997732880
58209782670,1083800536,https://shopee.com.br/product/1083800536/58209782670
22497759732,390327339,https://shopee.com.br/product/390327339/22497759732
23133494034,965237276,https://shopee.com.br/product/965237276/23133494034
19849714893,462263068,https://shopee.com.br/product/462263068/19849714893
18699096871,1060724397,https://shopee.com.br/product/1060724397/18699096871
18997986417,1329429906,https://shopee.com.br/product/1329429906/18997986417
23397907744,1208859337,https://shopee.com.br/product/1208859337/23397907744
23396710468,308628919,https://shopee.com.br/product/308628919/23396710468
22092355529,552896405,https://shopee.com.br/product/552896405/22092355529
22592658806,443294432,https://shopee.com.br/product/443294432/22592658806
23692686736,1097902002,https://shopee.com.br/product/1097902002/23692686736
19199841972,965237276,https://shopee.com.br/product/965237276/19199841972
22793402440,1033307532,https://shopee.com.br/product/1033307532/22793402440
22093832811,1372644554,https://shopee.com.br/product/1372644554/22093832811
22193263171,1235923910,https://shopee.com.br/product/1235923910/22193263171
20097807666,390327339,https://shopee.com.br/product/390327339/20097807666
22495751748,965237276,https://shopee.com.br/product/965237276/22495751748
23735159109,653044811,https://shopee.com.br/product/653044811/23735159109
23319049786,401986069,https://shopee.com.br/product/401986069/23319049786
17343356375,412482669,https://shopee.com.br/product/412482669/17343356375
23994207050,1215229492,https://shopee.com.br/product/1215229492/23994207050
19897923720,1060724397,https://shopee.com.br/product/1060724397/19897923720
22197495990,308628919,https://shopee.com.br/product/308628919/22197495990
23697182910,1097902002,https://shopee.com.br/product/1097902002/23697182910
17588440654,308628919,https://shopee.com.br/product/308628919/17588440654
23829846164,401986069,https://shopee.com.br/product/401986069/23829846164
58264616602,965237276,https://shopee.com.br/product/965237276/58264616602
19299494797,785818771,https://shopee.com.br/product/785818771/19299494797
10598398765,412482669,https://shopee.com.br/product/412482669/10598398765
22897597875,580791382,https://shopee.com.br/product/580791382/22897597875
15494324603,308628919,https://shopee.com.br/product/308628919/15494324603
23335173833,653044811,https://shopee.com.br/product/653044811/23335173833
23499416951,1316611304,https://shopee.com.br/product/1316611304/23499416951
23492990902,580791382,https://shopee.com.br/product/580791382/23492990902
11102028320,316749752,https://shopee.com.br/product/316749752/11102028320
21061640362,412482669,https://shopee.com.br/product/412482669/21061640362
22997171482,357239640,https://shopee.com.br/product/357239640/22997171482
20977108835,443294432,https://shopee.com.br/product/443294432/20977108835
18197701161,1107280577,https://shopee.com.br/product/1107280577/18197701161
20898568464,308628919,https://shopee.com.br/product/308628919/20898568464
58208109690,580791382,https://shopee.com.br/product/580791382/58208109690
23899456881,1329429906,https://shopee.com.br/product/1329429906/23899456881
23893401631,1264071501,https://shopee.com.br/product/1264071501/23893401631
18298082369,1033307532,https://shopee.com.br/product/1033307532/18298082369
19698140706,789777799,https://shopee.com.br/product/789777799/19698140706
19798730792,730226632,https://shopee.com.br/product/730226632/19798730792
16045738793,412482669,https://shopee.com.br/product/412482669/16045738793
44458203632,740101023,https://shopee.com.br/product/740101023/44458203632
23602204729,308628919,https://shopee.com.br/product/308628919/23602204729
20097807992,1097902002,https://shopee.com.br/product/1097902002/20097807992
23097602637,580791382,https://shopee.com.br/product/580791382/23097602637
43664198574,1371792496,https://shopee.com.br/product/1371792496/43664198574
23191250368,965237276,https://shopee.com.br/product/965237276/23191250368
20599543495,1097902002,https://shopee.com.br/product/1097902002/20599543495
22693266776,1316611304,https://shopee.com.br/product/1316611304/22693266776
18497684395,580791382,https://shopee.com.br/product/580791382/18497684395
17655297573,522316174,https://shopee.com.br/product/522316174/17655297573
20397503023,1097902002,https://shopee.com.br/product/1097902002/20397503023
21541222688,412482669,https://shopee.com.br/product/412482669/21541222688
20899304386,1264071501,https://shopee.com.br/product/1264071501/20899304386
23098585248,1473114980,https://shopee.com.br/product/1473114980/23098585248
21697612217,1097902002,https://shopee.com.br/product/1097902002/21697612217
18397610524,1097902002,https://shopee.com.br/product/1097902002/18397610524
23294951580,1083800536,https://shopee.com.br/product/1083800536/23294951580
22599164754,1372644554,https://shopee.com.br/product/1372644554/22599164754
22696435047,1012623059,https://shopee.com.br/product/1012623059/22696435047
21213671599,462263068,https://shopee.com.br/product/462263068/21213671599
23693498785,1012623059,https://shopee.com.br/product/1012623059/23693498785
58251335614,1537615778,https://shopee.com.br/product/1537615778/58251335614
23197752123,882904544,https://shopee.com.br/product/882904544/23197752123
23897596455,1208859337,https://shopee.com.br/product/1208859337/23897596455
17888492363,412482669,https://shopee.com.br/product/412482669/17888492363
18797738939,785818771,https://shopee.com.br/product/785818771/18797738939
23202204810,308628919,https://shopee.com.br/product/308628919/23202204810
23892494339,412482669,https://shopee.com.br/product/412482669/23892494339
23497425420,1097902002,https://shopee.com.br/product/1097902002/23497425420
23302205961,308628919,https://shopee.com.br/product/308628919/23302205961
58260182107,1531248173,https://shopee.com.br/product/1531248173/58260182107
19299556396,1329429906,https://shopee.com.br/product/1329429906/19299556396
22898014960,580791382,https://shopee.com.br/product/580791382/22898014960
19799095473,1060724397,https://shopee.com.br/product/1060724397/19799095473
22692386792,552896405,https://shopee.com.br/product/552896405/22692386792
58207439066,1033307532,https://shopee.com.br/product/1033307532/58207439066
43868713576,1371792496,https://shopee.com.br/product/1371792496/43868713576
20697688276,1107280577,https://shopee.com.br/product/1107280577/20697688276
23898006062,1229193285,https://shopee.com.br/product/1229193285/23898006062
58206638546,1334294037,https://shopee.com.br/product/1334294037/58206638546
17494159724,965237276,https://shopee.com.br/product/965237276/17494159724
21298799949,462263068,https://shopee.com.br/product/462263068/21298799949
22294218540,1215229492,https://shopee.com.br/product/1215229492/22294218540
22597608254,580791382,https://shopee.com.br/product/580791382/22597608254
16591837075,889942432,https://shopee.com.br/product/889942432/16591837075
23393083723,408578430,https://shopee.com.br/product/408578430/23393083723
18799607564,443294432,https://shopee.com.br/product/443294432/18799607564
20898659576,730226632,https://shopee.com.br/product/730226632/20898659576
23193139663,462263068,https://shopee.com.br/product/462263068/23193139663
58261620462,1673525976,https://shopee.com.br/product/1673525976/58261620462
23998049185,1329429906,https://shopee.com.br/product/1329429906/23998049185
22897720641,1107280577,https://shopee.com.br/product/1107280577/22897720641
50500547832,1264071501,https://shopee.com.br/product/1264071501/50500547832
23793587175,1107280577,https://shopee.com.br/product/1107280577/23793587175
17887844102,522316174,https://shopee.com.br/product/522316174/17887844102
23493091751,1087752745,https://shopee.com.br/product/1087752745/23493091751
23693062885,1107280577,https://shopee.com.br/product/1107280577/23693062885
22393504118,1329429906,https://shopee.com.br/product/1329429906/22393504118
23493239771,1229193285,https://shopee.com.br/product/1229193285/23493239771
22697010218,412482669,https://shopee.com.br/product/412482669/22697010218
25496608024,401986069,https://shopee.com.br/product/401986069/25496608024
22691344392,412482669,https://shopee.com.br/product/412482669/22691344392
46250553218,1264071501,https://shopee.com.br/product/1264071501/46250553218
23597588102,1087752745,https://shopee.com.br/product/1087752745/23597588102
23693072053,308628919,https://shopee.com.br/product/308628919/23693072053
21199607229,1329429906,https://shopee.com.br/product/1329429906/21199607229
21298966485,412482669,https://shopee.com.br/product/412482669/21298966485
14770945271,552896405,https://shopee.com.br/product/552896405/14770945271
18397796849,1215229492,https://shopee.com.br/product/1215229492/18397796849
23797090228,375188138,https://shopee.com.br/product/375188138/23797090228
22793566582,1264071501,https://shopee.com.br/product/1264071501/22793566582
22497747350,375188138,https://shopee.com.br/product/375188138/22497747350
22493150589,653044811,https://shopee.com.br/product/653044811/22493150589
43708751863,740101023,https://shopee.com.br/product/740101023/43708751863
58266871728,1097902002,https://shopee.com.br/product/1097902002/58266871728
21257606646,308628919,https://shopee.com.br/product/308628919/21257606646
22897747037,390327339,https://shopee.com.br/product/390327339/22897747037
23093093502,1097902002,https://shopee.com.br/product/1097902002/23093093502
23097648034,889942432,https://shopee.com.br/product/889942432/23097648034
15894324590,308628919,https://shopee.com.br/product/308628919/15894324590
18298298499,1215229492,https://shopee.com.br/product/1215229492/18298298499
18799494009,1235923910,https://shopee.com.br/product/1235923910/18799494009
22798072788,1371792496,https://shopee.com.br/product/1371792496/22798072788
18897686537,889942432,https://shopee.com.br/product/889942432/18897686537
8702139193,311163565,https://shopee.com.br/product/311163565/8702139193
22692820130,965237276,https://shopee.com.br/product/965237276/22692820130
23398891396,1563516628,https://shopee.com.br/product/1563516628/23398891396
58200150978,1097902002,https://shopee.com.br/product/1097902002/58200150978
22293176392,889942432,https://shopee.com.br/product/889942432/22293176392
18399033136,1074029485,https://shopee.com.br/product/1074029485/18399033136
58257414577,1215229492,https://shopee.com.br/product/1215229492/58257414577
22498327615,1208859337,https://shopee.com.br/product/1208859337/22498327615
22194690495,952014476,https://shopee.com.br/product/952014476/22194690495
19199254764,1033307532,https://shopee.com.br/product/1033307532/19199254764
22691798890,730226632,https://shopee.com.br/product/730226632/22691798890
23098512655,1494838355,https://shopee.com.br/product/1494838355/23098512655
20296937037,952014476,https://shopee.com.br/product/952014476/20296937037
23896472631,311163565,https://shopee.com.br/product/311163565/23896472631
18349715916,462263068,https://shopee.com.br/product/462263068/18349715916
23697833667,1087752745,https://shopee.com.br/product/1087752745/23697833667
22193071338,874507048,https://shopee.com.br/product/874507048/22193071338
23197312091,965237276,https://shopee.com.br/product/965237276/23197312091
23194309304,1215229492,https://shopee.com.br/product/1215229492/23194309304
43130014406,390327339,https://shopee.com.br/product/390327339/43130014406
22299147791,1537615778,https://shopee.com.br/product/1537615778/22299147791
22733495827,965237276,https://shopee.com.br/product/965237276/22733495827
22897631823,1208859337,https://shopee.com.br/product/1208859337/22897631823
23994297807,375188138,https://shopee.com.br/product/375188138/23994297807
22098035716,1329429906,https://shopee.com.br/product/1329429906/22098035716
22597182868,1097902002,https://shopee.com.br/product/1097902002/22597182868
18898118273,1374188221,https://shopee.com.br/product/1374188221/18898118273
23997692146,1215229492,https://shopee.com.br/product/1215229492/23997692146
14588322345,462263068,https://shopee.com.br/product/462263068/14588322345
23597731424,1229193285,https://shopee.com.br/product/1229193285/23597731424
58205551352,1033307532,https://shopee.com.br/product/1033307532/58205551352
19597682218,1033307532,https://shopee.com.br/product/1033307532/19597682218
23694893090,1721810104,https://shopee.com.br/product/1721810104/23694893090
14573531291,412482669,https://shopee.com.br/product/412482669/14573531291
29092973732,443294432,https://shopee.com.br/product/443294432/29092973732
23197567966,1220316212,https://shopee.com.br/product/1220316212/23197567966
20299262170,1220316212,https://shopee.com.br/product/1220316212/20299262170
18297691420,1107280577,https://shopee.com.br/product/1107280577/18297691420
22694687184,1673525976,https://shopee.com.br/product/1673525976/22694687184
20099554382,1097902002,https://shopee.com.br/product/1097902002/20099554382
22693215076,1215229492,https://shopee.com.br/product/1215229492/22693215076
23893076866,965237276,https://shopee.com.br/product/965237276/23893076866
23897721399,785818771,https://shopee.com.br/product/785818771/23897721399
22597494390,1033307532,https://shopee.com.br/product/1033307532/22597494390
23694639681,1537615778,https://shopee.com.br/product/1537615778/23694639681
23098949944,874507048,https://shopee.com.br/product/874507048/23098949944
23193139673,462263068,https://shopee.com.br/product/462263068/23193139673
16745742159,412482669,https://shopee.com.br/product/412482669/16745742159
22691240277,653044811,https://shopee.com.br/product/653044811/22691240277
20597522824,1097902002,https://shopee.com.br/product/1097902002/20597522824
58213171938,1175743084,https://shopee.com.br/product/1175743084/58213171938
22097702180,1107280577,https://shopee.com.br/product/1107280577/22097702180
22993089558,1097902002,https://shopee.com.br/product/1097902002/22993089558
22193626213,1208859337,https://shopee.com.br/product/1208859337/22193626213
18897523953,412482669,https://shopee.com.br/product/412482669/18897523953
23098015320,1226120317,https://shopee.com.br/product/1226120317/23098015320
12286550120,412482669,https://shopee.com.br/product/412482669/12286550120
3867797391,311163565,https://shopee.com.br/product/311163565/3867797391
23294525549,1097902002,https://shopee.com.br/product/1097902002/23294525549
22893512498,1226120317,https://shopee.com.br/product/1226120317/22893512498
22035169352,653044811,https://shopee.com.br/product/653044811/22035169352
22194917296,1097902002,https://shopee.com.br/product/1097902002/22194917296
19699246889,1107280577,https://shopee.com.br/product/1107280577/19699246889
16893015498,443294432,https://shopee.com.br/product/443294432/16893015498
19997686421,1087752745,https://shopee.com.br/product/1087752745/19997686421
58255441261,375188138,https://shopee.com.br/product/375188138/58255441261
20299321796,1097902002,https://shopee.com.br/product/1097902002/20299321796
23794697604,789777799,https://shopee.com.br/product/789777799/23794697604
21599361112,316749752,https://shopee.com.br/product/316749752/21599361112
22093532608,882904544,https://shopee.com.br/product/882904544/22093532608
22599483628,1097902002,https://shopee.com.br/product/1097902002/22599483628
21799358688,1087752745,https://shopee.com.br/product/1087752745/21799358688
58257727614,1097902002,https://shopee.com.br/product/1097902002/58257727614
22893541584,1215229492,https://shopee.com.br/product/1215229492/22893541584
23693247815,1316611304,https://shopee.com.br/product/1316611304/23693247815
22797727262,1235923910,https://shopee.com.br/product/1235923910/22797727262
22690642275,572649927,https://shopee.com.br/product/572649927/22690642275
22798014994,1374188221,https://shopee.com.br/product/1374188221/22798014994
23193514671,1329429906,https://shopee.com.br/product/1329429906/23193514671
58216874806,1097902002,https://shopee.com.br/product/1097902002/58216874806
22792568919,375188138,https://shopee.com.br/product/375188138/22792568919
19976477544,965237276,https://shopee.com.br/product/965237276/19976477544
8831956255,311163565,https://shopee.com.br/product/311163565/8831956255
21297783472,1215229492,https://shopee.com.br/product/1215229492/21297783472
21599846824,375188138,https://shopee.com.br/product/375188138/21599846824
23897584118,1107280577,https://shopee.com.br/product/1107280577/23897584118
20476693552,443294432,https://shopee.com.br/product/443294432/20476693552
22593266921,1316611304,https://shopee.com.br/product/1316611304/22593266921
13387111969,412482669,https://shopee.com.br/product/412482669/13387111969
19064269895,842544500,https://shopee.com.br/product/842544500/19064269895
23097372785,1107280577,https://shopee.com.br/product/1107280577/23097372785
22694346272,1097902002,https://shopee.com.br/product/1097902002/22694346272
58208843956,1208859337,https://shopee.com.br/product/1208859337/58208843956
23403210063,412482669,https://shopee.com.br/product/412482669/23403210063
23133493850,965237276,https://shopee.com.br/product/965237276/23133493850
20476477045,965237276,https://shopee.com.br/product/965237276/20476477045
22892881458,1107280577,https://shopee.com.br/product/1107280577/22892881458
23694301818,1372644554,https://shopee.com.br/product/1372644554/23694301818
58209088710,1083800536,https://shopee.com.br/product/1083800536/58209088710
22893145050,1264071501,https://shopee.com.br/product/1264071501/22893145050
56151423713,552896405,https://shopee.com.br/product/552896405/56151423713
22298347705,1208859337,https://shopee.com.br/product/1208859337/22298347705
19099326735,462263068,https://shopee.com.br/product/462263068/19099326735
57112272466,1107280577,https://shopee.com.br/product/1107280577/57112272466
21099606033,1423420147,https://shopee.com.br/product/1423420147/21099606033
23293140489,1107280577,https://shopee.com.br/product/1107280577/23293140489
22593208406,785818771,https://shopee.com.br/product/785818771/22593208406
23394234155,1215229492,https://shopee.com.br/product/1215229492/23394234155
22312876139,412482669,https://shopee.com.br/product/412482669/22312876139
23498035915,1097902002,https://shopee.com.br/product/1097902002/23498035915
23598011114,1329429906,https://shopee.com.br/product/1329429906/23598011114
19597734389,1208859337,https://shopee.com.br/product/1208859337/19597734389
22098436224,789777799,https://shopee.com.br/product/789777799/22098436224
22194904232,1215229492,https://shopee.com.br/product/1215229492/22194904232
18655403875,522316174,https://shopee.com.br/product/522316174/18655403875
7467682087,311163565,https://shopee.com.br/product/311163565/7467682087
20898186449,1464080774,https://shopee.com.br/product/1464080774/20898186449
22298831664,789777799,https://shopee.com.br/product/789777799/22298831664
58204133975,1329429906,https://shopee.com.br/product/1329429906/58204133975
22697763633,1316611304,https://shopee.com.br/product/1316611304/22697763633
41370599449,1470120726,https://shopee.com.br/product/1470120726/41370599449
18899379362,1316611304,https://shopee.com.br/product/1316611304/18899379362
43026421490,552896405,https://shopee.com.br/product/552896405/43026421490
58260677950,1033307532,https://shopee.com.br/product/1033307532/58260677950
18697786779,1215229492,https://shopee.com.br/product/1215229492/18697786779
17690776765,874507048,https://shopee.com.br/product/874507048/17690776765
22594654532,1592293113,https://shopee.com.br/product/1592293113/22594654532
21299205299,1097902002,https://shopee.com.br/product/1097902002/21299205299
19799076687,1097902002,https://shopee.com.br/product/1097902002/19799076687
22797892091,1226120317,https://shopee.com.br/product/1226120317/22797892091
23697728080,1208859337,https://shopee.com.br/product/1208859337/23697728080
23797559390,1107280577,https://shopee.com.br/product/1107280577/23797559390
23292012312,311163565,https://shopee.com.br/product/311163565/23292012312
58257727620,1097902002,https://shopee.com.br/product/1097902002/58257727620
22098754106,789777799,https://shopee.com.br/product/789777799/22098754106
22098957027,1215229492,https://shopee.com.br/product/1215229492/22098957027
23697541632,1220316212,https://shopee.com.br/product/1220316212/23697541632
22792382556,552896405,https://shopee.com.br/product/552896405/22792382556
22897773295,390327339,https://shopee.com.br/product/390327339/22897773295
19899299763,1097902002,https://shopee.com.br/product/1097902002/19899299763
23997692212,1215229492,https://shopee.com.br/product/1215229492/23997692212
23193083920,408578430,https://shopee.com.br/product/408578430/23193083920
22498854402,1592293113,https://shopee.com.br/product/1592293113/22498854402
23597563187,1087752745,https://shopee.com.br/product/1087752745/23597563187
22491456756,638399297,https://shopee.com.br/product/638399297/22491456756
58256332449,1083800536,https://shopee.com.br/product/1083800536/58256332449
21199368885,443294432,https://shopee.com.br/product/443294432/21199368885
23194855218,1208859337,https://shopee.com.br/product/1208859337/23194855218
22194067742,1537615778,https://shopee.com.br/product/1537615778/22194067742
10698833076,415129379,https://shopee.com.br/product/415129379/10698833076
22897065170,375188138,https://shopee.com.br/product/375188138/22897065170
58250004471,965237276,https://shopee.com.br/product/965237276/58250004471
20797804399,882904544,https://shopee.com.br/product/882904544/20797804399
18599720952,1107280577,https://shopee.com.br/product/1107280577/18599720952
21298523910,653044811,https://shopee.com.br/product/653044811/21298523910
18699552890,375188138,https://shopee.com.br/product/375188138/18699552890
20697619730,316749752,https://shopee.com.br/product/316749752/20697619730
23893359527,1215229492,https://shopee.com.br/product/1215229492/23893359527
11333065026,462263068,https://shopee.com.br/product/462263068/11333065026
22793704792,1470120726,https://shopee.com.br/product/1470120726/22793704792
58205643999,375188138,https://shopee.com.br/product/375188138/58205643999
23398157351,1329429906,https://shopee.com.br/product/1329429906/23398157351
58209540776,952014476,https://shopee.com.br/product/952014476/58209540776
23593482565,785818771,https://shopee.com.br/product/785818771/23593482565
19759107426,412482669,https://shopee.com.br/product/412482669/19759107426
21199833274,1329429906,https://shopee.com.br/product/1329429906/21199833274
22694203743,1215229492,https://shopee.com.br/product/1215229492/22694203743
58200691124,1561901020,https://shopee.com.br/product/1561901020/58200691124
58262232861,1316611304,https://shopee.com.br/product/1316611304/58262232861
22193071306,874507048,https://shopee.com.br/product/874507048/22193071306
20099760249,1235923910,https://shopee.com.br/product/1235923910/20099760249
18797817325,443294432,https://shopee.com.br/product/443294432/18797817325
22694320095,789777799,https://shopee.com.br/product/789777799/22694320095
19197761348,1097902002,https://shopee.com.br/product/1097902002/19197761348
23298713239,1215229492,https://shopee.com.br/product/1215229492/23298713239
22997560447,1264071501,https://shopee.com.br/product/1264071501/22997560447
23997881890,1226120317,https://shopee.com.br/product/1226120317/23997881890
23793864614,1215229492,https://shopee.com.br/product/1215229492/23793864614
22393419560,1033307532,https://shopee.com.br/product/1033307532/22393419560
9702543612,311163565,https://shopee.com.br/product/311163565/9702543612
23593482592,785818771,https://shopee.com.br/product/785818771/23593482592
22892929415,1097902002,https://shopee.com.br/product/1097902002/22892929415
23594337455,1264071501,https://shopee.com.br/product/1264071501/23594337455
22097702167,1107280577,https://shopee.com.br/product/1107280577/22097702167
20597975744,882904544,https://shopee.com.br/product/882904544/20597975744
22893985160,1494838355,https://shopee.com.br/product/1494838355/22893985160
23197753204,1235923910,https://shopee.com.br/product/1235923910/23197753204
22793110371,1243712796,https://shopee.com.br/product/1243712796/22793110371
18298143902,462263068,https://shopee.com.br/product/462263068/18298143902
58255789014,1561901020,https://shopee.com.br/product/1561901020/58255789014
57715353933,1371792496,https://shopee.com.br/product/1371792496/57715353933
12438656415,462263068,https://shopee.com.br/product/462263068/12438656415
22598082449,965237276,https://shopee.com.br/product/965237276/22598082449
40715206582,401986069,https://shopee.com.br/product/401986069/40715206582
18299267782,1107280577,https://shopee.com.br/product/1107280577/18299267782
18899312767,1235923910,https://shopee.com.br/product/1235923910/18899312767
58255304625,1208859337,https://shopee.com.br/product/1208859337/58255304625
22197621651,1267884649,https://shopee.com.br/product/1267884649/22197621651
56705003999,1242718651,https://shopee.com.br/product/1242718651/56705003999
14491847512,789777799,https://shopee.com.br/product/789777799/14491847512
22897609734,1226120317,https://shopee.com.br/product/1226120317/22897609734
23197615783,1226120317,https://shopee.com.br/product/1226120317/23197615783
58216301694,1208859337,https://shopee.com.br/product/1208859337/58216301694
21899299799,1097902002,https://shopee.com.br/product/1097902002/21899299799
19398017307,1371792496,https://shopee.com.br/product/1371792496/19398017307
22094176617,1537615778,https://shopee.com.br/product/1537615778/22094176617
23092876227,1107280577,https://shopee.com.br/product/1107280577/23092876227
22693918319,412482669,https://shopee.com.br/product/412482669/22693918319
58256600102,1220316212,https://shopee.com.br/product/1220316212/58256600102
22492978046,1107280577,https://shopee.com.br/product/1107280577/22492978046
58259851390,280641391,https://shopee.com.br/product/280641391/58259851390
20097807672,390327339,https://shopee.com.br/product/390327339/20097807672
22797178437,1097902002,https://shopee.com.br/product/1097902002/22797178437
22993826327,1208859337,https://shopee.com.br/product/1208859337/22993826327
58252388243,1208859337,https://shopee.com.br/product/1208859337/58252388243
20940344963,412482669,https://shopee.com.br/product/412482669/20940344963
23594677972,1516596857,https://shopee.com.br/product/1516596857/23594677972
23193139683,462263068,https://shopee.com.br/product/462263068/23193139683
20498269174,1097902002,https://shopee.com.br/product/1097902002/20498269174
23694156249,1097902002,https://shopee.com.br/product/1097902002/23694156249
44170143607,341754426,https://shopee.com.br/product/341754426/44170143607
22893268122,1235923910,https://shopee.com.br/product/1235923910/22893268122
42070612517,1470120726,https://shopee.com.br/product/1470120726/42070612517
22199403937,1226120317,https://shopee.com.br/product/1226120317/22199403937
23593496094,1097902002,https://shopee.com.br/product/1097902002/23593496094
18266250161,874507048,https://shopee.com.br/product/874507048/18266250161
23092876261,1107280577,https://shopee.com.br/product/1107280577/23092876261
22697720991,1235923910,https://shopee.com.br/product/1235923910/22697720991
23192775385,412482669,https://shopee.com.br/product/412482669/23192775385
22197192728,1097902002,https://shopee.com.br/product/1097902002/22197192728
23293610240,1208859337,https://shopee.com.br/product/1208859337/23293610240
22497554030,1050213612,https://shopee.com.br/product/1050213612/22497554030
22198385636,390327339,https://shopee.com.br/product/390327339/22198385636
22193734534,952014476,https://shopee.com.br/product/952014476/22193734534
18197751156,1243712796,https://shopee.com.br/product/1243712796/18197751156
23593400496,1226120317,https://shopee.com.br/product/1226120317/23593400496
58261655655,1097902002,https://shopee.com.br/product/1097902002/58261655655
44360785206,325008325,https://shopee.com.br/product/325008325/44360785206
23193343982,390327339,https://shopee.com.br/product/390327339/23193343982
22197595879,1097902002,https://shopee.com.br/product/1097902002/22197595879
19659109576,412482669,https://shopee.com.br/product/412482669/19659109576
21599087919,1082747237,https://shopee.com.br/product/1082747237/21599087919
22499372377,1516596857,https://shopee.com.br/product/1516596857/22499372377
23194840320,1208859337,https://shopee.com.br/product/1208859337/23194840320
23098565555,844004880,https://shopee.com.br/product/844004880/23098565555
22194895493,1083800536,https://shopee.com.br/product/1083800536/22194895493
58206753096,1097902002,https://shopee.com.br/product/1097902002/58206753096
19098323151,1097902002,https://shopee.com.br/product/1097902002/19098323151
22397782754,1316611304,https://shopee.com.br/product/1316611304/22397782754
58214926933,1087752745,https://shopee.com.br/product/1087752745/58214926933
4668140742,311163565,https://shopee.com.br/product/311163565/4668140742
22193914863,1329429906,https://shopee.com.br/product/1329429906/22193914863
23298150069,1371792496,https://shopee.com.br/product/1371792496/23298150069
22494050563,1537615778,https://shopee.com.br/product/1537615778/22494050563
18897807224,1316611304,https://shopee.com.br/product/1316611304/18897807224
22035169262,653044811,https://shopee.com.br/product/653044811/22035169262
14173487893,412482669,https://shopee.com.br/product/412482669/14173487893
22593645358,462263068,https://shopee.com.br/product/462263068/22593645358
22498774949,1235923910,https://shopee.com.br/product/1235923910/22498774949
22792811120,412482669,https://shopee.com.br/product/412482669/22792811120
20697804389,882904544,https://shopee.com.br/product/882904544/20697804389
22397380710,412482669,https://shopee.com.br/product/412482669/22397380710
22398698071,1473114980,https://shopee.com.br/product/1473114980/22398698071
19399544258,1097902002,https://shopee.com.br/product/1097902002/19399544258
18698665420,730226632,https://shopee.com.br/product/730226632/18698665420
19799262545,1226105437,https://shopee.com.br/product/1226105437/19799262545
23998136073,1097902002,https://shopee.com.br/product/1097902002/23998136073
22992992740,1107280577,https://shopee.com.br/product/1107280577/22992992740
23393083684,408578430,https://shopee.com.br/product/408578430/23393083684
23292876197,1107280577,https://shopee.com.br/product/1107280577/23292876197
58258189971,1208859337,https://shopee.com.br/product/1208859337/58258189971
48209340371,1371792496,https://shopee.com.br/product/1371792496/48209340371
16090830405,874507048,https://shopee.com.br/product/874507048/16090830405
22193762041,280641391,https://shopee.com.br/product/280641391/22193762041
22399020009,1081505086,https://shopee.com.br/product/1081505086/22399020009
22002323683,412482669,https://shopee.com.br/product/412482669/22002323683
23897970339,1329429906,https://shopee.com.br/product/1329429906/23897970339
19197738198,785818771,https://shopee.com.br/product/785818771/19197738198
56958408678,443294432,https://shopee.com.br/product/443294432/56958408678
22899127622,1537615778,https://shopee.com.br/product/1537615778/22899127622
22893241052,1208859337,https://shopee.com.br/product/1208859337/22893241052
22497587294,874507048,https://shopee.com.br/product/874507048/22497587294
23793262651,1226120317,https://shopee.com.br/product/1226120317/23793262651
23994297787,375188138,https://shopee.com.br/product/375188138/23994297787
23297569090,310274254,https://shopee.com.br/product/310274254/23297569090
58206090878,1082747237,https://shopee.com.br/product/1082747237/58206090878
22498547243,1537615778,https://shopee.com.br/product/1537615778/22498547243
19099369180,1235923910,https://shopee.com.br/product/1235923910/19099369180
22294062547,1537615778,https://shopee.com.br/product/1537615778/22294062547
58214604452,965237276,https://shopee.com.br/product/965237276/58214604452
22093889015,390327339,https://shopee.com.br/product/390327339/22093889015
23394677071,1516596857,https://shopee.com.br/product/1516596857/23394677071
22029967187,401986069,https://shopee.com.br/product/401986069/22029967187
21097795023,1235923910,https://shopee.com.br/product/1235923910/21097795023
23193141405,1267884649,https://shopee.com.br/product/1267884649/23193141405
23898536806,1464080774,https://shopee.com.br/product/1464080774/23898536806
22999144373,1372644554,https://shopee.com.br/product/1372644554/22999144373
18797691956,1097902002,https://shopee.com.br/product/1097902002/18797691956
23094624358,965237276,https://shopee.com.br/product/965237276/23094624358
19999903680,1553205290,https://shopee.com.br/product/1553205290/19999903680
23197364010,1097902002,https://shopee.com.br/product/1097902002/23197364010
20957796654,412482669,https://shopee.com.br/product/412482669/20957796654
43601039510,401986069,https://shopee.com.br/product/401986069/43601039510
23594085396,1473114980,https://shopee.com.br/product/1473114980/23594085396
18997395557,412482669,https://shopee.com.br/product/412482669/18997395557
23894187308,1083800536,https://shopee.com.br/product/1083800536/23894187308
58257447784,1097902002,https://shopee.com.br/product/1097902002/58257447784
9399155374,618731843,https://shopee.com.br/product/618731843/9399155374
58264317183,1097902002,https://shopee.com.br/product/1097902002/58264317183
19299494778,785818771,https://shopee.com.br/product/785818771/19299494778
23597372483,1107280577,https://shopee.com.br/product/1107280577/23597372483
58261615561,1673525976,https://shopee.com.br/product/1673525976/58261615561
19099191790,1097902002,https://shopee.com.br/product/1097902002/19099191790
18797740659,1235923910,https://shopee.com.br/product/1235923910/18797740659
23494188689,462263068,https://shopee.com.br/product/462263068/23494188689
58211705648,1208859337,https://shopee.com.br/product/1208859337/58211705648
23994218960,1267884649,https://shopee.com.br/product/1267884649/23994218960
23293981541,1505013914,https://shopee.com.br/product/1505013914/23293981541
23015326320,412482669,https://shopee.com.br/product/412482669/23015326320
19874432733,443294432,https://shopee.com.br/product/443294432/19874432733
22294329894,1563516628,https://shopee.com.br/product/1563516628/22294329894
9391198240,462263068,https://shopee.com.br/product/462263068/9391198240
20999703285,874507048,https://shopee.com.br/product/874507048/20999703285
23594948310,874507048,https://shopee.com.br/product/874507048/23594948310
58264154117,1329429906,https://shopee.com.br/product/1329429906/58264154117
23297372635,1107280577,https://shopee.com.br/product/1107280577/23297372635
58252396401,1329429906,https://shopee.com.br/product/1329429906/58252396401
22997753140,1235923910,https://shopee.com.br/product/1235923910/22997753140
58211614702,1097902002,https://shopee.com.br/product/1097902002/58211614702
22097702078,1107280577,https://shopee.com.br/product/1107280577/22097702078
19699892609,965237276,https://shopee.com.br/product/965237276/19699892609
22095015444,1673525976,https://shopee.com.br/product/1673525976/22095015444
22797363261,1097902002,https://shopee.com.br/product/1097902002/22797363261
20499245034,522316174,https://shopee.com.br/product/522316174/20499245034
23993087664,1107280577,https://shopee.com.br/product/1107280577/23993087664
19797613094,1097902002,https://shopee.com.br/product/1097902002/19797613094
22598796582,1553205290,https://shopee.com.br/product/1553205290/22598796582
22493099885,401986069,https://shopee.com.br/product/401986069/22493099885
58256720981,1097902002,https://shopee.com.br/product/1097902002/58256720981
10133064258,462263068,https://shopee.com.br/product/462263068/10133064258
58211445478,1097902002,https://shopee.com.br/product/1097902002/58211445478
23892712428,1050213612,https://shopee.com.br/product/1050213612/23892712428
22294062596,1537615778,https://shopee.com.br/product/1537615778/22294062596
20099076355,1097902002,https://shopee.com.br/product/1097902002/20099076355
23997751102,443294432,https://shopee.com.br/product/443294432/23997751102
22694431426,1316611304,https://shopee.com.br/product/1316611304/22694431426
23735158591,412482669,https://shopee.com.br/product/412482669/23735158591
58253179910,1671173223,https://shopee.com.br/product/1671173223/58253179910
22897065156,375188138,https://shopee.com.br/product/375188138/22897065156
23698345358,443294432,https://shopee.com.br/product/443294432/23698345358
58262016941,1473114980,https://shopee.com.br/product/1473114980/58262016941
18198042790,785818771,https://shopee.com.br/product/785818771/18198042790
16893709242,653044811,https://shopee.com.br/product/653044811/16893709242
23694808632,1467752495,https://shopee.com.br/product/1467752495/23694808632
23794384163,1561901020,https://shopee.com.br/product/1561901020/23794384163
21099377928,1235923910,https://shopee.com.br/product/1235923910/21099377928
23297372676,1107280577,https://shopee.com.br/product/1107280577/23297372676
18899186731,1097902002,https://shopee.com.br/product/1097902002/18899186731
21799542148,882904544,https://shopee.com.br/product/882904544/21799542148
21906764570,415129379,https://shopee.com.br/product/415129379/21906764570
23997822765,1235923910,https://shopee.com.br/product/1235923910/23997822765
58200024549,1537615778,https://shopee.com.br/product/1537615778/58200024549
20109722565,412482669,https://shopee.com.br/product/412482669/20109722565
58263747816,1097902002,https://shopee.com.br/product/1097902002/58263747816
23699198685,789777799,https://shopee.com.br/product/789777799/23699198685
58263970509,1842561838,https://shopee.com.br/product/1842561838/58263970509
23297372654,1107280577,https://shopee.com.br/product/1107280577/23297372654
21599498877,785818771,https://shopee.com.br/product/785818771/21599498877
19799185983,1097902002,https://shopee.com.br/product/1097902002/19799185983
22593208275,785818771,https://shopee.com.br/product/785818771/22593208275
22294194074,390327339,https://shopee.com.br/product/390327339/22294194074
23196086365,944577712,https://shopee.com.br/product/944577712/23196086365
22691240282,653044811,https://shopee.com.br/product/653044811/22691240282
23494949603,1516596857,https://shopee.com.br/product/1516596857/23494949603
22592593082,375188138,https://shopee.com.br/product/375188138/22592593082
58263654245,1097902002,https://shopee.com.br/product/1097902002/58263654245
23892501677,443294432,https://shopee.com.br/product/443294432/23892501677
22098035733,1329429906,https://shopee.com.br/product/1329429906/22098035733
20497429113,412482669,https://shopee.com.br/product/412482669/20497429113
20399180545,1097902002,https://shopee.com.br/product/1097902002/20399180545
23893421388,1235923910,https://shopee.com.br/product/1235923910/23893421388
20997979069,1235923910,https://shopee.com.br/product/1235923910/20997979069
58259100177,1083800536,https://shopee.com.br/product/1083800536/58259100177
22099167471,1329429906,https://shopee.com.br/product/1329429906/22099167471
54858750410,390327339,https://shopee.com.br/product/390327339/54858750410
22497619494,1226120317,https://shopee.com.br/product/1226120317/22497619494
23992573304,375188138,https://shopee.com.br/product/375188138/23992573304
22993046691,1097902002,https://shopee.com.br/product/1097902002/22993046691
23694019277,874507048,https://shopee.com.br/product/874507048/23694019277
58208517900,1097902002,https://shopee.com.br/product/1097902002/58208517900
50309027336,1371792496,https://shopee.com.br/product/1371792496/50309027336
22899341951,1553205290,https://shopee.com.br/product/1553205290/22899341951
23694417117,1097902002,https://shopee.com.br/product/1097902002/23694417117
58264318966,1097902002,https://shopee.com.br/product/1097902002/58264318966
58200169252,1537615778,https://shopee.com.br/product/1537615778/58200169252
20999260924,874507048,https://shopee.com.br/product/874507048/20999260924
19966249586,874507048,https://shopee.com.br/product/874507048/19966249586
23993507544,882904544,https://shopee.com.br/product/882904544/23993507544
23798515768,874507048,https://shopee.com.br/product/874507048/23798515768
58211705556,1208859337,https://shopee.com.br/product/1208859337/58211705556
58212702071,1083800536,https://shopee.com.br/product/1083800536/58212702071
17990775812,874507048,https://shopee.com.br/product/874507048/17990775812
58214905874,1374188221,https://shopee.com.br/product/1374188221/58214905874
19566438677,874507048,https://shopee.com.br/product/874507048/19566438677
23494695266,1107280577,https://shopee.com.br/product/1107280577/23494695266
21097971290,965237276,https://shopee.com.br/product/965237276/21097971290
19097978405,1235923910,https://shopee.com.br/product/1235923910/19097978405
21298523924,653044811,https://shopee.com.br/product/653044811/21298523924
22193215592,415129379,https://shopee.com.br/product/415129379/22193215592
22897606654,1243712796,https://shopee.com.br/product/1243712796/22897606654
22297606664,1208859337,https://shopee.com.br/product/1208859337/22297606664
22094070238,1464080774,https://shopee.com.br/product/1464080774/22094070238
58202398172,1208859337,https://shopee.com.br/product/1208859337/58202398172
53251195561,1371792496,https://shopee.com.br/product/1371792496/53251195561
22298564230,1537615778,https://shopee.com.br/product/1537615778/22298564230
22806960421,874507048,https://shopee.com.br/product/874507048/22806960421
18897738944,785818771,https://shopee.com.br/product/785818771/18897738944
23193230980,1235923910,https://shopee.com.br/product/1235923910/23193230980
23298867925,1592293113,https://shopee.com.br/product/1592293113/23298867925
22498547150,1537615778,https://shopee.com.br/product/1537615778/22498547150
22294649350,965237276,https://shopee.com.br/product/965237276/22294649350
20297798027,390327339,https://shopee.com.br/product/390327339/20297798027
22497587283,874507048,https://shopee.com.br/product/874507048/22497587283
58252388246,1208859337,https://shopee.com.br/product/1208859337/58252388246
58256600006,1220316212,https://shopee.com.br/product/1220316212/58256600006
23698790565,1473114980,https://shopee.com.br/product/1473114980/23698790565
58252520678,1537615778,https://shopee.com.br/product/1537615778/58252520678
21599546210,1226120317,https://shopee.com.br/product/1226120317/21599546210
23594228938,1267884649,https://shopee.com.br/product/1267884649/23594228938
23793851070,842559166,https://shopee.com.br/product/842559166/23793851070
19866249591,874507048,https://shopee.com.br/product/874507048/19866249591
22592834321,1050213612,https://shopee.com.br/product/1050213612/22592834321
23292676104,462263068,https://shopee.com.br/product/462263068/23292676104
23798653300,1537615778,https://shopee.com.br/product/1537615778/23798653300
20999378043,1235923910,https://shopee.com.br/product/1235923910/20999378043
23893086517,882904544,https://shopee.com.br/product/882904544/23893086517
22393008573,1060724397,https://shopee.com.br/product/1060724397/22393008573
58208162591,778895824,https://shopee.com.br/product/778895824/58208162591
58261655227,1087752745,https://shopee.com.br/product/1087752745/58261655227
10531330360,462263068,https://shopee.com.br/product/462263068/10531330360
58200948770,1226120317,https://shopee.com.br/product/1226120317/58200948770
18698152383,1494838355,https://shopee.com.br/product/1494838355/18698152383
22893256963,1235923910,https://shopee.com.br/product/1235923910/22893256963
18997796656,1235923910,https://shopee.com.br/product/1235923910/18997796656
22499427736,1516596857,https://shopee.com.br/product/1516596857/22499427736
19898200834,375188138,https://shopee.com.br/product/375188138/19898200834
22298847399,1208859337,https://shopee.com.br/product/1208859337/22298847399
22898071933,965237276,https://shopee.com.br/product/965237276/22898071933
58216301686,1208859337,https://shopee.com.br/product/1208859337/58216301686
19499713194,789777799,https://shopee.com.br/product/789777799/19499713194
58208162584,778895824,https://shopee.com.br/product/778895824/58208162584
22193502835,1329429906,https://shopee.com.br/product/1329429906/22193502835
58211705630,1208859337,https://shopee.com.br/product/1208859337/58211705630
23994485686,1561901020,https://shopee.com.br/product/1561901020/23994485686
22698888393,1563516628,https://shopee.com.br/product/1563516628/22698888393
58250030941,1537615778,https://shopee.com.br/product/1537615778/58250030941
23799439207,462263068,https://shopee.com.br/product/462263068/23799439207
20197794991,451273707,https://shopee.com.br/product/451273707/20197794991
18699096261,965237276,https://shopee.com.br/product/965237276/18699096261
19498027322,316749752,https://shopee.com.br/product/316749752/19498027322
22497587244,874507048,https://shopee.com.br/product/874507048/22497587244
22394399948,1081505086,https://shopee.com.br/product/1081505086/22394399948
23893583500,1537615778,https://shopee.com.br/product/1537615778/23893583500
19298269471,965237276,https://shopee.com.br/product/965237276/19298269471
58210082964,1673525976,https://shopee.com.br/product/1673525976/58210082964
43404289085,1371792496,https://shopee.com.br/product/1371792496/43404289085
58202523537,286347381,https://shopee.com.br/product/286347381/58202523537
19367111326,401986069,https://shopee.com.br/product/401986069/19367111326
19599907938,462263068,https://shopee.com.br/product/462263068/19599907938
22294330416,789777799,https://shopee.com.br/product/789777799/22294330416
23098793011,730226632,https://shopee.com.br/product/730226632/23098793011
23298890292,1563516628,https://shopee.com.br/product/1563516628/23298890292
23294403286,965237276,https://shopee.com.br/product/965237276/23294403286
58252388406,1208859337,https://shopee.com.br/product/1208859337/58252388406
23094679664,1229193285,https://shopee.com.br/product/1229193285/23094679664
16010059357,463375702,https://shopee.com.br/product/463375702/16010059357
18897738923,785818771,https://shopee.com.br/product/785818771/18897738923
23098783910,1537615778,https://shopee.com.br/product/1537615778/23098783910
23494038744,412482669,https://shopee.com.br/product/412482669/23494038744
58211705544,1208859337,https://shopee.com.br/product/1208859337/58211705544
18797738942,785818771,https://shopee.com.br/product/785818771/18797738942
18997977110,1329429906,https://shopee.com.br/product/1329429906/18997977110
15688872596,311163565,https://shopee.com.br/product/311163565/15688872596
58209826029,1083800536,https://shopee.com.br/product/1083800536/58209826029
23099453556,965237276,https://shopee.com.br/product/965237276/23099453556
22497587265,874507048,https://shopee.com.br/product/874507048/22497587265
58207447169,1630032069,https://shopee.com.br/product/1630032069/58207447169
23594214067,965237276,https://shopee.com.br/product/965237276/23594214067
20599308903,1208859337,https://shopee.com.br/product/1208859337/20599308903
18699307688,1208859337,https://shopee.com.br/product/1208859337/18699307688
22993718500,451273707,https://shopee.com.br/product/451273707/22993718500
23893379818,730226632,https://shopee.com.br/product/730226632/23893379818
18198042794,785818771,https://shopee.com.br/product/785818771/18198042794
22194067739,1537615778,https://shopee.com.br/product/1537615778/22194067739
22794636326,1537615778,https://shopee.com.br/product/1537615778/22794636326
23193255482,882904544,https://shopee.com.br/product/882904544/23193255482
58211705560,1208859337,https://shopee.com.br/product/1208859337/58211705560
23898638355,1537615778,https://shopee.com.br/product/1537615778/23898638355
19299310653,785818771,https://shopee.com.br/product/785818771/19299310653
23797546346,1220316212,https://shopee.com.br/product/1220316212/23797546346
58258189977,1208859337,https://shopee.com.br/product/1208859337/58258189977
20597981850,1329429906,https://shopee.com.br/product/1329429906/20597981850
58253446216,462263068,https://shopee.com.br/product/462263068/58253446216
22812877009,412482669,https://shopee.com.br/product/412482669/22812877009
22598961663,889942432,https://shopee.com.br/product/889942432/22598961663
22498483191,1505013914,https://shopee.com.br/product/1505013914/22498483191
58207217041,1033307532,https://shopee.com.br/product/1033307532/58207217041
21999184854,965237276,https://shopee.com.br/product/965237276/21999184854
23898000590,1226120317,https://shopee.com.br/product/1226120317/23898000590
55455030153,390327339,https://shopee.com.br/product/390327339/55455030153
22594864088,1473114980,https://shopee.com.br/product/1473114980/22594864088
12786483059,412482669,https://shopee.com.br/product/412482669/12786483059
44130916075,1467752495,https://shopee.com.br/product/1467752495/44130916075
22497587292,874507048,https://shopee.com.br/product/874507048/22497587292
22694024541,462263068,https://shopee.com.br/product/462263068/22694024541
22593535010,1220316212,https://shopee.com.br/product/1220316212/22593535010
58209900226,874507048,https://shopee.com.br/product/874507048/58209900226
23197746556,1208859337,https://shopee.com.br/product/1208859337/23197746556
18099957372,785818771,https://shopee.com.br/product/785818771/18099957372
23597596630,1208859337,https://shopee.com.br/product/1208859337/23597596630
17091807625,412482669,https://shopee.com.br/product/412482669/17091807625
22599405435,1208859337,https://shopee.com.br/product/1208859337/22599405435
20599837106,1537615778,https://shopee.com.br/product/1537615778/20599837106
22794420143,1541406826,https://shopee.com.br/product/1541406826/22794420143
19966249693,874507048,https://shopee.com.br/product/874507048/19966249693
22494656213,1537615778,https://shopee.com.br/product/1537615778/22494656213
22297567833,874507048,https://shopee.com.br/product/874507048/22297567833
22198569705,1464080774,https://shopee.com.br/product/1464080774/22198569705
41433704832,316749752,https://shopee.com.br/product/316749752/41433704832
23394893346,1027399414,https://shopee.com.br/product/1027399414/23394893346
23893494332,1464080774,https://shopee.com.br/product/1464080774/23893494332
20699648844,1329429906,https://shopee.com.br/product/1329429906/20699648844
22893512481,1226120317,https://shopee.com.br/product/1226120317/22893512481
23193925707,789777799,https://shopee.com.br/product/789777799/23193925707
22798009100,1226120317,https://shopee.com.br/product/1226120317/22798009100
22093060973,297240324,https://shopee.com.br/product/297240324/22093060973
20597747220,1208859337,https://shopee.com.br/product/1208859337/20597747220
22897477535,297240324,https://shopee.com.br/product/297240324/22897477535
23298940957,874507048,https://shopee.com.br/product/874507048/23298940957
22194676724,1674300605,https://shopee.com.br/product/1674300605/22194676724
58211819944,1516596857,https://shopee.com.br/product/1516596857/58211819944
22193734440,1329429906,https://shopee.com.br/product/1329429906/22193734440
22793500681,1243712796,https://shopee.com.br/product/1243712796/22793500681
40365194999,443294432,https://shopee.com.br/product/443294432/40365194999
22694706314,1674300605,https://shopee.com.br/product/1674300605/22694706314
18437654912,415129379,https://shopee.com.br/product/415129379/18437654912
23697614242,1226120317,https://shopee.com.br/product/1226120317/23697614242
23594518349,1473114980,https://shopee.com.br/product/1473114980/23594518349
22194067721,1537615778,https://shopee.com.br/product/1537615778/22194067721
22497587155,874507048,https://shopee.com.br/product/874507048/22497587155
19598709716,653044811,https://shopee.com.br/product/653044811/19598709716
21198198320,874507048,https://shopee.com.br/product/874507048/21198198320
23498642700,442506479,https://shopee.com.br/product/442506479/23498642700
19299494773,785818771,https://shopee.com.br/product/785818771/19299494773
20964234130,874507048,https://shopee.com.br/product/874507048/20964234130
20498297404,1563516628,https://shopee.com.br/product/1563516628/20498297404
58250431910,1516596857,https://shopee.com.br/product/1516596857/58250431910
22691240266,653044811,https://shopee.com.br/product/653044811/22691240266
22395179662,1226105437,https://shopee.com.br/product/1226105437/22395179662
52557471331,412482669,https://shopee.com.br/product/412482669/52557471331
22893861860,1208859337,https://shopee.com.br/product/1208859337/22893861860
21599546234,1226120317,https://shopee.com.br/product/1226120317/21599546234
23994141618,1537615778,https://shopee.com.br/product/1537615778/23994141618
22294062588,1537615778,https://shopee.com.br/product/1537615778/22294062588
21297972571,785818771,https://shopee.com.br/product/785818771/21297972571
18298022907,785818771,https://shopee.com.br/product/785818771/18298022907
16276246917,789777799,https://shopee.com.br/product/789777799/16276246917
20897734509,443294432,https://shopee.com.br/product/443294432/20897734509
58200858076,1473114980,https://shopee.com.br/product/1473114980/58200858076
21264233099,874507048,https://shopee.com.br/product/874507048/21264233099
58202333100,1516596857,https://shopee.com.br/product/1516596857/58202333100
58259873870,965237276,https://shopee.com.br/product/965237276/58259873870
18499793350,874507048,https://shopee.com.br/product/874507048/18499793350
19298021595,1243712796,https://shopee.com.br/product/1243712796/19298021595
20998329653,1473114980,https://shopee.com.br/product/1473114980/20998329653
23898638312,1537615778,https://shopee.com.br/product/1537615778/23898638312
22798811979,1563516628,https://shopee.com.br/product/1563516628/22798811979
22294062567,1537615778,https://shopee.com.br/product/1537615778/22294062567
19499665648,785818771,https://shopee.com.br/product/785818771/19499665648
58202398230,1208859337,https://shopee.com.br/product/1208859337/58202398230
43226133688,1371792496,https://shopee.com.br/product/1371792496/43226133688
58253104370,1674300605,https://shopee.com.br/product/1674300605/58253104370
21897795473,443294432,https://shopee.com.br/product/443294432/21897795473
21366248924,874507048,https://shopee.com.br/product/874507048/21366248924
22297495110,443109642,https://shopee.com.br/product/443109642/22297495110
21297797027,1334294037,https://shopee.com.br/product/1334294037/21297797027
23898505926,874507048,https://shopee.com.br/product/874507048/23898505926
22297193622,443294432,https://shopee.com.br/product/443294432/22297193622
22497736330,965237276,https://shopee.com.br/product/965237276/22497736330
52961187094,816024645,https://shopee.com.br/product/816024645/52961187094
18066248405,874507048,https://shopee.com.br/product/874507048/18066248405
22799459346,1673525976,https://shopee.com.br/product/1673525976/22799459346
22497587169,874507048,https://shopee.com.br/product/874507048/22497587169
23233493425,965237276,https://shopee.com.br/product/965237276/23233493425
22594969947,1081505086,https://shopee.com.br/product/1081505086/22594969947
23794152569,1220316212,https://shopee.com.br/product/1220316212/23794152569
23593482596,785818771,https://shopee.com.br/product/785818771/23593482596
20964234112,874507048,https://shopee.com.br/product/874507048/20964234112
23499439209,462263068,https://shopee.com.br/product/462263068/23499439209
11033774412,462263068,https://shopee.com.br/product/462263068/11033774412
21899385489,443294432,https://shopee.com.br/product/443294432/21899385489
22898895586,1563516628,https://shopee.com.br/product/1563516628/22898895586
23098512689,1494838355,https://shopee.com.br/product/1494838355/23098512689
23898638307,1537615778,https://shopee.com.br/product/1537615778/23898638307
23698346841,1226120317,https://shopee.com.br/product/1226120317/23698346841
23394088243,1464080774,https://shopee.com.br/product/1464080774/23394088243
18999595072,312703265,https://shopee.com.br/product/312703265/18999595072
18299090155,401986069,https://shopee.com.br/product/401986069/18299090155
22097715828,297240324,https://shopee.com.br/product/297240324/22097715828
23395678388,443294432,https://shopee.com.br/product/443294432/23395678388
23299127483,1516596857,https://shopee.com.br/product/1516596857/23299127483
58213995448,462263068,https://shopee.com.br/product/462263068/58213995448
58256308279,1083800536,https://shopee.com.br/product/1083800536/58256308279
23597979358,785818771,https://shopee.com.br/product/785818771/23597979358
18897738937,785818771,https://shopee.com.br/product/785818771/18897738937
47901275265,1371792496,https://shopee.com.br/product/1371792496/47901275265
58209556878,1332727307,https://shopee.com.br/product/1332727307/58209556878
58200064263,1537615778,https://shopee.com.br/product/1537615778/58200064263
23399492669,1516596857,https://shopee.com.br/product/1516596857/23399492669
23093255607,882904544,https://shopee.com.br/product/882904544/23093255607
22398223830,785818771,https://shopee.com.br/product/785818771/22398223830
18899311064,785818771,https://shopee.com.br/product/785818771/18899311064
20799306858,1208859337,https://shopee.com.br/product/1208859337/20799306858
58259790740,758814499,https://shopee.com.br/product/758814499/58259790740
58207366435,349137150,https://shopee.com.br/product/349137150/58207366435
22594169903,522316174,https://shopee.com.br/product/522316174/22594169903
23097017793,730226632,https://shopee.com.br/product/730226632/23097017793
22606960462,874507048,https://shopee.com.br/product/874507048/22606960462
58264778729,1316611304,https://shopee.com.br/product/1316611304/58264778729
22497553539,1243712796,https://shopee.com.br/product/1243712796/22497553539
15395502195,874507048,https://shopee.com.br/product/874507048/15395502195
23298890247,1563516628,https://shopee.com.br/product/1563516628/23298890247
22298564349,1537615778,https://shopee.com.br/product/1537615778/22298564349
58207213173,1650088171,https://shopee.com.br/product/1650088171/58207213173
58200131168,1537615778,https://shopee.com.br/product/1537615778/58200131168
18066248390,874507048,https://shopee.com.br/product/874507048/18066248390
23294444478,874507048,https://shopee.com.br/product/874507048/23294444478
23893494337,1464080774,https://shopee.com.br/product/1464080774/23893494337
58257146608,1553205290,https://shopee.com.br/product/1553205290/58257146608
21499336176,303439692,https://shopee.com.br/product/303439692/21499336176
23194317485,1177903362,https://shopee.com.br/product/1177903362/23194317485
23294316602,1177903362,https://shopee.com.br/product/1177903362/23294316602
22994317483,1177903362,https://shopee.com.br/product/1177903362/22994317483
10751188139,534023108,https://shopee.com.br/product/534023108/10751188139
17976302012,546513063,https://shopee.com.br/product/546513063/17976302012
19748645144,534023108,https://shopee.com.br/product/534023108/19748645144
13613839786,534023108,https://shopee.com.br/product/534023108/13613839786
22994275634,601021305,https://shopee.com.br/product/601021305/22994275634
23839589883,534023108,https://shopee.com.br/product/534023108/23839589883
58267057981,1177903362,https://shopee.com.br/product/1177903362/58267057981
23398902112,1177903362,https://shopee.com.br/product/1177903362/23398902112
22831236892,408653169,https://shopee.com.br/product/408653169/22831236892
21346568995,327632351,https://shopee.com.br/product/327632351/21346568995
22394280124,1177903362,https://shopee.com.br/product/1177903362/22394280124
22798154589,316557325,https://shopee.com.br/product/316557325/22798154589
23293253679,946161700,https://shopee.com.br/product/946161700/23293253679
21850025368,534023108,https://shopee.com.br/product/534023108/21850025368
43818223779,365257077,https://shopee.com.br/product/365257077/43818223779
22596607256,534023108,https://shopee.com.br/product/534023108/22596607256
58201097420,1177903362,https://shopee.com.br/product/1177903362/58201097420
13713834713,534023108,https://shopee.com.br/product/534023108/13713834713
22396133684,534023108,https://shopee.com.br/product/534023108/22396133684
22497834222,534023108,https://shopee.com.br/product/534023108/22497834222
23698414289,1314243679,https://shopee.com.br/product/1314243679/23698414289
22399181619,1658245933,https://shopee.com.br/product/1658245933/22399181619
18799687445,1314243679,https://shopee.com.br/product/1314243679/18799687445
20350462962,534023108,https://shopee.com.br/product/534023108/20350462962
40173275039,590473480,https://shopee.com.br/product/590473480/40173275039
20550879340,683952730,https://shopee.com.br/product/683952730/20550879340
23597759564,946161700,https://shopee.com.br/product/946161700/23597759564
21399775678,1177903362,https://shopee.com.br/product/1177903362/21399775678
2995837338,546513063,https://shopee.com.br/product/546513063/2995837338
22694685298,1658245933,https://shopee.com.br/product/1658245933/22694685298
13613839865,534023108,https://shopee.com.br/product/534023108/13613839865
41664380133,528273775,https://shopee.com.br/product/528273775/41664380133
20699865674,1177903362,https://shopee.com.br/product/1177903362/20699865674
23295882183,946161700,https://shopee.com.br/product/946161700/23295882183
22997735435,946161700,https://shopee.com.br/product/946161700/22997735435
23993112301,590473480,https://shopee.com.br/product/590473480/23993112301
22097788358,290073877,https://shopee.com.br/product/290073877/22097788358
21699838818,601021305,https://shopee.com.br/product/601021305/21699838818
23516202278,752849300,https://shopee.com.br/product/752849300/23516202278
14249452834,557242410,https://shopee.com.br/product/557242410/14249452834
21170186470,889942432,https://shopee.com.br/product/889942432/21170186470
23594409450,1177903362,https://shopee.com.br/product/1177903362/23594409450
20998700062,528273775,https://shopee.com.br/product/528273775/20998700062
23794266106,1177903362,https://shopee.com.br/product/1177903362/23794266106
21570333974,912497596,https://shopee.com.br/product/912497596/21570333974
28740275311,528273775,https://shopee.com.br/product/528273775/28740275311
58263244818,534023108,https://shopee.com.br/product/534023108/58263244818
11454952997,528273775,https://shopee.com.br/product/528273775/11454952997
12933190865,546513063,https://shopee.com.br/product/546513063/12933190865
21799581468,946161700,https://shopee.com.br/product/946161700/21799581468
23594649303,1177903362,https://shopee.com.br/product/1177903362/23594649303
20050061633,534023108,https://shopee.com.br/product/534023108/20050061633
23299139897,1658245933,https://shopee.com.br/product/1658245933/23299139897
12335613747,546513063,https://shopee.com.br/product/546513063/12335613747
22298813963,1177903362,https://shopee.com.br/product/1177903362/22298813963
22394280105,1177903362,https://shopee.com.br/product/1177903362/22394280105
19457835266,528273775,https://shopee.com.br/product/528273775/19457835266
13132836812,546513063,https://shopee.com.br/product/546513063/13132836812
53608718171,1730265575,https://shopee.com.br/product/1730265575/53608718171
23998445594,1477305422,https://shopee.com.br/product/1477305422/23998445594
23892644849,988566789,https://shopee.com.br/product/988566789/23892644849
58202052857,590473480,https://shopee.com.br/product/590473480/58202052857
58253779484,946161700,https://shopee.com.br/product/946161700/58253779484
19999842550,1177903362,https://shopee.com.br/product/1177903362/19999842550
22394860909,1177903362,https://shopee.com.br/product/1177903362/22394860909
14448585997,353664457,https://shopee.com.br/product/353664457/14448585997
10851188184,534023108,https://shopee.com.br/product/534023108/10851188184
23798474782,1177903362,https://shopee.com.br/product/1177903362/23798474782
16069511034,353664457,https://shopee.com.br/product/353664457/16069511034
22894189465,1477305422,https://shopee.com.br/product/1477305422/22894189465
21999176691,349137150,https://shopee.com.br/product/349137150/21999176691
42626137653,946161700,https://shopee.com.br/product/946161700/42626137653
22294284364,1583886098,https://shopee.com.br/product/1583886098/22294284364
16987622954,349137150,https://shopee.com.br/product/349137150/16987622954
12009029239,528273775,https://shopee.com.br/product/528273775/12009029239
13613839955,534023108,https://shopee.com.br/product/534023108/13613839955
58212154837,482939517,https://shopee.com.br/product/482939517/58212154837
58261226820,1477305422,https://shopee.com.br/product/1477305422/58261226820
22436010862,946161700,https://shopee.com.br/product/946161700/22436010862
12809651630,528273775,https://shopee.com.br/product/528273775/12809651630
22894272609,1177903362,https://shopee.com.br/product/1177903362/22894272609
22894391698,1177903362,https://shopee.com.br/product/1177903362/22894391698
58254839481,1177903362,https://shopee.com.br/product/1177903362/58254839481
22694033093,1526836548,https://shopee.com.br/product/1526836548/22694033093
23799340430,1177903362,https://shopee.com.br/product/1177903362/23799340430
15091277106,741045633,https://shopee.com.br/product/741045633/15091277106
18798284581,810071078,https://shopee.com.br/product/810071078/18798284581
21399775679,1177903362,https://shopee.com.br/product/1177903362/21399775679
23499127940,1555925174,https://shopee.com.br/product/1555925174/23499127940
22998145583,822103155,https://shopee.com.br/product/822103155/22998145583
20060807479,528273775,https://shopee.com.br/product/528273775/20060807479
11548400267,528273775,https://shopee.com.br/product/528273775/11548400267
58201077433,946161700,https://shopee.com.br/product/946161700/58201077433
47562767345,528273775,https://shopee.com.br/product/528273775/47562767345
48762534630,546513063,https://shopee.com.br/product/546513063/48762534630
22998749308,1477305422,https://shopee.com.br/product/1477305422/22998749308
40319442806,946161700,https://shopee.com.br/product/946161700/40319442806
11462223561,546513063,https://shopee.com.br/product/546513063/11462223561
54407698720,455103761,https://shopee.com.br/product/455103761/54407698720
20899071268,1050213612,https://shopee.com.br/product/1050213612/20899071268
23594409442,1177903362,https://shopee.com.br/product/1177903362/23594409442
27235643834,683952730,https://shopee.com.br/product/683952730/27235643834
11548400298,528273775,https://shopee.com.br/product/528273775/11548400298
21399775680,1177903362,https://shopee.com.br/product/1177903362/21399775680
19871963974,912497596,https://shopee.com.br/product/912497596/19871963974
23697188546,816806234,https://shopee.com.br/product/816806234/23697188546
28043439624,528273775,https://shopee.com.br/product/528273775/28043439624
22494151024,1555925174,https://shopee.com.br/product/1555925174/22494151024
20098269272,1177903362,https://shopee.com.br/product/1177903362/20098269272
22793245063,436723291,https://shopee.com.br/product/436723291/22793245063
23694639916,1583442620,https://shopee.com.br/product/1583442620/23694639916
19111725326,546513063,https://shopee.com.br/product/546513063/19111725326
11797968657,557242410,https://shopee.com.br/product/557242410/11797968657
10962053951,546513063,https://shopee.com.br/product/546513063/10962053951
18139012711,528273775,https://shopee.com.br/product/528273775/18139012711
15437029106,612143990,https://shopee.com.br/product/612143990/15437029106
20198022443,946161700,https://shopee.com.br/product/946161700/20198022443
20849747088,534023108,https://shopee.com.br/product/534023108/20849747088
26741543888,946161700,https://shopee.com.br/product/946161700/26741543888
11464478989,489001115,https://shopee.com.br/product/489001115/11464478989
53211612997,1404215442,https://shopee.com.br/product/1404215442/53211612997
16283414556,848951954,https://shopee.com.br/product/848951954/16283414556
22793805471,946161700,https://shopee.com.br/product/946161700/22793805471
58262392225,1676555102,https://shopee.com.br/product/1676555102/58262392225
23993624134,528273775,https://shopee.com.br/product/528273775/23993624134
22599244337,1660302953,https://shopee.com.br/product/1660302953/22599244337
18598352524,1477305422,https://shopee.com.br/product/1477305422/18598352524
57107586539,946161700,https://shopee.com.br/product/946161700/57107586539
42129195928,528273775,https://shopee.com.br/product/528273775/42129195928
23329417048,408653169,https://shopee.com.br/product/408653169/23329417048
22194252182,1583886098,https://shopee.com.br/product/1583886098/22194252182
42154169756,528273775,https://shopee.com.br/product/528273775/42154169756
23399188103,1609741857,https://shopee.com.br/product/1609741857/23399188103
58255453009,1050213612,https://shopee.com.br/product/1050213612/58255453009
22398647840,1555925174,https://shopee.com.br/product/1555925174/22398647840
58201074824,946161700,https://shopee.com.br/product/946161700/58201074824
19898187088,648928964,https://shopee.com.br/product/648928964/19898187088
10448399577,528273775,https://shopee.com.br/product/528273775/10448399577
23994612844,534023108,https://shopee.com.br/product/534023108/23994612844
22596315890,939334135,https://shopee.com.br/product/939334135/22596315890
58150826937,946161700,https://shopee.com.br/product/946161700/58150826937
12309091448,528273775,https://shopee.com.br/product/528273775/12309091448
2994033219,528273775,https://shopee.com.br/product/528273775/2994033219
23793609333,822103155,https://shopee.com.br/product/822103155/23793609333
23397894419,946161700,https://shopee.com.br/product/946161700/23397894419
22736353061,946161700,https://shopee.com.br/product/946161700/22736353061
22898988521,1583886098,https://shopee.com.br/product/1583886098/22898988521
18498818924,528273775,https://shopee.com.br/product/528273775/18498818924
22294027755,272868574,https://shopee.com.br/product/272868574/22294027755
58250969955,1314243679,https://shopee.com.br/product/1314243679/58250969955
52958137803,528273775,https://shopee.com.br/product/528273775/52958137803
22294511616,1583442620,https://shopee.com.br/product/1583442620/22294511616
11748362144,528273775,https://shopee.com.br/product/528273775/11748362144
50005426031,442506479,https://shopee.com.br/product/442506479/50005426031
22194001236,272868574,https://shopee.com.br/product/272868574/22194001236
22998553345,648928964,https://shopee.com.br/product/648928964/22998553345
43776916472,862830026,https://shopee.com.br/product/862830026/43776916472
19297686383,1050213612,https://shopee.com.br/product/1050213612/19297686383
11548362012,528273775,https://shopee.com.br/product/528273775/11548362012
22893877276,1506316714,https://shopee.com.br/product/1506316714/22893877276
58263911503,1583442620,https://shopee.com.br/product/1583442620/58263911503
22799018834,1583886098,https://shopee.com.br/product/1583886098/22799018834
22998952256,1583442620,https://shopee.com.br/product/1583442620/22998952256
53517229030,1537166216,https://shopee.com.br/product/1537166216/53517229030
28579353154,946161700,https://shopee.com.br/product/946161700/28579353154
22794664991,1583442620,https://shopee.com.br/product/1583442620/22794664991
58251688842,822103155,https://shopee.com.br/product/822103155/58251688842
23198948258,1583442620,https://shopee.com.br/product/1583442620/23198948258
23593789118,946161700,https://shopee.com.br/product/946161700/23593789118
22193493330,805449066,https://shopee.com.br/product/805449066/22193493330
52157158693,402450553,https://shopee.com.br/product/402450553/52157158693
23394652658,1583442620,https://shopee.com.br/product/1583442620/23394652658
23093659109,822103155,https://shopee.com.br/product/822103155/23093659109
23793110521,412527932,https://shopee.com.br/product/412527932/23793110521
58266519779,312703265,https://shopee.com.br/product/312703265/58266519779
58209455796,1676555072,https://shopee.com.br/product/1676555072/58209455796
58210267744,1676555102,https://shopee.com.br/product/1676555102/58210267744
58259707106,1676555128,https://shopee.com.br/product/1676555128/58259707106
22699244725,648928964,https://shopee.com.br/product/648928964/22699244725
58266215760,822103155,https://shopee.com.br/product/822103155/58266215760
18598347461,1583442620,https://shopee.com.br/product/1583442620/18598347461
23294446524,1583442620,https://shopee.com.br/product/1583442620/23294446524
9716096790,384950713,https://shopee.com.br/product/384950713/9716096790
22599454544,1676554829,https://shopee.com.br/product/1676554829/22599454544
17480765729,368913908,https://shopee.com.br/product/368913908/17480765729
58209471012,1676554958,https://shopee.com.br/product/1676554958/58209471012
23693718002,590473480,https://shopee.com.br/product/590473480/23693718002
58259453497,1676555057,https://shopee.com.br/product/1676555057/58259453497
22299486380,1583442620,https://shopee.com.br/product/1583442620/22299486380
23094455738,1583442620,https://shopee.com.br/product/1583442620/23094455738
23094455748,1583442620,https://shopee.com.br/product/1583442620/23094455748
22393733108,805449066,https://shopee.com.br/product/805449066/22393733108
58259436902,1676554829,https://shopee.com.br/product/1676554829/58259436902
58209664498,1676554850,https://shopee.com.br/product/1676554850/58209664498
23299438333,1676554850,https://shopee.com.br/product/1676554850/23299438333
22894951129,1676555128,https://shopee.com.br/product/1676555128/22894951129
20222875004,368913908,https://shopee.com.br/product/368913908/20222875004
58209470488,1676554958,https://shopee.com.br/product/1676554958/58209470488
22998553346,648928964,https://shopee.com.br/product/648928964/22998553346
20998266421,1506316714,https://shopee.com.br/product/1506316714/20998266421
58259451078,1660302938,https://shopee.com.br/product/1660302938/58259451078
58259702365,1676555087,https://shopee.com.br/product/1676555087/58259702365
53263511049,357239640,https://shopee.com.br/product/357239640/53263511049
58259457567,1676554909,https://shopee.com.br/product/1676554909/58259457567
58259039909,1676555155,https://shopee.com.br/product/1676555155/58259039909
22794664995,1583442620,https://shopee.com.br/product/1583442620/22794664995
58209670907,1676554945,https://shopee.com.br/product/1676554945/58209670907
22598722132,1555925174,https://shopee.com.br/product/1555925174/22598722132
22594017532,272868574,https://shopee.com.br/product/272868574/22594017532
23993657470,979730489,https://shopee.com.br/product/979730489/23993657470
23797838450,979730489,https://shopee.com.br/product/979730489/23797838450
22997134773,979730489,https://shopee.com.br/product/979730489/22997134773
19297459307,979730489,https://shopee.com.br/product/979730489/19297459307
18397504830,1137412789,https://shopee.com.br/product/1137412789/18397504830
22094002370,1137412789,https://shopee.com.br/product/1137412789/22094002370
22598822821,979730489,https://shopee.com.br/product/979730489/22598822821
49455517568,869809385,https://shopee.com.br/product/869809385/49455517568
23398240777,979730489,https://shopee.com.br/product/979730489/23398240777
22893479715,1137412789,https://shopee.com.br/product/1137412789/22893479715
19499029649,979730489,https://shopee.com.br/product/979730489/19499029649
17464240220,373745451,https://shopee.com.br/product/373745451/17464240220
23493285757,979730489,https://shopee.com.br/product/979730489/23493285757
23197284227,1137412789,https://shopee.com.br/product/1137412789/23197284227
20097430113,718558431,https://shopee.com.br/product/718558431/20097430113
19377584211,902298974,https://shopee.com.br/product/902298974/19377584211
23197165886,1029852536,https://shopee.com.br/product/1029852536/23197165886
25988928050,373745451,https://shopee.com.br/product/373745451/25988928050
22493228492,1137412789,https://shopee.com.br/product/1137412789/22493228492
23897501068,1137412789,https://shopee.com.br/product/1137412789/23897501068
23692817190,1137412789,https://shopee.com.br/product/1137412789/23692817190
22893067006,979730489,https://shopee.com.br/product/979730489/22893067006
23297165879,1029852536,https://shopee.com.br/product/1029852536/23297165879
58210604476,1137412789,https://shopee.com.br/product/1137412789/58210604476
22797545730,718558431,https://shopee.com.br/product/718558431/22797545730
58207684298,1137412789,https://shopee.com.br/product/1137412789/58207684298
19399305737,718558431,https://shopee.com.br/product/718558431/19399305737
58257687739,979730489,https://shopee.com.br/product/979730489/58257687739
22994324935,979730489,https://shopee.com.br/product/979730489/22994324935
22792916858,1137412789,https://shopee.com.br/product/1137412789/22792916858
27293519493,1297519240,https://shopee.com.br/product/1297519240/27293519493
18899263112,1257849357,https://shopee.com.br/product/1257849357/18899263112
17559729589,313968882,https://shopee.com.br/product/313968882/17559729589
21897634076,902298974,https://shopee.com.br/product/902298974/21897634076
22696486927,334741920,https://shopee.com.br/product/334741920/22696486927
22292178438,902298974,https://shopee.com.br/product/902298974/22292178438
23497279067,1137412789,https://shopee.com.br/product/1137412789/23497279067
22992641019,979730489,https://shopee.com.br/product/979730489/22992641019
21897147581,902298974,https://shopee.com.br/product/902298974/21897147581
23793618514,1275385296,https://shopee.com.br/product/1275385296/23793618514
23415218600,902298974,https://shopee.com.br/product/902298974/23415218600
46060616125,1672861664,https://shopee.com.br/product/1672861664/46060616125
21199664209,1137412789,https://shopee.com.br/product/1137412789/21199664209
22792641426,979730489,https://shopee.com.br/product/979730489/22792641426
22697285812,1137412789,https://shopee.com.br/product/1137412789/22697285812
22398463728,718558431,https://shopee.com.br/product/718558431/22398463728
22192600674,718558431,https://shopee.com.br/product/718558431/22192600674
23094845011,1137412789,https://shopee.com.br/product/1137412789/23094845011
20998266387,979730489,https://shopee.com.br/product/979730489/20998266387
21469786792,902298974,https://shopee.com.br/product/902298974/21469786792
4584885100,313968882,https://shopee.com.br/product/313968882/4584885100
23793885026,1275385296,https://shopee.com.br/product/1275385296/23793885026
23198300251,1257849357,https://shopee.com.br/product/1257849357/23198300251
26230335254,869809385,https://shopee.com.br/product/869809385/26230335254
23792934294,1137412789,https://shopee.com.br/product/1137412789/23792934294
20798289844,1137412789,https://shopee.com.br/product/1137412789/20798289844
22293355726,687950391,https://shopee.com.br/product/687950391/22293355726
22893088310,718558431,https://shopee.com.br/product/718558431/22893088310
23598830578,979730489,https://shopee.com.br/product/979730489/23598830578
23893477580,979730489,https://shopee.com.br/product/979730489/23893477580
22597445572,718558431,https://shopee.com.br/product/718558431/22597445572
23697168907,718558431,https://shopee.com.br/product/718558431/23697168907
16804723732,429425876,https://shopee.com.br/product/429425876/16804723732
22997078948,902298974,https://shopee.com.br/product/902298974/22997078948
23797296852,718558431,https://shopee.com.br/product/718558431/23797296852
19499321181,1137412789,https://shopee.com.br/product/1137412789/19499321181
22894845241,1137412789,https://shopee.com.br/product/1137412789/22894845241
23198871020,1137412789,https://shopee.com.br/product/1137412789/23198871020
21897747135,442506479,https://shopee.com.br/product/442506479/21897747135
17725640634,719930213,https://shopee.com.br/product/719930213/17725640634
20197734534,718558431,https://shopee.com.br/product/718558431/20197734534
19599177525,718558431,https://shopee.com.br/product/718558431/19599177525
19797748932,1257849357,https://shopee.com.br/product/1257849357/19797748932
18899263128,1257849357,https://shopee.com.br/product/1257849357/18899263128
21699380604,1275385296,https://shopee.com.br/product/1275385296/21699380604
21399548836,1137412789,https://shopee.com.br/product/1137412789/21399548836
20999866517,718558431,https://shopee.com.br/product/718558431/20999866517
19999550870,601021305,https://shopee.com.br/product/601021305/19999550870
23292669204,1029852536,https://shopee.com.br/product/1029852536/23292669204
23422462371,408128510,https://shopee.com.br/product/408128510/23422462371
23197334401,1137412789,https://shopee.com.br/product/1137412789/23197334401
19799357458,1275385296,https://shopee.com.br/product/1275385296/19799357458
22492948759,718558431,https://shopee.com.br/product/718558431/22492948759
19597786125,718558431,https://shopee.com.br/product/718558431/19597786125
58200013401,979730489,https://shopee.com.br/product/979730489/58200013401
21097794923,1275385296,https://shopee.com.br/product/1275385296/21097794923
20799369261,576160832,https://shopee.com.br/product/576160832/20799369261
22693740457,718558431,https://shopee.com.br/product/718558431/22693740457
23699170406,979730489,https://shopee.com.br/product/979730489/23699170406
22293003141,1137412789,https://shopee.com.br/product/1137412789/22293003141
58204758232,1453271956,https://shopee.com.br/product/1453271956/58204758232
23492209763,718558431,https://shopee.com.br/product/718558431/23492209763
22192874803,979730489,https://shopee.com.br/product/979730489/22192874803
22592918613,1137412789,https://shopee.com.br/product/1137412789/22592918613
23397544651,1257849357,https://shopee.com.br/product/1257849357/23397544651
42675187443,373745451,https://shopee.com.br/product/373745451/42675187443
22093171817,718558431,https://shopee.com.br/product/718558431/22093171817
58206682765,1275385296,https://shopee.com.br/product/1275385296/58206682765
23092679048,902298974,https://shopee.com.br/product/902298974/23092679048
22198826182,979730489,https://shopee.com.br/product/979730489/22198826182
23693332135,939334135,https://shopee.com.br/product/939334135/23693332135
21670138660,902298974,https://shopee.com.br/product/902298974/21670138660
10239020524,360012700,https://shopee.com.br/product/360012700/10239020524
20497613311,687950391,https://shopee.com.br/product/687950391/20497613311
58256855245,1721810104,https://shopee.com.br/product/1721810104/58256855245
22792808457,1137412789,https://shopee.com.br/product/1137412789/22792808457
21526643123,805449066,https://shopee.com.br/product/805449066/21526643123
22294478333,376716003,https://shopee.com.br/product/376716003/22294478333
46256884533,951290141,https://shopee.com.br/product/951290141/46256884533
22593876910,1496667000,https://shopee.com.br/product/1496667000/22593876910
21498987848,718558431,https://shopee.com.br/product/718558431/21498987848
20872227079,408128510,https://shopee.com.br/product/408128510/20872227079
23397115106,979730489,https://shopee.com.br/product/979730489/23397115106
20399758024,859766415,https://shopee.com.br/product/859766415/20399758024
20399095041,979730489,https://shopee.com.br/product/979730489/20399095041
23397989086,939446263,https://shopee.com.br/product/939446263/23397989086
45513681863,464586953,https://shopee.com.br/product/464586953/45513681863
23091600690,902298974,https://shopee.com.br/product/902298974/23091600690
22692923511,1137412789,https://shopee.com.br/product/1137412789/22692923511
19348255097,719930213,https://shopee.com.br/product/719930213/19348255097
22497543364,1257849357,https://shopee.com.br/product/1257849357/22497543364
23692784380,1137412789,https://shopee.com.br/product/1137412789/23692784380
23396092406,902298974,https://shopee.com.br/product/902298974/23396092406
50509383939,1297519240,https://shopee.com.br/product/1297519240/50509383939
23694028718,1137412789,https://shopee.com.br/product/1137412789/23694028718
23998311835,979730489,https://shopee.com.br/product/979730489/23998311835
22592515940,939334135,https://shopee.com.br/product/939334135/22592515940
19799560942,1343318906,https://shopee.com.br/product/1343318906/19799560942
23198685846,1297519240,https://shopee.com.br/product/1297519240/23198685846
23697173782,1137412789,https://shopee.com.br/product/1137412789/23697173782
22294416923,718558431,https://shopee.com.br/product/718558431/22294416923
22798817215,979730489,https://shopee.com.br/product/979730489/22798817215
23497733295,1275385296,https://shopee.com.br/product/1275385296/23497733295
22097993770,979730489,https://shopee.com.br/product/979730489/22097993770
54801673485,1384728500,https://shopee.com.br/product/1384728500/54801673485
21697317202,805449066,https://shopee.com.br/product/805449066/21697317202
40720774923,400124163,https://shopee.com.br/product/400124163/40720774923
23493539425,951290141,https://shopee.com.br/product/951290141/23493539425
58253672172,374148566,https://shopee.com.br/product/374148566/58253672172
22999415864,374148566,https://shopee.com.br/product/374148566/22999415864
23197245164,718558431,https://shopee.com.br/product/718558431/23197245164
48401683575,341754426,https://shopee.com.br/product/341754426/48401683575
21654183756,705932885,https://shopee.com.br/product/705932885/21654183756
21697869352,1029852536,https://shopee.com.br/product/1029852536/21697869352
21997407756,951290141,https://shopee.com.br/product/951290141/21997407756
23797717001,1275385296,https://shopee.com.br/product/1275385296/23797717001
23493011644,1257849357,https://shopee.com.br/product/1257849357/23493011644
22092594338,718558431,https://shopee.com.br/product/718558431/22092594338
22193016592,1257849357,https://shopee.com.br/product/1257849357/22193016592
23197137296,979730489,https://shopee.com.br/product/979730489/23197137296
22697294212,979730489,https://shopee.com.br/product/979730489/22697294212
23597469990,335160199,https://shopee.com.br/product/335160199/23597469990
22097697603,1275385296,https://shopee.com.br/product/1275385296/22097697603
22692807888,1137412789,https://shopee.com.br/product/1137412789/22692807888
58202092469,1655406395,https://shopee.com.br/product/1655406395/58202092469
23397094846,902298974,https://shopee.com.br/product/902298974/23397094846
23998230990,1137412789,https://shopee.com.br/product/1137412789/23998230990
22594036316,1275385296,https://shopee.com.br/product/1275385296/22594036316
44428481931,435277938,https://shopee.com.br/product/435277938/44428481931
23397581131,627750190,https://shopee.com.br/product/627750190/23397581131
23793011156,1257849357,https://shopee.com.br/product/1257849357/23793011156
23298642528,902298974,https://shopee.com.br/product/902298974/23298642528
20897689351,1257849357,https://shopee.com.br/product/1257849357/20897689351
58209423704,902298974,https://shopee.com.br/product/902298974/58209423704
23397563958,822103155,https://shopee.com.br/product/822103155/23397563958
22593876945,1496667000,https://shopee.com.br/product/1496667000/22593876945
23493657156,902298974,https://shopee.com.br/product/902298974/23493657156
15590754156,805449066,https://shopee.com.br/product/805449066/15590754156
22997083684,979730489,https://shopee.com.br/product/979730489/22997083684
22398539158,859766415,https://shopee.com.br/product/859766415/22398539158
23993108218,1257849357,https://shopee.com.br/product/1257849357/23993108218
22194281322,1137412789,https://shopee.com.br/product/1137412789/22194281322
18430879835,805449066,https://shopee.com.br/product/805449066/18430879835
23393011370,1257849357,https://shopee.com.br/product/1257849357/23393011370
43752553823,604489889,https://shopee.com.br/product/604489889/43752553823
50859694005,718558431,https://shopee.com.br/product/718558431/50859694005
18199353390,1137412789,https://shopee.com.br/product/1137412789/18199353390
23593743894,979730489,https://shopee.com.br/product/979730489/23593743894
18497993371,1275385296,https://shopee.com.br/product/1275385296/18497993371
22794068158,1496667000,https://shopee.com.br/product/1496667000/22794068158
22293278616,1275385296,https://shopee.com.br/product/1275385296/22293278616
20697687392,1257849357,https://shopee.com.br/product/1257849357/20697687392
18497671768,718558431,https://shopee.com.br/product/718558431/18497671768
23994055701,1496667000,https://shopee.com.br/product/1496667000/23994055701
23594333876,979730489,https://shopee.com.br/product/979730489/23594333876
22093638975,1275385296,https://shopee.com.br/product/1275385296/22093638975
23398369052,1496667000,https://shopee.com.br/product/1496667000/23398369052
22593076727,1257849357,https://shopee.com.br/product/1257849357/22593076727
19899597284,1137412789,https://shopee.com.br/product/1137412789/19899597284
23293153600,979730489,https://shopee.com.br/product/979730489/23293153600
23798738015,1137412789,https://shopee.com.br/product/1137412789/23798738015
44327424436,735707447,https://shopee.com.br/product/735707447/44327424436
23893136363,1275385296,https://shopee.com.br/product/1275385296/23893136363
21197971415,1275385296,https://shopee.com.br/product/1275385296/21197971415
48210085517,735707447,https://shopee.com.br/product/735707447/48210085517
22797722300,604489889,https://shopee.com.br/product/604489889/22797722300
52101409999,373745451,https://shopee.com.br/product/373745451/52101409999
58251675669,979730489,https://shopee.com.br/product/979730489/58251675669
42675342092,1297519240,https://shopee.com.br/product/1297519240/42675342092
58201648008,719930213,https://shopee.com.br/product/719930213/58201648008
5186079042,408128510,https://shopee.com.br/product/408128510/5186079042
52108898398,1297519240,https://shopee.com.br/product/1297519240/52108898398
47210455128,1297519240,https://shopee.com.br/product/1297519240/47210455128
23997430899,1137412789,https://shopee.com.br/product/1137412789/23997430899
21497605055,979730489,https://shopee.com.br/product/979730489/21497605055
22593211781,1275385296,https://shopee.com.br/product/1275385296/22593211781
23998311843,979730489,https://shopee.com.br/product/979730489/23998311843
42622883542,281898655,https://shopee.com.br/product/281898655/42622883542
21797725815,1257849357,https://shopee.com.br/product/1257849357/21797725815
22792914205,1137412789,https://shopee.com.br/product/1137412789/22792914205
22199368009,406280808,https://shopee.com.br/product/406280808/22199368009
58251818788,1618012096,https://shopee.com.br/product/1618012096/58251818788
19399608667,718558431,https://shopee.com.br/product/718558431/19399608667
22297500703,1137412789,https://shopee.com.br/product/1137412789/22297500703
23992967440,979730489,https://shopee.com.br/product/979730489/23992967440
26030393841,869809385,https://shopee.com.br/product/869809385/26030393841
23393063690,1257849357,https://shopee.com.br/product/1257849357/23393063690
57912520200,1672861664,https://shopee.com.br/product/1672861664/57912520200
22797970310,1275385296,https://shopee.com.br/product/1275385296/22797970310
23798102438,1275385296,https://shopee.com.br/product/1275385296/23798102438
19771171772,408128510,https://shopee.com.br/product/408128510/19771171772
58207176999,1275385296,https://shopee.com.br/product/1275385296/58207176999
20899550474,979730489,https://shopee.com.br/product/979730489/20899550474
22297507043,939334135,https://shopee.com.br/product/939334135/22297507043
44073431581,1297519240,https://shopee.com.br/product/1297519240/44073431581
23498165847,1137412789,https://shopee.com.br/product/1137412789/23498165847
58251821456,1618012096,https://shopee.com.br/product/1618012096/58251821456
40061204763,951290141,https://shopee.com.br/product/951290141/40061204763
21397810812,1275385296,https://shopee.com.br/product/1275385296/21397810812
23894178606,1618012096,https://shopee.com.br/product/1618012096/23894178606
44208488916,1257849357,https://shopee.com.br/product/1257849357/44208488916
22097437642,1137412789,https://shopee.com.br/product/1137412789/22097437642
22291117728,951290141,https://shopee.com.br/product/951290141/22291117728
20497875170,1275385296,https://shopee.com.br/product/1275385296/20497875170
23893062607,1275385296,https://shopee.com.br/product/1275385296/23893062607
52455492029,869809385,https://shopee.com.br/product/869809385/52455492029
23798453875,718558431,https://shopee.com.br/product/718558431/23798453875
54766346600,1297519240,https://shopee.com.br/product/1297519240/54766346600
21197001349,376716003,https://shopee.com.br/product/376716003/21197001349
43025920744,1297519240,https://shopee.com.br/product/1297519240/43025920744
23993941906,1275385296,https://shopee.com.br/product/1275385296/23993941906
19397660449,979730489,https://shopee.com.br/product/979730489/19397660449
21999499297,1275385296,https://shopee.com.br/product/1275385296/21999499297
19897797618,979730489,https://shopee.com.br/product/979730489/19897797618
20698289837,1137412789,https://shopee.com.br/product/1137412789/20698289837
58251821440,1618012096,https://shopee.com.br/product/1618012096/58251821440
22793071555,1257849357,https://shopee.com.br/product/1257849357/22793071555
8545397868,408128510,https://shopee.com.br/product/408128510/8545397868
22797294596,1137412789,https://shopee.com.br/product/1137412789/22797294596
58200950477,1333507062,https://shopee.com.br/product/1333507062/58200950477
23998289387,1257849357,https://shopee.com.br/product/1257849357/23998289387
18099880769,1496667000,https://shopee.com.br/product/1496667000/18099880769
20999606339,1137412789,https://shopee.com.br/product/1137412789/20999606339
23493420075,805449066,https://shopee.com.br/product/805449066/23493420075
11233103934,313968882,https://shopee.com.br/product/313968882/11233103934
22093065917,1257849357,https://shopee.com.br/product/1257849357/22093065917
22591531374,902298974,https://shopee.com.br/product/902298974/22591531374
22497513041,1257849357,https://shopee.com.br/product/1257849357/22497513041
19237353642,408128510,https://shopee.com.br/product/408128510/19237353642
19598185490,374241455,https://shopee.com.br/product/374241455/19598185490
18499405523,1275385296,https://shopee.com.br/product/1275385296/18499405523
17433506864,408128510,https://shopee.com.br/product/408128510/17433506864
23397560032,1257849357,https://shopee.com.br/product/1257849357/23397560032
22293491949,979730489,https://shopee.com.br/product/979730489/22293491949
23998731953,719930213,https://shopee.com.br/product/719930213/23998731953
23796869188,360012700,https://shopee.com.br/product/360012700/23796869188
58210273068,902298974,https://shopee.com.br/product/902298974/58210273068
52614475657,988566789,https://shopee.com.br/product/988566789/52614475657
40963309387,373745451,https://shopee.com.br/product/373745451/40963309387
23497507955,1257849357,https://shopee.com.br/product/1257849357/23497507955
23393011409,1257849357,https://shopee.com.br/product/1257849357/23393011409
19999203784,1137412789,https://shopee.com.br/product/1137412789/19999203784
22797732513,1275385296,https://shopee.com.br/product/1275385296/22797732513
21397166394,902298974,https://shopee.com.br/product/902298974/21397166394
18299470102,1275385296,https://shopee.com.br/product/1275385296/18299470102
21772217238,408128510,https://shopee.com.br/product/408128510/21772217238
58257324077,1275385296,https://shopee.com.br/product/1275385296/58257324077
23097070076,979730489,https://shopee.com.br/product/979730489/23097070076
58213040178,627750190,https://shopee.com.br/product/627750190/58213040178
23993467263,1275385296,https://shopee.com.br/product/1275385296/23993467263
23197834059,939334135,https://shopee.com.br/product/939334135/23197834059
23192567753,951290141,https://shopee.com.br/product/951290141/23192567753
22198415080,1297519240,https://shopee.com.br/product/1297519240/22198415080
23097286124,1137412789,https://shopee.com.br/product/1137412789/23097286124
21797926007,1275385296,https://shopee.com.br/product/1275385296/21797926007
53051677740,341754426,https://shopee.com.br/product/341754426/53051677740
19899248404,822103155,https://shopee.com.br/product/822103155/19899248404
55360054300,735707447,https://shopee.com.br/product/735707447/55360054300
23998190292,979730489,https://shopee.com.br/product/979730489/23998190292
46708616218,442506479,https://shopee.com.br/product/442506479/46708616218
23097890295,1275385296,https://shopee.com.br/product/1275385296/23097890295
53353471739,735707447,https://shopee.com.br/product/735707447/53353471739
22696855143,979730489,https://shopee.com.br/product/979730489/22696855143
23493580212,1275385296,https://shopee.com.br/product/1275385296/23493580212
21899368829,902298974,https://shopee.com.br/product/902298974/21899368829
22692789108,1137412789,https://shopee.com.br/product/1137412789/22692789108
20277096085,664195321,https://shopee.com.br/product/664195321/20277096085
18597632234,979730489,https://shopee.com.br/product/979730489/18597632234
18599198962,979730489,https://shopee.com.br/product/979730489/18599198962
50110019714,735707447,https://shopee.com.br/product/735707447/50110019714
23194374563,1137412789,https://shopee.com.br/product/1137412789/23194374563
14682738590,406223656,https://shopee.com.br/product/406223656/14682738590
14137910598,625420381,https://shopee.com.br/product/625420381/14137910598
23097889994,1275385296,https://shopee.com.br/product/1275385296/23097889994
18299645144,805449066,https://shopee.com.br/product/805449066/18299645144
22393011473,1257849357,https://shopee.com.br/product/1257849357/22393011473
18799184143,979730489,https://shopee.com.br/product/979730489/18799184143
19198106069,1496667000,https://shopee.com.br/product/1496667000/19198106069
18999184344,979730489,https://shopee.com.br/product/979730489/18999184344
42227435367,735707447,https://shopee.com.br/product/735707447/42227435367
18699772289,1496667000,https://shopee.com.br/product/1496667000/18699772289
20697460598,979730489,https://shopee.com.br/product/979730489/20697460598
23993596077,1275385296,https://shopee.com.br/product/1275385296/23993596077
21599259590,1257849357,https://shopee.com.br/product/1257849357/21599259590
22392794232,1137412789,https://shopee.com.br/product/1137412789/22392794232
22294407696,822103155,https://shopee.com.br/product/822103155/22294407696
8916055808,386114683,https://shopee.com.br/product/386114683/8916055808
20098482718,805449066,https://shopee.com.br/product/805449066/20098482718
58200992508,1137412789,https://shopee.com.br/product/1137412789/58200992508
14673091504,316877265,https://shopee.com.br/product/316877265/14673091504
22597290825,1137412789,https://shopee.com.br/product/1137412789/22597290825
22492789133,1137412789,https://shopee.com.br/product/1137412789/22492789133
22192794345,1137412789,https://shopee.com.br/product/1137412789/22192794345
20673298894,902298974,https://shopee.com.br/product/902298974/20673298894
23193336466,1275385296,https://shopee.com.br/product/1275385296/23193336466
44323252011,373745451,https://shopee.com.br/product/373745451/44323252011
23292503007,334741920,https://shopee.com.br/product/334741920/23292503007
19299184330,979730489,https://shopee.com.br/product/979730489/19299184330
18096858501,988566789,https://shopee.com.br/product/988566789/18096858501
23794236513,1137412789,https://shopee.com.br/product/1137412789/23794236513
48062036411,800925303,https://shopee.com.br/product/800925303/48062036411
23592847300,979730489,https://shopee.com.br/product/979730489/23592847300
19397455348,979730489,https://shopee.com.br/product/979730489/19397455348
22597570437,902298974,https://shopee.com.br/product/902298974/22597570437
22093497079,979730489,https://shopee.com.br/product/979730489/22093497079
7779548727,386114683,https://shopee.com.br/product/386114683/7779548727
53757175556,1051446617,https://shopee.com.br/product/1051446617/53757175556
23997644191,988566789,https://shopee.com.br/product/988566789/23997644191
22993274775,822103155,https://shopee.com.br/product/822103155/22993274775
22597564879,1257849357,https://shopee.com.br/product/1257849357/22597564879
23397351242,1190424233,https://shopee.com.br/product/1190424233/23397351242
22597564884,1257849357,https://shopee.com.br/product/1257849357/22597564884
21599844302,979730489,https://shopee.com.br/product/979730489/21599844302
22593092676,1257849357,https://shopee.com.br/product/1257849357/22593092676
23493148496,1137412789,https://shopee.com.br/product/1137412789/23493148496
41668714528,1033915446,https://shopee.com.br/product/1033915446/41668714528
22497601228,988566789,https://shopee.com.br/product/988566789/22497601228
18731223254,805449066,https://shopee.com.br/product/805449066/18731223254
23498202356,1275385296,https://shopee.com.br/product/1275385296/23498202356
23798778784,1297519240,https://shopee.com.br/product/1297519240/23798778784
23491123395,805449066,https://shopee.com.br/product/805449066/23491123395
17487296005,278256920,https://shopee.com.br/product/278256920/17487296005
23293728373,988566789,https://shopee.com.br/product/988566789/23293728373
58256604184,1275385296,https://shopee.com.br/product/1275385296/58256604184
12795982277,328179142,https://shopee.com.br/product/328179142/12795982277
22493659979,902298974,https://shopee.com.br/product/902298974/22493659979
19499321174,1137412789,https://shopee.com.br/product/1137412789/19499321174
23794514844,705932885,https://shopee.com.br/product/705932885/23794514844
19999239436,1137412789,https://shopee.com.br/product/1137412789/19999239436
25896279068,951290141,https://shopee.com.br/product/951290141/25896279068
21299555959,979730489,https://shopee.com.br/product/979730489/21299555959
18041131951,576160832,https://shopee.com.br/product/576160832/18041131951
22497355740,1137412789,https://shopee.com.br/product/1137412789/22497355740
21599178405,1137412789,https://shopee.com.br/product/1137412789/21599178405
54651140175,334741920,https://shopee.com.br/product/334741920/54651140175
23297845339,1275385296,https://shopee.com.br/product/1275385296/23297845339
19674433338,408128510,https://shopee.com.br/product/408128510/19674433338
22497285837,1137412789,https://shopee.com.br/product/1137412789/22497285837
23994907391,979730489,https://shopee.com.br/product/979730489/23994907391
21996910291,805449066,https://shopee.com.br/product/805449066/21996910291
23797175325,902298974,https://shopee.com.br/product/902298974/23797175325
23594150270,902298974,https://shopee.com.br/product/902298974/23594150270
18998479619,805449066,https://shopee.com.br/product/805449066/18998479619
18599334676,313666536,https://shopee.com.br/product/313666536/18599334676
23892678059,1257849357,https://shopee.com.br/product/1257849357/23892678059
23393216014,1275385296,https://shopee.com.br/product/1275385296/23393216014
23297989295,988566789,https://shopee.com.br/product/988566789/23297989295
21197982625,979730489,https://shopee.com.br/product/979730489/21197982625
22096297241,902298974,https://shopee.com.br/product/902298974/22096297241
23797983072,1137412789,https://shopee.com.br/product/1137412789/23797983072
22597723224,1275385296,https://shopee.com.br/product/1275385296/22597723224
43721441867,386114683,https://shopee.com.br/product/386114683/43721441867
40622318375,334741920,https://shopee.com.br/product/334741920/40622318375
20297458825,979730489,https://shopee.com.br/product/979730489/20297458825
23198071850,1275385296,https://shopee.com.br/product/1275385296/23198071850
22499211656,979730489,https://shopee.com.br/product/979730489/22499211656
18897201196,988566789,https://shopee.com.br/product/988566789/18897201196
23191903292,988566789,https://shopee.com.br/product/988566789/23191903292
18697827419,988566789,https://shopee.com.br/product/988566789/18697827419
22898459736,951290141,https://shopee.com.br/product/951290141/22898459736
23795049915,376716003,https://shopee.com.br/product/376716003/23795049915
16092068125,576160832,https://shopee.com.br/product/576160832/16092068125
22993116315,800925303,https://shopee.com.br/product/800925303/22993116315
22498000795,1275385296,https://shopee.com.br/product/1275385296/22498000795
22393559695,1326396820,https://shopee.com.br/product/1326396820/22393559695
23293886142,412527932,https://shopee.com.br/product/412527932/23293886142
23993893653,988566789,https://shopee.com.br/product/988566789/23993893653
18299305863,1257849357,https://shopee.com.br/product/1257849357/18299305863
19099716185,951290141,https://shopee.com.br/product/951290141/19099716185
23793083683,822103155,https://shopee.com.br/product/822103155/23793083683
23299388610,1386771889,https://shopee.com.br/product/1386771889/23299388610
29228136580,464586953,https://shopee.com.br/product/464586953/29228136580
22692889454,408653169,https://shopee.com.br/product/408653169/22692889454
28632578855,402598512,https://shopee.com.br/product/402598512/28632578855
21603349325,752849300,https://shopee.com.br/product/752849300/21603349325
22998284906,402598512,https://shopee.com.br/product/402598512/22998284906
20797674239,855489892,https://shopee.com.br/product/855489892/20797674239
23192627596,752849300,https://shopee.com.br/product/752849300/23192627596
12291168105,752849300,https://shopee.com.br/product/752849300/12291168105
23598776271,1081505086,https://shopee.com.br/product/1081505086/23598776271
13339224777,489001115,https://shopee.com.br/product/489001115/13339224777
58206415329,1083800536,https://shopee.com.br/product/1083800536/58206415329
21699088278,752849300,https://shopee.com.br/product/752849300/21699088278
23397760056,601021305,https://shopee.com.br/product/601021305/23397760056
55905470794,1242718651,https://shopee.com.br/product/1242718651/55905470794
20014377174,365257077,https://shopee.com.br/product/365257077/20014377174
23197993287,316557325,https://shopee.com.br/product/316557325/23197993287
22797584202,1242718651,https://shopee.com.br/product/1242718651/22797584202
11573981181,489001115,https://shopee.com.br/product/489001115/11573981181
21399714698,1372644554,https://shopee.com.br/product/1372644554/21399714698
22499032437,855489892,https://shopee.com.br/product/855489892/22499032437
23537888337,752849300,https://shopee.com.br/product/752849300/23537888337
58209375520,1477305422,https://shopee.com.br/product/1477305422/58209375520
23293049254,1242718651,https://shopee.com.br/product/1242718651/23293049254
11998455181,400973800,https://shopee.com.br/product/400973800/11998455181
43221692133,316557325,https://shopee.com.br/product/316557325/43221692133
21497624035,869809385,https://shopee.com.br/product/869809385/21497624035
18697751394,1242718651,https://shopee.com.br/product/1242718651/18697751394
23893725681,872473112,https://shopee.com.br/product/872473112/23893725681
46360468172,408653169,https://shopee.com.br/product/408653169/46360468172
18369897745,752849300,https://shopee.com.br/product/752849300/18369897745
28189292013,325008325,https://shopee.com.br/product/325008325/28189292013
23693259994,335160199,https://shopee.com.br/product/335160199/23693259994
22998907926,1334294037,https://shopee.com.br/product/1334294037/22998907926
20699557779,1386771889,https://shopee.com.br/product/1386771889/20699557779
44156743595,1242718651,https://shopee.com.br/product/1242718651/44156743595
18797750572,1242718651,https://shopee.com.br/product/1242718651/18797750572
41317360645,359168917,https://shopee.com.br/product/359168917/41317360645
21197514945,752849300,https://shopee.com.br/product/752849300/21197514945
20198754193,842996464,https://shopee.com.br/product/842996464/20198754193
23597145051,304278646,https://shopee.com.br/product/304278646/23597145051
23397642186,816806234,https://shopee.com.br/product/816806234/23397642186
49505358497,1242718651,https://shopee.com.br/product/1242718651/49505358497
18999619599,1314243679,https://shopee.com.br/product/1314243679/18999619599
23193245379,775496126,https://shopee.com.br/product/775496126/23193245379
23197362581,1097902002,https://shopee.com.br/product/1097902002/23197362581
19697687725,1242718651,https://shopee.com.br/product/1242718651/19697687725
18246219231,752849300,https://shopee.com.br/product/752849300/18246219231
19897475932,1107280577,https://shopee.com.br/product/1107280577/19897475932
21897796827,1334294037,https://shopee.com.br/product/1334294037/21897796827
23097705911,869809385,https://shopee.com.br/product/869809385/23097705911
13391051951,762383390,https://shopee.com.br/product/762383390/13391051951
23697545410,1242718651,https://shopee.com.br/product/1242718651/23697545410
21997808234,299192732,https://shopee.com.br/product/299192732/21997808234
22293561091,1329429906,https://shopee.com.br/product/1329429906/22293561091
11165637747,489001115,https://shopee.com.br/product/489001115/11165637747
22793948010,842996464,https://shopee.com.br/product/842996464/22793948010
23997763364,1215229492,https://shopee.com.br/product/1215229492/23997763364
18199211865,762383390,https://shopee.com.br/product/762383390/18199211865
21497986052,601021305,https://shopee.com.br/product/601021305/21497986052
52255491950,869809385,https://shopee.com.br/product/869809385/52255491950
20298316618,580791382,https://shopee.com.br/product/580791382/20298316618
58253974200,648928964,https://shopee.com.br/product/648928964/58253974200
23094176866,1314243679,https://shopee.com.br/product/1314243679/23094176866
22098699161,762383390,https://shopee.com.br/product/762383390/22098699161
21199378542,601021305,https://shopee.com.br/product/601021305/21199378542
52809373757,323288678,https://shopee.com.br/product/323288678/52809373757
58256821458,1477305422,https://shopee.com.br/product/1477305422/58256821458
23192621635,752849300,https://shopee.com.br/product/752849300/23192621635
21499092437,455103761,https://shopee.com.br/product/455103761/21499092437
58209649348,1363037345,https://shopee.com.br/product/1363037345/58209649348
23997761740,335160199,https://shopee.com.br/product/335160199/23997761740
20599378610,601021305,https://shopee.com.br/product/601021305/20599378610
22297096047,375188138,https://shopee.com.br/product/375188138/22297096047
23193085809,402450553,https://shopee.com.br/product/402450553/23193085809
23292812636,335160199,https://shopee.com.br/product/335160199/23292812636
21397671636,313968882,https://shopee.com.br/product/313968882/21397671636
23398660034,762383390,https://shopee.com.br/product/762383390/23398660034
18969897376,752849300,https://shopee.com.br/product/752849300/18969897376
21497689143,842996464,https://shopee.com.br/product/842996464/21497689143
58203425811,984366979,https://shopee.com.br/product/984366979/58203425811
23596869089,400124163,https://shopee.com.br/product/400124163/23596869089
58255904355,648928964,https://shopee.com.br/product/648928964/58255904355
19998291269,1081505086,https://shopee.com.br/product/1081505086/19998291269
22793280246,390327339,https://shopee.com.br/product/390327339/22793280246
58250368664,1363037345,https://shopee.com.br/product/1363037345/58250368664
23892231313,436723291,https://shopee.com.br/product/436723291/23892231313
22994391083,1467752495,https://shopee.com.br/product/1467752495/22994391083
13722928621,341754426,https://shopee.com.br/product/341754426/13722928621
21597996614,580791382,https://shopee.com.br/product/580791382/21597996614
22894278297,455103761,https://shopee.com.br/product/455103761/22894278297
40256738821,1242718651,https://shopee.com.br/product/1242718651/40256738821
42456743624,1242718651,https://shopee.com.br/product/1242718651/42456743624
19198010242,1242718651,https://shopee.com.br/product/1242718651/19198010242
22897996490,1329429906,https://shopee.com.br/product/1329429906/22897996490
49157641573,402598512,https://shopee.com.br/product/402598512/49157641573
14247822486,489001115,https://shopee.com.br/product/489001115/14247822486
12028678211,304278646,https://shopee.com.br/product/304278646/12028678211
22920911900,842996464,https://shopee.com.br/product/842996464/22920911900
43262467933,359168917,https://shopee.com.br/product/359168917/43262467933
19198269097,601021305,https://shopee.com.br/product/601021305/19198269097
22193618783,373150829,https://shopee.com.br/product/373150829/22193618783
40528049740,869809385,https://shopee.com.br/product/869809385/40528049740
17962412846,762383390,https://shopee.com.br/product/762383390/17962412846
58265402926,1822929308,https://shopee.com.br/product/1822929308/58265402926
20498927482,408653169,https://shopee.com.br/product/408653169/20498927482
19399231402,1096487236,https://shopee.com.br/product/1096487236/19399231402
12743631152,316436073,https://shopee.com.br/product/316436073/12743631152
20097691412,530578890,https://shopee.com.br/product/530578890/20097691412
22793965673,1477305422,https://shopee.com.br/product/1477305422/22793965673
22131244315,408653169,https://shopee.com.br/product/408653169/22131244315
58205486044,395742608,https://shopee.com.br/product/395742608/58205486044
14596820123,842996464,https://shopee.com.br/product/842996464/14596820123
58255659197,1372644554,https://shopee.com.br/product/1372644554/58255659197
22691455660,489001115,https://shopee.com.br/product/489001115/22691455660
22697290264,927963980,https://shopee.com.br/product/927963980/22697290264
22399149999,752849300,https://shopee.com.br/product/752849300/22399149999
20399834792,1314243679,https://shopee.com.br/product/1314243679/20399834792
22998461590,1477305422,https://shopee.com.br/product/1477305422/22998461590
19775030566,408653169,https://shopee.com.br/product/408653169/19775030566
50760760043,790605924,https://shopee.com.br/product/790605924/50760760043
19297920160,316869228,https://shopee.com.br/product/316869228/19297920160
22297096053,375188138,https://shopee.com.br/product/375188138/22297096053
58201357444,304278646,https://shopee.com.br/product/304278646/58201357444
18999370238,1223725880,https://shopee.com.br/product/1223725880/18999370238
28089133055,325008325,https://shopee.com.br/product/325008325/28089133055
22997358970,373150829,https://shopee.com.br/product/373150829/22997358970
54510312785,1371792496,https://shopee.com.br/product/1371792496/54510312785
23198459961,1477305422,https://shopee.com.br/product/1477305422/23198459961
23493967191,1477305422,https://shopee.com.br/product/1477305422/23493967191
20899197380,408653169,https://shopee.com.br/product/408653169/20899197380
21798034186,842996464,https://shopee.com.br/product/842996464/21798034186
22193256655,1334294037,https://shopee.com.br/product/1334294037/22193256655
44509659402,359168917,https://shopee.com.br/product/359168917/44509659402
21697924460,1226120317,https://shopee.com.br/product/1226120317/21697924460
42233356923,1730265575,https://shopee.com.br/product/1730265575/42233356923
22114419293,752849300,https://shopee.com.br/product/752849300/22114419293
21996985231,735707447,https://shopee.com.br/product/735707447/21996985231
46008739428,1730265575,https://shopee.com.br/product/1730265575/46008739428
55506274968,775496126,https://shopee.com.br/product/775496126/55506274968
50008512047,1314243679,https://shopee.com.br/product/1314243679/50008512047
22596788438,408653169,https://shopee.com.br/product/408653169/22596788438
22617468506,648928964,https://shopee.com.br/product/648928964/22617468506
41823394983,1371792496,https://shopee.com.br/product/1371792496/41823394983
23994862529,648928964,https://shopee.com.br/product/648928964/23994862529
16862857340,752849300,https://shopee.com.br/product/752849300/16862857340
58255908748,648928964,https://shopee.com.br/product/648928964/58255908748
23297833195,816806234,https://shopee.com.br/product/816806234/23297833195
41923421141,365257077,https://shopee.com.br/product/365257077/41923421141
22893987010,1097902002,https://shopee.com.br/product/1097902002/22893987010
18599186550,375188138,https://shopee.com.br/product/375188138/18599186550
44060780984,325008325,https://shopee.com.br/product/325008325/44060780984
21197270650,816806234,https://shopee.com.br/product/816806234/21197270650
19377119153,674110767,https://shopee.com.br/product/674110767/19377119153
23593230728,390327339,https://shopee.com.br/product/390327339/23593230728
41167002971,316557325,https://shopee.com.br/product/316557325/41167002971
20697999791,1333507062,https://shopee.com.br/product/1333507062/20697999791
21098669209,401986069,https://shopee.com.br/product/401986069/21098669209
23698301480,1314243679,https://shopee.com.br/product/1314243679/23698301480
22693067836,1242718651,https://shopee.com.br/product/1242718651/22693067836
19198818863,973004594,https://shopee.com.br/product/973004594/19198818863
53252090065,530578890,https://shopee.com.br/product/530578890/53252090065
17820873175,704493455,https://shopee.com.br/product/704493455/17820873175
18699559100,316557325,https://shopee.com.br/product/316557325/18699559100
47910726976,1730265575,https://shopee.com.br/product/1730265575/47910726976
56604661296,1242718651,https://shopee.com.br/product/1242718651/56604661296
23397152968,816806234,https://shopee.com.br/product/816806234/23397152968
23193693524,805449066,https://shopee.com.br/product/805449066/23193693524
23498218310,648928964,https://shopee.com.br/product/648928964/23498218310
20869840465,752849300,https://shopee.com.br/product/752849300/20869840465
23693690379,648928964,https://shopee.com.br/product/648928964/23693690379
22394657115,1314243679,https://shopee.com.br/product/1314243679/22394657115
22993977659,601021305,https://shopee.com.br/product/601021305/22993977659
23995149201,1477305422,https://shopee.com.br/product/1477305422/23995149201
23397493867,1107280577,https://shopee.com.br/product/1107280577/23397493867
23893974920,1477305422,https://shopee.com.br/product/1477305422/23893974920
20799047669,375188138,https://shopee.com.br/product/375188138/20799047669
19099678463,601021305,https://shopee.com.br/product/601021305/19099678463
10494923743,752849300,https://shopee.com.br/product/752849300/10494923743
27431901589,530578890,https://shopee.com.br/product/530578890/27431901589
20897668092,442506479,https://shopee.com.br/product/442506479/20897668092
23098737264,1526836548,https://shopee.com.br/product/1526836548/23098737264
23298641972,1081505086,https://shopee.com.br/product/1081505086/23298641972
22798217090,842996464,https://shopee.com.br/product/842996464/22798217090
58262983492,757094384,https://shopee.com.br/product/757094384/58262983492
23198721770,1215229492,https://shopee.com.br/product/1215229492/23198721770
22098092912,1229193285,https://shopee.com.br/product/1229193285/22098092912
7590000016,400736454,https://shopee.com.br/product/400736454/7590000016
20676077862,401986069,https://shopee.com.br/product/401986069/20676077862
25996913285,973004594,https://shopee.com.br/product/973004594/25996913285
23394219242,1215229492,https://shopee.com.br/product/1215229492/23394219242
46052548082,1242718651,https://shopee.com.br/product/1242718651/46052548082
23698854310,1314243679,https://shopee.com.br/product/1314243679/23698854310
23694015014,1477305422,https://shopee.com.br/product/1477305422/23694015014
23995994794,816806234,https://shopee.com.br/product/816806234/23995994794
22294219487,601021305,https://shopee.com.br/product/601021305/22294219487
15896424273,842996464,https://shopee.com.br/product/842996464/15896424273
18999203143,408653169,https://shopee.com.br/product/408653169/18999203143
23396128331,902146556,https://shopee.com.br/product/902146556/23396128331
21199860177,489001115,https://shopee.com.br/product/489001115/21199860177
18657866836,842996464,https://shopee.com.br/product/842996464/18657866836
23892496035,752849300,https://shopee.com.br/product/752849300/23892496035
58250720144,816806234,https://shopee.com.br/product/816806234/58250720144
19397796322,402450553,https://shopee.com.br/product/402450553/19397796322
21377220444,648928964,https://shopee.com.br/product/648928964/21377220444
45261628491,402598512,https://shopee.com.br/product/402598512/45261628491
42631923637,1730265575,https://shopee.com.br/product/1730265575/42631923637
21397869411,648928964,https://shopee.com.br/product/648928964/21397869411
22793965577,1477305422,https://shopee.com.br/product/1477305422/22793965577
22693578567,1333507062,https://shopee.com.br/product/1333507062/22693578567
51662896304,927963980,https://shopee.com.br/product/927963980/51662896304
58265578394,1477305422,https://shopee.com.br/product/1477305422/58265578394
58250709128,816806234,https://shopee.com.br/product/816806234/58250709128
22798462098,1477305422,https://shopee.com.br/product/1477305422/22798462098
19603159867,752849300,https://shopee.com.br/product/752849300/19603159867
22398360743,1275933522,https://shopee.com.br/product/1275933522/22398360743
22394635273,1477305422,https://shopee.com.br/product/1477305422/22394635273
51752946605,775496126,https://shopee.com.br/product/775496126/51752946605
23997276828,816806234,https://shopee.com.br/product/816806234/23997276828
23093648966,648928964,https://shopee.com.br/product/648928964/23093648966
19158141178,757094384,https://shopee.com.br/product/757094384/19158141178
17722594914,704493455,https://shopee.com.br/product/704493455/17722594914
20698035370,402450553,https://shopee.com.br/product/402450553/20698035370
16316886247,365257077,https://shopee.com.br/product/365257077/16316886247
23092513898,653044811,https://shopee.com.br/product/653044811/23092513898
22092948411,816806234,https://shopee.com.br/product/816806234/22092948411
22693991396,1097902002,https://shopee.com.br/product/1097902002/22693991396
19799760681,648928964,https://shopee.com.br/product/648928964/19799760681
23298918209,1333507062,https://shopee.com.br/product/1333507062/23298918209
10102260342,281898655,https://shopee.com.br/product/281898655/10102260342
18699565939,601021305,https://shopee.com.br/product/601021305/18699565939
50865630618,304278646,https://shopee.com.br/product/304278646/50865630618
45508155869,1242718651,https://shopee.com.br/product/1242718651/45508155869
10894921276,752849300,https://shopee.com.br/product/752849300/10894921276
22793965654,1477305422,https://shopee.com.br/product/1477305422/22793965654
21797517055,752849300,https://shopee.com.br/product/752849300/21797517055
18398348803,1334294037,https://shopee.com.br/product/1334294037/18398348803
13560347645,400124163,https://shopee.com.br/product/400124163/13560347645
21914399338,402450553,https://shopee.com.br/product/402450553/21914399338
23597607148,412527932,https://shopee.com.br/product/412527932/23597607148
43505061124,530578890,https://shopee.com.br/product/530578890/43505061124
24843434742,436723291,https://shopee.com.br/product/436723291/24843434742
23297637151,312820805,https://shopee.com.br/product/312820805/23297637151
21898132122,1477305422,https://shopee.com.br/product/1477305422/21898132122
23899246405,1477305422,https://shopee.com.br/product/1477305422/23899246405
58264318319,1316611304,https://shopee.com.br/product/1316611304/58264318319
20070334292,408128510,https://shopee.com.br/product/408128510/20070334292
20397688836,1220316212,https://shopee.com.br/product/1220316212/20397688836
18699565980,601021305,https://shopee.com.br/product/601021305/18699565980
23193861098,601021305,https://shopee.com.br/product/601021305/23193861098
54014059175,1242718651,https://shopee.com.br/product/1242718651/54014059175
23098737282,1526836548,https://shopee.com.br/product/1526836548/23098737282
46161874320,775496126,https://shopee.com.br/product/775496126/46161874320
22998510745,1477305422,https://shopee.com.br/product/1477305422/22998510745
58213808838,1807752749,https://shopee.com.br/product/1807752749/58213808838
55804973934,1242718651,https://shopee.com.br/product/1242718651/55804973934
20540268370,704493455,https://shopee.com.br/product/704493455/20540268370
23599515100,421977782,https://shopee.com.br/product/421977782/23599515100
58252055193,1314243679,https://shopee.com.br/product/1314243679/58252055193
23994004073,1267884649,https://shopee.com.br/product/1267884649/23994004073
25847937586,869809385,https://shopee.com.br/product/869809385/25847937586
15569572658,405000440,https://shopee.com.br/product/405000440/15569572658
22793968700,1477305422,https://shopee.com.br/product/1477305422/22793968700
21799493899,1060724397,https://shopee.com.br/product/1060724397/21799493899
23593968564,1477305422,https://shopee.com.br/product/1477305422/23593968564
22293122589,816806234,https://shopee.com.br/product/816806234/22293122589
23191152992,281898655,https://shopee.com.br/product/281898655/23191152992
45953317099,1242718651,https://shopee.com.br/product/1242718651/45953317099
12992986079,704493455,https://shopee.com.br/product/704493455/12992986079
58256074899,1329429906,https://shopee.com.br/product/1329429906/58256074899
23293722296,402450553,https://shopee.com.br/product/402450553/23293722296
22994139639,442555366,https://shopee.com.br/product/442555366/22994139639
21699246104,386114683,https://shopee.com.br/product/386114683/21699246104
19598766500,816806234,https://shopee.com.br/product/816806234/19598766500
18997365851,816806234,https://shopee.com.br/product/816806234/18997365851
23697692083,375188138,https://shopee.com.br/product/375188138/23697692083
23096968809,1045133925,https://shopee.com.br/product/1045133925/23096968809
22412669592,752849300,https://shopee.com.br/product/752849300/22412669592
49214583024,402598512,https://shopee.com.br/product/402598512/49214583024
57364044355,1242718651,https://shopee.com.br/product/1242718651/57364044355
15253895926,408128510,https://shopee.com.br/product/408128510/15253895926
21899297165,404617501,https://shopee.com.br/product/404617501/21899297165
22299194107,1477305422,https://shopee.com.br/product/1477305422/22299194107
29977786812,530578890,https://shopee.com.br/product/530578890/29977786812
22898411604,648928964,https://shopee.com.br/product/648928964/22898411604
22293834960,648928964,https://shopee.com.br/product/648928964/22293834960
20099358301,1328711923,https://shopee.com.br/product/1328711923/20099358301
45106809212,842996464,https://shopee.com.br/product/842996464/45106809212
22793965359,1477305422,https://shopee.com.br/product/1477305422/22793965359
22898460271,1477305422,https://shopee.com.br/product/1477305422/22898460271
18199273862,1220316212,https://shopee.com.br/product/1220316212/18199273862
19698100981,601021305,https://shopee.com.br/product/601021305/19698100981
21498142373,1477305422,https://shopee.com.br/product/1477305422/21498142373
8415558021,386620566,https://shopee.com.br/product/386620566/8415558021
18750445744,327632351,https://shopee.com.br/product/327632351/18750445744
23498642018,787688780,https://shopee.com.br/product/787688780/23498642018
20099677693,601021305,https://shopee.com.br/product/601021305/20099677693
21198827710,489001115,https://shopee.com.br/product/489001115/21198827710
22793968787,1477305422,https://shopee.com.br/product/1477305422/22793968787
11254681804,375188138,https://shopee.com.br/product/375188138/11254681804
43401862594,530578890,https://shopee.com.br/product/530578890/43401862594
3033443462,365257077,https://shopee.com.br/product/365257077/3033443462
22894922547,1050213612,https://shopee.com.br/product/1050213612/22894922547
22797760779,601021305,https://shopee.com.br/product/601021305/22797760779
19325157621,408128510,https://shopee.com.br/product/408128510/19325157621
57861111374,436723291,https://shopee.com.br/product/436723291/57861111374
23593541698,601021305,https://shopee.com.br/product/601021305/23593541698
23797152998,816806234,https://shopee.com.br/product/816806234/23797152998
46560151657,1371792496,https://shopee.com.br/product/1371792496/46560151657
18328798147,357239640,https://shopee.com.br/product/357239640/18328798147
19699761083,648928964,https://shopee.com.br/product/648928964/19699761083
19099682078,316557325,https://shopee.com.br/product/316557325/19099682078
23998438309,816806234,https://shopee.com.br/product/816806234/23998438309
22998858152,1477305422,https://shopee.com.br/product/1477305422/22998858152
22998510752,1477305422,https://shopee.com.br/product/1477305422/22998510752
44751136789,842996464,https://shopee.com.br/product/842996464/44751136789
23002561541,757094384,https://shopee.com.br/product/757094384/23002561541
58256713490,1333507062,https://shopee.com.br/product/1333507062/58256713490
22492588572,375188138,https://shopee.com.br/product/375188138/22492588572
20197607244,400124163,https://shopee.com.br/product/400124163/20197607244
18732430155,648928964,https://shopee.com.br/product/648928964/18732430155
23735640697,648928964,https://shopee.com.br/product/648928964/23735640697
49963364169,1371792496,https://shopee.com.br/product/1371792496/49963364169
19198946282,408653169,https://shopee.com.br/product/408653169/19198946282
14868525378,400736454,https://shopee.com.br/product/400736454/14868525378
23796057538,357239640,https://shopee.com.br/product/357239640/23796057538
21814566746,400124163,https://shopee.com.br/product/400124163/21814566746
22898460281,1477305422,https://shopee.com.br/product/1477305422/22898460281
46216173242,1242718651,https://shopee.com.br/product/1242718651/46216173242
23694015012,1477305422,https://shopee.com.br/product/1477305422/23694015012
12775043373,386114683,https://shopee.com.br/product/386114683/12775043373
21197498358,402450553,https://shopee.com.br/product/402450553/21197498358
23197588514,404617501,https://shopee.com.br/product/404617501/23197588514
20432428884,648928964,https://shopee.com.br/product/648928964/20432428884
22293080739,400124163,https://shopee.com.br/product/400124163/22293080739
22694204775,601021305,https://shopee.com.br/product/601021305/22694204775
43832616305,1242718651,https://shopee.com.br/product/1242718651/43832616305
58205303116,1033307532,https://shopee.com.br/product/1033307532/58205303116
22291428275,705932885,https://shopee.com.br/product/705932885/22291428275
42081107978,436723291,https://shopee.com.br/product/436723291/42081107978
47354695352,1242718651,https://shopee.com.br/product/1242718651/47354695352
21799193834,408128510,https://shopee.com.br/product/408128510/21799193834
11706803224,400736454,https://shopee.com.br/product/400736454/11706803224
22097445055,816806234,https://shopee.com.br/product/816806234/22097445055
18732430133,648928964,https://shopee.com.br/product/648928964/18732430133
23093902759,1275097038,https://shopee.com.br/product/1275097038/23093902759
20626649010,357239640,https://shopee.com.br/product/357239640/20626649010
23397542720,400124163,https://shopee.com.br/product/400124163/23397542720
7790012731,400736454,https://shopee.com.br/product/400736454/7790012731
28785643412,373745451,https://shopee.com.br/product/373745451/28785643412
23797756747,442555366,https://shopee.com.br/product/442555366/23797756747
22698466669,1477305422,https://shopee.com.br/product/1477305422/22698466669
23798443493,376716003,https://shopee.com.br/product/376716003/23798443493
22493243882,1223725880,https://shopee.com.br/product/1223725880/22493243882
28893813391,735707447,https://shopee.com.br/product/735707447/28893813391
23698480215,1477305422,https://shopee.com.br/product/1477305422/23698480215
23493967161,1477305422,https://shopee.com.br/product/1477305422/23493967161
49561525601,927963980,https://shopee.com.br/product/927963980/49561525601
13011885838,357239640,https://shopee.com.br/product/357239640/13011885838
50562745612,1328711923,https://shopee.com.br/product/1328711923/50562745612
23997723132,402450553,https://shopee.com.br/product/402450553/23997723132
19299603832,805449066,https://shopee.com.br/product/805449066/19299603832
18699500505,357239640,https://shopee.com.br/product/357239640/18699500505
19099091776,704493455,https://shopee.com.br/product/704493455/19099091776
23397152963,816806234,https://shopee.com.br/product/816806234/23397152963
23898304475,333083225,https://shopee.com.br/product/333083225/23898304475
49959948638,601021305,https://shopee.com.br/product/601021305/49959948638
46907049593,599271358,https://shopee.com.br/product/599271358/46907049593
46359988379,601021305,https://shopee.com.br/product/601021305/46359988379
23592691988,816806234,https://shopee.com.br/product/816806234/23592691988
50305087365,1242718651,https://shopee.com.br/product/1242718651/50305087365
58260481245,1081505086,https://shopee.com.br/product/1081505086/58260481245
22897015134,335244857,https://shopee.com.br/product/335244857/22897015134
43478423947,869809385,https://shopee.com.br/product/869809385/43478423947
22998799782,349137150,https://shopee.com.br/product/349137150/22998799782
21797687909,404617501,https://shopee.com.br/product/404617501/21797687909
22298806718,1473114980,https://shopee.com.br/product/1473114980/22298806718
22928799449,408128510,https://shopee.com.br/product/408128510/22928799449
23193926300,1050213612,https://shopee.com.br/product/1050213612/23193926300
18799691082,408653169,https://shopee.com.br/product/408653169/18799691082
22296891339,604489889,https://shopee.com.br/product/604489889/22296891339
20628003264,357239640,https://shopee.com.br/product/357239640/20628003264
22692957353,408128510,https://shopee.com.br/product/408128510/22692957353
21998149345,1477305422,https://shopee.com.br/product/1477305422/21998149345
13381111735,704493455,https://shopee.com.br/product/704493455/13381111735
9459543530,400736454,https://shopee.com.br/product/400736454/9459543530
22194034100,1477305422,https://shopee.com.br/product/1477305422/22194034100
22099309285,1670290083,https://shopee.com.br/product/1670290083/22099309285
23793666402,1106021667,https://shopee.com.br/product/1106021667/23793666402
22093100403,404617501,https://shopee.com.br/product/404617501/22093100403
51605496387,869809385,https://shopee.com.br/product/869809385/51605496387
21497270693,816806234,https://shopee.com.br/product/816806234/21497270693
23994030558,704493455,https://shopee.com.br/product/704493455/23994030558
23796920352,704493455,https://shopee.com.br/product/704493455/23796920352
12337226810,489001115,https://shopee.com.br/product/489001115/12337226810
14659449625,704493455,https://shopee.com.br/product/704493455/14659449625
23395149214,1477305422,https://shopee.com.br/product/1477305422/23395149214
23398209633,402450553,https://shopee.com.br/product/402450553/23398209633
22497284268,436723291,https://shopee.com.br/product/436723291/22497284268
57806746302,842996464,https://shopee.com.br/product/842996464/57806746302
52807321383,506112052,https://shopee.com.br/product/506112052/52807321383
23392650373,816806234,https://shopee.com.br/product/816806234/23392650373
56956789071,842996464,https://shopee.com.br/product/842996464/56956789071
23197588568,404617501,https://shopee.com.br/product/404617501/23197588568
10865346239,489001115,https://shopee.com.br/product/489001115/10865346239
22097501519,704493455,https://shopee.com.br/product/704493455/22097501519
7793223853,337570318,https://shopee.com.br/product/337570318/7793223853
22798479751,1477305422,https://shopee.com.br/product/1477305422/22798479751
58251861514,757094384,https://shopee.com.br/product/757094384/58251861514
19299322810,412527932,https://shopee.com.br/product/412527932/19299322810
20597667221,307813655,https://shopee.com.br/product/307813655/20597667221
23992778132,1050213612,https://shopee.com.br/product/1050213612/23992778132
58266165848,412968566,https://shopee.com.br/product/412968566/58266165848
56055854127,400124163,https://shopee.com.br/product/400124163/56055854127
20399649468,800925303,https://shopee.com.br/product/800925303/20399649468
52757720083,1242718651,https://shopee.com.br/product/1242718651/52757720083
23694691114,1226120317,https://shopee.com.br/product/1226120317/23694691114
8754340687,312703265,https://shopee.com.br/product/312703265/8754340687
23293419239,1371792496,https://shopee.com.br/product/1371792496/23293419239
45565107728,506112052,https://shopee.com.br/product/506112052/45565107728
58265567928,1477305422,https://shopee.com.br/product/1477305422/58265567928
22198555490,1081505086,https://shopee.com.br/product/1081505086/22198555490
22994350727,1081505086,https://shopee.com.br/product/1081505086/22994350727
56013216389,1242718651,https://shopee.com.br/product/1242718651/56013216389
22997583986,404617501,https://shopee.com.br/product/404617501/22997583986
22998457897,816806234,https://shopee.com.br/product/816806234/22998457897
23392650389,816806234,https://shopee.com.br/product/816806234/23392650389
21997728405,402450553,https://shopee.com.br/product/402450553/21997728405
15348740043,429366971,https://shopee.com.br/product/429366971/15348740043
47707349297,402450553,https://shopee.com.br/product/402450553/47707349297
22092660272,816806234,https://shopee.com.br/product/816806234/22092660272
23298184026,312703265,https://shopee.com.br/product/312703265/23298184026
23297833193,816806234,https://shopee.com.br/product/816806234/23297833193
23792987990,446413605,https://shopee.com.br/product/446413605/23792987990
20299757776,816806234,https://shopee.com.br/product/816806234/20299757776
58260153579,719930213,https://shopee.com.br/product/719930213/58260153579
21097676142,704493455,https://shopee.com.br/product/704493455/21097676142
45951748637,1088013647,https://shopee.com.br/product/1088013647/45951748637
16771017887,704493455,https://shopee.com.br/product/704493455/16771017887
23097721569,1328711923,https://shopee.com.br/product/1328711923/23097721569
46807589128,400124163,https://shopee.com.br/product/400124163/46807589128
55000929482,1328711923,https://shopee.com.br/product/1328711923/55000929482
22893000340,704493455,https://shopee.com.br/product/704493455/22893000340
3093749877,278256920,https://shopee.com.br/product/278256920/3093749877
23198377556,404617501,https://shopee.com.br/product/404617501/23198377556
17016896998,704493455,https://shopee.com.br/product/704493455/17016896998
58200173803,816806234,https://shopee.com.br/product/816806234/58200173803
22093129725,648928964,https://shopee.com.br/product/648928964/22093129725
23497759926,601021305,https://shopee.com.br/product/601021305/23497759926
9160468960,442555366,https://shopee.com.br/product/442555366/9160468960
22793813358,333083225,https://shopee.com.br/product/333083225/22793813358
21697749079,816806234,https://shopee.com.br/product/816806234/21697749079
58200356937,816806234,https://shopee.com.br/product/816806234/58200356937
23902561186,757094384,https://shopee.com.br/product/757094384/23902561186
58252950067,1670290083,https://shopee.com.br/product/1670290083/58252950067
23094268385,378447288,https://shopee.com.br/product/378447288/23094268385
6090018115,400736454,https://shopee.com.br/product/400736454/6090018115
58251881025,757094384,https://shopee.com.br/product/757094384/58251881025
22293122600,816806234,https://shopee.com.br/product/816806234/22293122600
23693101496,404617501,https://shopee.com.br/product/404617501/23693101496
16384736377,704493455,https://shopee.com.br/product/704493455/16384736377
23797601822,404617501,https://shopee.com.br/product/404617501/23797601822
22093129708,648928964,https://shopee.com.br/product/648928964/22093129708
22993264184,601021305,https://shopee.com.br/product/601021305/22993264184
50016670348,436723291,https://shopee.com.br/product/436723291/50016670348
22093129739,648928964,https://shopee.com.br/product/648928964/22093129739
23493096622,404617501,https://shopee.com.br/product/404617501/23493096622
22098218171,1296760327,https://shopee.com.br/product/1296760327/22098218171
22298202524,312703265,https://shopee.com.br/product/312703265/22298202524
22397496401,704493455,https://shopee.com.br/product/704493455/22397496401
23797126192,340096629,https://shopee.com.br/product/340096629/23797126192
56859753604,400124163,https://shopee.com.br/product/400124163/56859753604
23797280578,357239640,https://shopee.com.br/product/357239640/23797280578
58211649680,1081505086,https://shopee.com.br/product/1081505086/58211649680
47816868790,648928964,https://shopee.com.br/product/648928964/47816868790
52457074146,390327339,https://shopee.com.br/product/390327339/52457074146
23394634298,1583442620,https://shopee.com.br/product/1583442620/23394634298
58253280229,1275097038,https://shopee.com.br/product/1275097038/58253280229
22196256804,360012700,https://shopee.com.br/product/360012700/22196256804
58262854647,465344451,https://shopee.com.br/product/465344451/58262854647
58253019808,1670290083,https://shopee.com.br/product/1670290083/58253019808
42330993805,790605924,https://shopee.com.br/product/790605924/42330993805
19699611648,402450553,https://shopee.com.br/product/402450553/19699611648
58204824479,412968566,https://shopee.com.br/product/412968566/58204824479
22294043032,704493455,https://shopee.com.br/product/704493455/22294043032
23497593267,404617501,https://shopee.com.br/product/404617501/23497593267
22192948211,816806234,https://shopee.com.br/product/816806234/22192948211
19297608756,400124163,https://shopee.com.br/product/400124163/19297608756
23394349778,1081505086,https://shopee.com.br/product/1081505086/23394349778
19966434402,357239640,https://shopee.com.br/product/357239640/19966434402
19626623383,357239640,https://shopee.com.br/product/357239640/19626623383
18397749748,404617501,https://shopee.com.br/product/404617501/18397749748
17483754105,704493455,https://shopee.com.br/product/704493455/17483754105
22598712895,465344451,https://shopee.com.br/product/465344451/22598712895
22997546826,443783188,https://shopee.com.br/product/443783188/22997546826
23594663741,1163359442,https://shopee.com.br/product/1163359442/23594663741
23097278474,400124163,https://shopee.com.br/product/400124163/23097278474
47964029056,1088013647,https://shopee.com.br/product/1088013647/47964029056
9660465015,442555366,https://shopee.com.br/product/442555366/9660465015
58254806555,1050213612,https://shopee.com.br/product/1050213612/58254806555
41480779362,1371792496,https://shopee.com.br/product/1371792496/41480779362
22494026346,704493455,https://shopee.com.br/product/704493455/22494026346
22393251574,395742608,https://shopee.com.br/product/395742608/22393251574
23398699538,805449066,https://shopee.com.br/product/805449066/23398699538
22998424389,648928964,https://shopee.com.br/product/648928964/22998424389
24896797323,604489889,https://shopee.com.br/product/604489889/24896797323
49703967015,400124163,https://shopee.com.br/product/400124163/49703967015
58212713870,1081505086,https://shopee.com.br/product/1081505086/58212713870
19799675132,889942432,https://shopee.com.br/product/889942432/19799675132
54310748515,790605924,https://shopee.com.br/product/790605924/54310748515
22498712875,465344451,https://shopee.com.br/product/465344451/22498712875
18498285763,465344451,https://shopee.com.br/product/465344451/18498285763
8945371527,281898655,https://shopee.com.br/product/281898655/8945371527
20497607131,400124163,https://shopee.com.br/product/400124163/20497607131
23497732391,400124163,https://shopee.com.br/product/400124163/23497732391
23294446657,1583442620,https://shopee.com.br/product/1583442620/23294446657
23498857096,1442717886,https://shopee.com.br/product/1442717886/23498857096
23735640694,648928964,https://shopee.com.br/product/648928964/23735640694
22097490124,404617501,https://shopee.com.br/product/404617501/22097490124
23694357778,1314243679,https://shopee.com.br/product/1314243679/23694357778
21499569743,704493455,https://shopee.com.br/product/704493455/21499569743
49500413661,1328711923,https://shopee.com.br/product/1328711923/49500413661
23130124892,704493455,https://shopee.com.br/product/704493455/23130124892
23498403767,648928964,https://shopee.com.br/product/648928964/23498403767
20998844072,816806234,https://shopee.com.br/product/816806234/20998844072
44175507402,1371792496,https://shopee.com.br/product/1371792496/44175507402
18775451522,704493455,https://shopee.com.br/product/704493455/18775451522
52406747552,436723291,https://shopee.com.br/product/436723291/52406747552
21526709082,357239640,https://shopee.com.br/product/357239640/21526709082
58200302122,1583442620,https://shopee.com.br/product/1583442620/58200302122
22394972682,789777799,https://shopee.com.br/product/789777799/22394972682
58253607550,816806234,https://shopee.com.br/product/816806234/58253607550
9414659612,346235717,https://shopee.com.br/product/346235717/9414659612
53505363371,1423372949,https://shopee.com.br/product/1423372949/53505363371
19771821437,322399178,https://shopee.com.br/product/322399178/19771821437
5079202655,346235717,https://shopee.com.br/product/346235717/5079202655
5974682861,322399178,https://shopee.com.br/product/322399178/5974682861
22792835297,552896405,https://shopee.com.br/product/552896405/22792835297
20747441931,545693995,https://shopee.com.br/product/545693995/20747441931
20770315243,872473112,https://shopee.com.br/product/872473112/20770315243
20398890716,552896405,https://shopee.com.br/product/552896405/20398890716
23298689237,1248180593,https://shopee.com.br/product/1248180593/23298689237
22894289111,327632351,https://shopee.com.br/product/327632351/22894289111
23397671361,855489892,https://shopee.com.br/product/855489892/23397671361
8538410454,346235717,https://shopee.com.br/product/346235717/8538410454
9824995354,359168917,https://shopee.com.br/product/359168917/9824995354
21599497418,1248180593,https://shopee.com.br/product/1248180593/21599497418
23793884427,296093764,https://shopee.com.br/product/296093764/23793884427
18097417100,856641146,https://shopee.com.br/product/856641146/18097417100
23193669351,1452488394,https://shopee.com.br/product/1452488394/23193669351
17759791937,322399178,https://shopee.com.br/product/322399178/17759791937
19199837868,296093764,https://shopee.com.br/product/296093764/19199837868
58211324402,316070154,https://shopee.com.br/product/316070154/58211324402
21699378413,1146529360,https://shopee.com.br/product/1146529360/21699378413
28486355941,1242718651,https://shopee.com.br/product/1242718651/28486355941
22993224804,872473112,https://shopee.com.br/product/872473112/22993224804
20548907515,545693995,https://shopee.com.br/product/545693995/20548907515
17880968355,303439692,https://shopee.com.br/product/303439692/17880968355
16743301447,412482669,https://shopee.com.br/product/412482669/16743301447
22592884555,1177903362,https://shopee.com.br/product/1177903362/22592884555
19557608848,308628919,https://shopee.com.br/product/308628919/19557608848
40151953373,604489889,https://shopee.com.br/product/604489889/40151953373
21997918315,1248180593,https://shopee.com.br/product/1248180593/21997918315
21260747068,872473112,https://shopee.com.br/product/872473112/21260747068
19397680361,855489892,https://shopee.com.br/product/855489892/19397680361
18199412806,775496126,https://shopee.com.br/product/775496126/18199412806
42717677761,408999524,https://shopee.com.br/product/408999524/42717677761
43225186936,354913181,https://shopee.com.br/product/354913181/43225186936
23097299155,599271358,https://shopee.com.br/product/599271358/23097299155
23497426511,599271358,https://shopee.com.br/product/599271358/23497426511
22497309708,856641146,https://shopee.com.br/product/856641146/22497309708
57153522081,1248180593,https://shopee.com.br/product/1248180593/57153522081
21119918899,599271358,https://shopee.com.br/product/599271358/21119918899
49351160821,1146529360,https://shopee.com.br/product/1146529360/49351160821
19199556530,1097902002,https://shopee.com.br/product/1097902002/19199556530
22198978324,855489892,https://shopee.com.br/product/855489892/22198978324
23693563326,1329429906,https://shopee.com.br/product/1329429906/23693563326
28744155021,869809385,https://shopee.com.br/product/869809385/28744155021
19897639332,1177903362,https://shopee.com.br/product/1177903362/19897639332
23195907033,327632351,https://shopee.com.br/product/327632351/23195907033
19997519040,401374403,https://shopee.com.br/product/401374403/19997519040
23797561545,855489892,https://shopee.com.br/product/855489892/23797561545
22997781824,855489892,https://shopee.com.br/product/855489892/22997781824
23995519729,308628919,https://shopee.com.br/product/308628919/23995519729
23597638977,580791382,https://shopee.com.br/product/580791382/23597638977
23492839063,1177903362,https://shopee.com.br/product/1177903362/23492839063
20697874596,1177903362,https://shopee.com.br/product/1177903362/20697874596
49951775132,354913181,https://shopee.com.br/product/354913181/49951775132
19557608781,308628919,https://shopee.com.br/product/308628919/19557608781
20642154651,856641146,https://shopee.com.br/product/856641146/20642154651
7152742668,306878488,https://shopee.com.br/product/306878488/7152742668
22094060815,1146529360,https://shopee.com.br/product/1146529360/22094060815
23998739463,1372644554,https://shopee.com.br/product/1372644554/23998739463
19697690434,855489892,https://shopee.com.br/product/855489892/19697690434
23097563417,580791382,https://shopee.com.br/product/580791382/23097563417
25642469018,599271358,https://shopee.com.br/product/599271358/25642469018
23593117347,604489889,https://shopee.com.br/product/604489889/23593117347
18099233043,1177903362,https://shopee.com.br/product/1177903362/18099233043
18697146555,401374403,https://shopee.com.br/product/401374403/18697146555
22898187543,386232023,https://shopee.com.br/product/386232023/22898187543
44464395821,408999524,https://shopee.com.br/product/408999524/44464395821
40478423931,869809385,https://shopee.com.br/product/869809385/40478423931
23693117482,1177903362,https://shopee.com.br/product/1177903362/23693117482
22198945407,855489892,https://shopee.com.br/product/855489892/22198945407
23597997529,855489892,https://shopee.com.br/product/855489892/23597997529
57150389053,303439692,https://shopee.com.br/product/303439692/57150389053
17489289396,872473112,https://shopee.com.br/product/872473112/17489289396
23193427713,1146529360,https://shopee.com.br/product/1146529360/23193427713
20097989626,1264071501,https://shopee.com.br/product/1264071501/20097989626
22397502235,356841149,https://shopee.com.br/product/356841149/22397502235
20060759265,872473112,https://shopee.com.br/product/872473112/20060759265
23193054694,408999524,https://shopee.com.br/product/408999524/23193054694
3957541414,322399178,https://shopee.com.br/product/322399178/3957541414
22997776705,1248180593,https://shopee.com.br/product/1248180593/22997776705
23097705917,869809385,https://shopee.com.br/product/869809385/23097705917
23392834747,552896405,https://shopee.com.br/product/552896405/23392834747
20560740634,872473112,https://shopee.com.br/product/872473112/20560740634
22098374320,819102498,https://shopee.com.br/product/819102498/22098374320
6881403642,354913181,https://shopee.com.br/product/354913181/6881403642
43908080313,408999524,https://shopee.com.br/product/408999524/43908080313
19699593943,1097902002,https://shopee.com.br/product/1097902002/19699593943
20199662983,1372644554,https://shopee.com.br/product/1372644554/20199662983
41923991991,1248180593,https://shopee.com.br/product/1248180593/41923991991
45852057720,408999524,https://shopee.com.br/product/408999524/45852057720
8477649202,401374403,https://shopee.com.br/product/401374403/8477649202
19097087892,327632351,https://shopee.com.br/product/327632351/19097087892
18999368558,1215229492,https://shopee.com.br/product/1215229492/18999368558
22798509009,1452488394,https://shopee.com.br/product/1452488394/22798509009
18335061991,412482669,https://shopee.com.br/product/412482669/18335061991
22193291360,1248180593,https://shopee.com.br/product/1248180593/22193291360
21919918966,599271358,https://shopee.com.br/product/599271358/21919918966
19378595809,604489889,https://shopee.com.br/product/604489889/19378595809
23493500982,855489892,https://shopee.com.br/product/855489892/23493500982
27679479122,582386382,https://shopee.com.br/product/582386382/27679479122
22193187851,855489892,https://shopee.com.br/product/855489892/22193187851
23592968426,408999524,https://shopee.com.br/product/408999524/23592968426
22592790787,599271358,https://shopee.com.br/product/599271358/22592790787
19399602226,604489889,https://shopee.com.br/product/604489889/19399602226
23497423222,354913181,https://shopee.com.br/product/354913181/23497423222
22220961513,386232023,https://shopee.com.br/product/386232023/22220961513
23197498305,856641146,https://shopee.com.br/product/856641146/23197498305
47409272895,1423372949,https://shopee.com.br/product/1423372949/47409272895
22692990790,580791382,https://shopee.com.br/product/580791382/22692990790
26176713602,776725570,https://shopee.com.br/product/776725570/26176713602
18999371675,580791382,https://shopee.com.br/product/580791382/18999371675
18497754077,582386382,https://shopee.com.br/product/582386382/18497754077
22993211357,408999524,https://shopee.com.br/product/408999524/22993211357
17288441383,308628919,https://shopee.com.br/product/308628919/17288441383
6357443314,322399178,https://shopee.com.br/product/322399178/6357443314
22698869442,304278646,https://shopee.com.br/product/304278646/22698869442
18498287764,1220316212,https://shopee.com.br/product/1220316212/18498287764
29543861632,1248180593,https://shopee.com.br/product/1248180593/29543861632
19498478926,604489889,https://shopee.com.br/product/604489889/19498478926
26943098065,599271358,https://shopee.com.br/product/599271358/26943098065
40471738039,303439692,https://shopee.com.br/product/303439692/40471738039
20598989186,322399178,https://shopee.com.br/product/322399178/20598989186
5357443737,322399178,https://shopee.com.br/product/322399178/5357443737
21497728219,401374403,https://shopee.com.br/product/401374403/21497728219
22697680307,1248180593,https://shopee.com.br/product/1248180593/22697680307
23998136624,1452488394,https://shopee.com.br/product/1452488394/23998136624
18799369529,462263068,https://shopee.com.br/product/462263068/18799369529
23798543642,1146529360,https://shopee.com.br/product/1146529360/23798543642
22492689732,322399178,https://shopee.com.br/product/322399178/22492689732
55505646468,1248180593,https://shopee.com.br/product/1248180593/55505646468
20598100467,1452488394,https://shopee.com.br/product/1452488394/20598100467
57465096223,408999524,https://shopee.com.br/product/408999524/57465096223
9814846621,322399178,https://shopee.com.br/product/322399178/9814846621
23996090843,327632351,https://shopee.com.br/product/327632351/23996090843
23635437062,842544500,https://shopee.com.br/product/842544500/23635437062
23026233873,327632351,https://shopee.com.br/product/327632351/23026233873
23698147524,1452488394,https://shopee.com.br/product/1452488394/23698147524
22198172822,1452488394,https://shopee.com.br/product/1452488394/22198172822
23397272700,735707447,https://shopee.com.br/product/735707447/23397272700
23299347186,580791382,https://shopee.com.br/product/580791382/23299347186
2973226405,322399178,https://shopee.com.br/product/322399178/2973226405
13739445744,283442002,https://shopee.com.br/product/283442002/13739445744
18196858918,308628919,https://shopee.com.br/product/308628919/18196858918
22892617756,296093764,https://shopee.com.br/product/296093764/22892617756
23630756457,327632351,https://shopee.com.br/product/327632351/23630756457
22894058660,354913181,https://shopee.com.br/product/354913181/22894058660
26984475730,599271358,https://shopee.com.br/product/599271358/26984475730
20898993902,401374403,https://shopee.com.br/product/401374403/20898993902
13618378280,322399178,https://shopee.com.br/product/322399178/13618378280
19097662772,856641146,https://shopee.com.br/product/856641146/19097662772
23993586825,580791382,https://shopee.com.br/product/580791382/23993586825
22792943484,580791382,https://shopee.com.br/product/580791382/22792943484
23098022589,1396162916,https://shopee.com.br/product/1396162916/23098022589
22793655799,1452488394,https://shopee.com.br/product/1452488394/22793655799
23493705412,1097902002,https://shopee.com.br/product/1097902002/23493705412
27634803810,819102498,https://shopee.com.br/product/819102498/27634803810
3757344892,322399178,https://shopee.com.br/product/322399178/3757344892
19257609033,308628919,https://shopee.com.br/product/308628919/19257609033
21296950583,653044811,https://shopee.com.br/product/653044811/21296950583
53658425785,373150829,https://shopee.com.br/product/373150829/53658425785
42654838053,408999524,https://shopee.com.br/product/408999524/42654838053
22997742457,735707447,https://shopee.com.br/product/735707447/22997742457
40128049713,869809385,https://shopee.com.br/product/869809385/40128049713
20097671455,408999524,https://shopee.com.br/product/408999524/20097671455
21499193281,1137364730,https://shopee.com.br/product/1137364730/21499193281
28228538859,303439692,https://shopee.com.br/product/303439692/28228538859
41822649461,408999524,https://shopee.com.br/product/408999524/41822649461
22193994505,1177903362,https://shopee.com.br/product/1177903362/22193994505
22794518587,580791382,https://shopee.com.br/product/580791382/22794518587
8581333721,401374403,https://shopee.com.br/product/401374403/8581333721
22696950813,401374403,https://shopee.com.br/product/401374403/22696950813
21699558099,1396162916,https://shopee.com.br/product/1396162916/21699558099
23792896796,401374403,https://shopee.com.br/product/401374403/23792896796
54657435999,599271358,https://shopee.com.br/product/599271358/54657435999
3957548864,322399178,https://shopee.com.br/product/322399178/3957548864
7657254061,322399178,https://shopee.com.br/product/322399178/7657254061
21222457704,545693995,https://shopee.com.br/product/545693995/21222457704
23995519702,308628919,https://shopee.com.br/product/308628919/23995519702
23394294583,580791382,https://shopee.com.br/product/580791382/23394294583
21197807888,322399178,https://shopee.com.br/product/322399178/21197807888
23097091936,604489889,https://shopee.com.br/product/604489889/23097091936
58207014337,1552226494,https://shopee.com.br/product/1552226494/58207014337
41808747735,386232023,https://shopee.com.br/product/386232023/41808747735
8719980233,283442002,https://shopee.com.br/product/283442002/8719980233
26785650261,572649927,https://shopee.com.br/product/572649927/26785650261
42015191905,408999524,https://shopee.com.br/product/408999524/42015191905
19778289398,401374403,https://shopee.com.br/product/401374403/19778289398
4757453940,322399178,https://shopee.com.br/product/322399178/4757453940
22298172272,1452488394,https://shopee.com.br/product/1452488394/22298172272
19557608824,308628919,https://shopee.com.br/product/308628919/19557608824
23792581815,401374403,https://shopee.com.br/product/401374403/23792581815
23197746397,775496126,https://shopee.com.br/product/775496126/23197746397
19599650285,1097902002,https://shopee.com.br/product/1097902002/19599650285
22298423038,842559166,https://shopee.com.br/product/842559166/22298423038
22493495079,1329429906,https://shopee.com.br/product/1329429906/22493495079
22092889809,1177903362,https://shopee.com.br/product/1177903362/22092889809
54905502187,869809385,https://shopee.com.br/product/869809385/54905502187
23294922259,1563516628,https://shopee.com.br/product/1563516628/23294922259
23597335737,1177903362,https://shopee.com.br/product/1177903362/23597335737
4779326522,322399178,https://shopee.com.br/product/322399178/4779326522
23193147680,303439692,https://shopee.com.br/product/303439692/23193147680
18598036386,1452488394,https://shopee.com.br/product/1452488394/18598036386
23092627965,296093764,https://shopee.com.br/product/296093764/23092627965
44656318123,735707447,https://shopee.com.br/product/735707447/44656318123
21997975343,1146529360,https://shopee.com.br/product/1146529360/21997975343
23398545327,1165360419,https://shopee.com.br/product/1165360419/23398545327
21999569363,408999524,https://shopee.com.br/product/408999524/21999569363
21499592519,1452488394,https://shopee.com.br/product/1452488394/21499592519
58206412902,1083800536,https://shopee.com.br/product/1083800536/58206412902
47755847798,1474606866,https://shopee.com.br/product/1474606866/47755847798
22394044114,580791382,https://shopee.com.br/product/580791382/22394044114
54455493343,869809385,https://shopee.com.br/product/869809385/54455493343
19799261883,455834389,https://shopee.com.br/product/455834389/19799261883
27789793676,683952730,https://shopee.com.br/product/683952730/27789793676
17192555376,401374403,https://shopee.com.br/product/401374403/17192555376
23098224598,580791382,https://shopee.com.br/product/580791382/23098224598
45108535600,390327339,https://shopee.com.br/product/390327339/45108535600
6060896117,322399178,https://shopee.com.br/product/322399178/6060896117
52759928064,444869236,https://shopee.com.br/product/444869236/52759928064
8569571978,322399178,https://shopee.com.br/product/322399178/8569571978
7657250662,322399178,https://shopee.com.br/product/322399178/7657250662
51208292736,386232023,https://shopee.com.br/product/386232023/51208292736
19099087515,296093764,https://shopee.com.br/product/296093764/19099087515
22694065911,653044811,https://shopee.com.br/product/653044811/22694065911
11374598880,599271358,https://shopee.com.br/product/599271358/11374598880
26229102834,599271358,https://shopee.com.br/product/599271358/26229102834
20098490263,604489889,https://shopee.com.br/product/604489889/20098490263
4957628207,318555124,https://shopee.com.br/product/318555124/4957628207
51810847570,1479426456,https://shopee.com.br/product/1479426456/51810847570
22598700460,1215229492,https://shopee.com.br/product/1215229492/22598700460
26531082976,776725570,https://shopee.com.br/product/776725570/26531082976
22293902020,444869236,https://shopee.com.br/product/444869236/22293902020
22198010382,427153374,https://shopee.com.br/product/427153374/22198010382
21256014340,327632351,https://shopee.com.br/product/327632351/21256014340
22097912389,1226120317,https://shopee.com.br/product/1226120317/22097912389
21599591832,1452488394,https://shopee.com.br/product/1452488394/21599591832
5657442217,322399178,https://shopee.com.br/product/322399178/5657442217
23292862426,408999524,https://shopee.com.br/product/408999524/23292862426
18799603474,1452488394,https://shopee.com.br/product/1452488394/18799603474
40562330788,819102498,https://shopee.com.br/product/819102498/40562330788
44133162818,604489889,https://shopee.com.br/product/604489889/44133162818
23597335833,1177903362,https://shopee.com.br/product/1177903362/23597335833
22598894929,1561901020,https://shopee.com.br/product/1561901020/22598894929
4563639596,322399178,https://shopee.com.br/product/322399178/4563639596
23697987568,552896405,https://shopee.com.br/product/552896405/23697987568
22092653491,322399178,https://shopee.com.br/product/322399178/22092653491
22993392160,386232023,https://shopee.com.br/product/386232023/22993392160
23493231704,869809385,https://shopee.com.br/product/869809385/23493231704
44655525967,869809385,https://shopee.com.br/product/869809385/44655525967
22897464176,735707447,https://shopee.com.br/product/735707447/22897464176
22797158840,776725570,https://shopee.com.br/product/776725570/22797158840
23194537210,1097902002,https://shopee.com.br/product/1097902002/23194537210
20699185565,1097902002,https://shopee.com.br/product/1097902002/20699185565
12574481011,599271358,https://shopee.com.br/product/599271358/12574481011
56153340052,819102498,https://shopee.com.br/product/819102498/56153340052
22792931240,735707447,https://shopee.com.br/product/735707447/22792931240
42553218745,582386382,https://shopee.com.br/product/582386382/42553218745
20398868600,386232023,https://shopee.com.br/product/386232023/20398868600
55958421829,1452488394,https://shopee.com.br/product/1452488394/55958421829
21499193291,1137364730,https://shopee.com.br/product/1137364730/21499193291
22993819475,908280603,https://shopee.com.br/product/908280603/22993819475
23698064067,408999524,https://shopee.com.br/product/408999524/23698064067
8877204551,303439692,https://shopee.com.br/product/303439692/8877204551
58201094911,1177903362,https://shopee.com.br/product/1177903362/58201094911
7361069222,322399178,https://shopee.com.br/product/322399178/7361069222
20699068526,327632351,https://shopee.com.br/product/327632351/20699068526
58255346750,1452488394,https://shopee.com.br/product/1452488394/58255346750
23498373057,296093764,https://shopee.com.br/product/296093764/23498373057
24294422980,599271358,https://shopee.com.br/product/599271358/24294422980
22298496248,1033307532,https://shopee.com.br/product/1033307532/22298496248
22298183652,1452488394,https://shopee.com.br/product/1452488394/22298183652
22491750686,401374403,https://shopee.com.br/product/401374403/22491750686
21548170097,545693995,https://shopee.com.br/product/545693995/21548170097
22898156558,1452488394,https://shopee.com.br/product/1452488394/22898156558
50156301956,401986069,https://shopee.com.br/product/401986069/50156301956
20099298923,735707447,https://shopee.com.br/product/735707447/20099298923
19497677357,1033307532,https://shopee.com.br/product/1033307532/19497677357
23798444882,296093764,https://shopee.com.br/product/296093764/23798444882
19897066835,946161700,https://shopee.com.br/product/946161700/19897066835
22293676674,1452488394,https://shopee.com.br/product/1452488394/22293676674
58205739774,1097902002,https://shopee.com.br/product/1097902002/58205739774
11781830808,303439692,https://shopee.com.br/product/303439692/11781830808
22693664557,1452488394,https://shopee.com.br/product/1452488394/22693664557
58259225985,1097902002,https://shopee.com.br/product/1097902002/58259225985
22498921335,1541325700,https://shopee.com.br/product/1541325700/22498921335
20642154661,856641146,https://shopee.com.br/product/856641146/20642154661
22693515640,408999524,https://shopee.com.br/product/408999524/22693515640
26929339073,856641146,https://shopee.com.br/product/856641146/26929339073
4557260941,322399178,https://shopee.com.br/product/322399178/4557260941
3378288358,306878488,https://shopee.com.br/product/306878488/3378288358
25742609655,776725570,https://shopee.com.br/product/776725570/25742609655
12811875956,303439692,https://shopee.com.br/product/303439692/12811875956
22993592520,1423372949,https://shopee.com.br/product/1423372949/22993592520
17935682477,303439692,https://shopee.com.br/product/303439692/17935682477
21099377643,882904544,https://shopee.com.br/product/882904544/21099377643
24194537455,819102498,https://shopee.com.br/product/819102498/24194537455
20797518812,1082747237,https://shopee.com.br/product/1082747237/20797518812
22198163753,408999524,https://shopee.com.br/product/408999524/22198163753
18536377473,322399178,https://shopee.com.br/product/322399178/18536377473
40521723124,400124163,https://shopee.com.br/product/400124163/40521723124
43203354365,776725570,https://shopee.com.br/product/776725570/43203354365
23998844938,346235717,https://shopee.com.br/product/346235717/23998844938
46859948263,322399178,https://shopee.com.br/product/322399178/46859948263
22095732127,952014476,https://shopee.com.br/product/952014476/22095732127
18798978864,401374403,https://shopee.com.br/product/401374403/18798978864
26790587103,1248180593,https://shopee.com.br/product/1248180593/26790587103
19297475491,375188138,https://shopee.com.br/product/375188138/19297475491
17511288652,322399178,https://shopee.com.br/product/322399178/17511288652
18097132410,322399178,https://shopee.com.br/product/322399178/18097132410
19697990950,408999524,https://shopee.com.br/product/408999524/19697990950
22392823760,1137364730,https://shopee.com.br/product/1137364730/22392823760
26340122349,1248180593,https://shopee.com.br/product/1248180593/26340122349
23997421510,599271358,https://shopee.com.br/product/599271358/23997421510
55409328721,1248180593,https://shopee.com.br/product/1248180593/55409328721
5957246396,322399178,https://shopee.com.br/product/322399178/5957246396
16442417324,303439692,https://shopee.com.br/product/303439692/16442417324
23194293924,1474606866,https://shopee.com.br/product/1474606866/23194293924
21599386852,1248180593,https://shopee.com.br/product/1248180593/21599386852
47353803959,735707447,https://shopee.com.br/product/735707447/47353803959
7157252092,322399178,https://shopee.com.br/product/322399178/7157252092
23694408891,1541325700,https://shopee.com.br/product/1541325700/23694408891
2922295133,322399178,https://shopee.com.br/product/322399178/2922295133
23597998554,1344250083,https://shopee.com.br/product/1344250083/23597998554
23893977897,1177903362,https://shopee.com.br/product/1177903362/23893977897
10474198961,303439692,https://shopee.com.br/product/303439692/10474198961
3778284570,306878488,https://shopee.com.br/product/306878488/3778284570
44008882416,386232023,https://shopee.com.br/product/386232023/44008882416
22493668091,1452488394,https://shopee.com.br/product/1452488394/22493668091
22092976990,354913181,https://shopee.com.br/product/354913181/22092976990
27089179625,322399178,https://shopee.com.br/product/322399178/27089179625
43161748175,599271358,https://shopee.com.br/product/599271358/43161748175
49011196555,1165360419,https://shopee.com.br/product/1165360419/49011196555
5258853286,318555124,https://shopee.com.br/product/318555124/5258853286
7750718412,303439692,https://shopee.com.br/product/303439692/7750718412
8611020689,373594761,https://shopee.com.br/product/373594761/8611020689
44325545626,354913181,https://shopee.com.br/product/354913181/44325545626
58251144577,1329429906,https://shopee.com.br/product/1329429906/58251144577
20099567156,427153374,https://shopee.com.br/product/427153374/20099567156
53503186163,844004880,https://shopee.com.br/product/844004880/53503186163
22693679085,965617276,https://shopee.com.br/product/965617276/22693679085
20699384085,869809385,https://shopee.com.br/product/869809385/20699384085
23794214279,1097902002,https://shopee.com.br/product/1097902002/23794214279
58216926371,316070154,https://shopee.com.br/product/316070154/58216926371
11319674657,322399178,https://shopee.com.br/product/322399178/11319674657
58005489571,869809385,https://shopee.com.br/product/869809385/58005489571
48812075494,869809385,https://shopee.com.br/product/869809385/48812075494
23298201933,1097902002,https://shopee.com.br/product/1097902002/23298201933
45856564147,735707447,https://shopee.com.br/product/735707447/45856564147
22293508622,408999524,https://shopee.com.br/product/408999524/22293508622
22993209548,869809385,https://shopee.com.br/product/869809385/22993209548
23798711724,1215229492,https://shopee.com.br/product/1215229492/23798711724
7757256173,322399178,https://shopee.com.br/product/322399178/7757256173
47414221792,869809385,https://shopee.com.br/product/869809385/47414221792
20673317650,322399178,https://shopee.com.br/product/322399178/20673317650
19198019788,1452488394,https://shopee.com.br/product/1452488394/19198019788
3757726458,318555124,https://shopee.com.br/product/318555124/3757726458
58264038062,316070154,https://shopee.com.br/product/316070154/58264038062
27187174006,735707447,https://shopee.com.br/product/735707447/27187174006
23494232486,1215229492,https://shopee.com.br/product/1215229492/23494232486
22698798921,1081505086,https://shopee.com.br/product/1081505086/22698798921
23596391184,401374403,https://shopee.com.br/product/401374403/23596391184
19899772336,1372644554,https://shopee.com.br/product/1372644554/19899772336
5657253705,322399178,https://shopee.com.br/product/322399178/5657253705
23493540949,1215229492,https://shopee.com.br/product/1215229492/23493540949
51057655155,856641146,https://shopee.com.br/product/856641146/51057655155
23693597115,1064041628,https://shopee.com.br/product/1064041628/23693597115
21098323252,1374188221,https://shopee.com.br/product/1374188221/21098323252
40864557424,408999524,https://shopee.com.br/product/408999524/40864557424
56653597127,1248180593,https://shopee.com.br/product/1248180593/56653597127
18399509121,408999524,https://shopee.com.br/product/408999524/18399509121
22193879559,1329429906,https://shopee.com.br/product/1329429906/22193879559
58267149405,1177903362,https://shopee.com.br/product/1177903362/58267149405
41905072786,572649927,https://shopee.com.br/product/572649927/41905072786
23793877262,444869236,https://shopee.com.br/product/444869236/23793877262
21898019079,1452488394,https://shopee.com.br/product/1452488394/21898019079
53855588942,1165360419,https://shopee.com.br/product/1165360419/53855588942
22898043095,776725570,https://shopee.com.br/product/776725570/22898043095
15105730490,303439692,https://shopee.com.br/product/303439692/15105730490
21397619914,1137364730,https://shopee.com.br/product/1137364730/21397619914
47310396291,1165360419,https://shopee.com.br/product/1165360419/47310396291
18616445230,303439692,https://shopee.com.br/product/303439692/18616445230
23593663573,1452488394,https://shopee.com.br/product/1452488394/23593663573
12460136489,303439692,https://shopee.com.br/product/303439692/12460136489
58201777905,1177903362,https://shopee.com.br/product/1177903362/58201777905
22798702701,1372644554,https://shopee.com.br/product/1372644554/22798702701
5657253736,322399178,https://shopee.com.br/product/322399178/5657253736
23498151873,1452488394,https://shopee.com.br/product/1452488394/23498151873
21498881392,404743073,https://shopee.com.br/product/404743073/21498881392
15473894257,604489889,https://shopee.com.br/product/604489889/15473894257
22896696293,842559166,https://shopee.com.br/product/842559166/22896696293
22193674410,1452488394,https://shopee.com.br/product/1452488394/22193674410
16041791065,401374403,https://shopee.com.br/product/401374403/16041791065
19399048027,375188138,https://shopee.com.br/product/375188138/19399048027
53210385392,408999524,https://shopee.com.br/product/408999524/53210385392
58250171579,1097902002,https://shopee.com.br/product/1097902002/58250171579
11788004114,322399178,https://shopee.com.br/product/322399178/11788004114
23498094199,1414895408,https://shopee.com.br/product/1414895408/23498094199
23698039256,776725570,https://shopee.com.br/product/776725570/23698039256
23398694678,1372644554,https://shopee.com.br/product/1372644554/23398694678
48864495785,1248180593,https://shopee.com.br/product/1248180593/48864495785
22392823748,1137364730,https://shopee.com.br/product/1137364730/22392823748
22092893590,283442002,https://shopee.com.br/product/283442002/22092893590
6657252521,322399178,https://shopee.com.br/product/322399178/6657252521
22392823795,1137364730,https://shopee.com.br/product/1137364730/22392823795
22993668238,1452488394,https://shopee.com.br/product/1452488394/22993668238
23098669165,1372644554,https://shopee.com.br/product/1372644554/23098669165
15772315608,412482669,https://shopee.com.br/product/412482669/15772315608
21797640288,283442002,https://shopee.com.br/product/283442002/21797640288
4293217405,303439692,https://shopee.com.br/product/303439692/4293217405
11337876996,462263068,https://shopee.com.br/product/462263068/11337876996
21498007367,296093764,https://shopee.com.br/product/296093764/21498007367
28536983121,735707447,https://shopee.com.br/product/735707447/28536983121
14366875686,303439692,https://shopee.com.br/product/303439692/14366875686
15696042951,280641391,https://shopee.com.br/product/280641391/15696042951
58250226512,296093764,https://shopee.com.br/product/296093764/58250226512
19298712274,604489889,https://shopee.com.br/product/604489889/19298712274
27837734349,436723291,https://shopee.com.br/product/436723291/27837734349
26088824192,386232023,https://shopee.com.br/product/386232023/26088824192
21125853546,819102498,https://shopee.com.br/product/819102498/21125853546
42026198281,1423372949,https://shopee.com.br/product/1423372949/42026198281
23126243519,327632351,https://shopee.com.br/product/327632351/23126243519
40328587892,327632351,https://shopee.com.br/product/327632351/40328587892
50655820939,327632351,https://shopee.com.br/product/327632351/50655820939
55855865114,1474606866,https://shopee.com.br/product/1474606866/55855865114
22392574269,376716003,https://shopee.com.br/product/376716003/22392574269
3990258753,322399178,https://shopee.com.br/product/322399178/3990258753
22897744465,735707447,https://shopee.com.br/product/735707447/22897744465
20642154598,856641146,https://shopee.com.br/product/856641146/20642154598
20999093157,327632351,https://shopee.com.br/product/327632351/20999093157
19499587374,1452488394,https://shopee.com.br/product/1452488394/19499587374
58255137314,1177903362,https://shopee.com.br/product/1177903362/58255137314
22994042322,322434863,https://shopee.com.br/product/322434863/22994042322
22398169631,1452488394,https://shopee.com.br/product/1452488394/22398169631
22398318427,882904544,https://shopee.com.br/product/882904544/22398318427
58252966427,1374188221,https://shopee.com.br/product/1374188221/58252966427
23228102242,869809385,https://shopee.com.br/product/869809385/23228102242
57362381760,322399178,https://shopee.com.br/product/322399178/57362381760
56615272097,1423372949,https://shopee.com.br/product/1423372949/56615272097
22493664406,1452488394,https://shopee.com.br/product/1452488394/22493664406
56051248955,545693995,https://shopee.com.br/product/545693995/56051248955
22392823776,1137364730,https://shopee.com.br/product/1137364730/22392823776
46059339744,1248180593,https://shopee.com.br/product/1248180593/46059339744
19998465180,322399178,https://shopee.com.br/product/322399178/19998465180
23091410637,604489889,https://shopee.com.br/product/604489889/23091410637
17253933338,303439692,https://shopee.com.br/product/303439692/17253933338
18716444887,303439692,https://shopee.com.br/product/303439692/18716444887
44714499681,479405487,https://shopee.com.br/product/479405487/44714499681
20299208746,283442002,https://shopee.com.br/product/283442002/20299208746
27440992286,1248180593,https://shopee.com.br/product/1248180593/27440992286
4957448614,322399178,https://shopee.com.br/product/322399178/4957448614
45903313323,408999524,https://shopee.com.br/product/408999524/45903313323
20997745710,404743073,https://shopee.com.br/product/404743073/20997745710
23993536079,776725570,https://shopee.com.br/product/776725570/23993536079
42079247484,443294432,https://shopee.com.br/product/443294432/42079247484
43233658684,1423372949,https://shopee.com.br/product/1423372949/43233658684
58200947538,1165360419,https://shopee.com.br/product/1165360419/58200947538
43972321079,946161700,https://shopee.com.br/product/946161700/43972321079
41352751163,371036439,https://shopee.com.br/product/371036439/41352751163
23394919192,1485004225,https://shopee.com.br/product/1485004225/23394919192
3175051450,322399178,https://shopee.com.br/product/322399178/3175051450
6157246399,322399178,https://shopee.com.br/product/322399178/6157246399
23099501076,1083800536,https://shopee.com.br/product/1083800536/23099501076
52255105072,1248180593,https://shopee.com.br/product/1248180593/52255105072
11315407199,303439692,https://shopee.com.br/product/303439692/11315407199
22392823777,1137364730,https://shopee.com.br/product/1137364730/22392823777
2978375564,303439692,https://shopee.com.br/product/303439692/2978375564
7496136221,401374403,https://shopee.com.br/product/401374403/7496136221
17781620258,303439692,https://shopee.com.br/product/303439692/17781620258
19497520546,401374403,https://shopee.com.br/product/401374403/19497520546
21137351394,400124163,https://shopee.com.br/product/400124163/21137351394
28681758292,735707447,https://shopee.com.br/product/735707447/28681758292
19397926139,1235923910,https://shopee.com.br/product/1235923910/19397926139
19997991545,408999524,https://shopee.com.br/product/408999524/19997991545
6694637809,322399178,https://shopee.com.br/product/322399178/6694637809
22393664089,1452488394,https://shopee.com.br/product/1452488394/22393664089
20974892988,327632351,https://shopee.com.br/product/327632351/20974892988
41276192444,1146529360,https://shopee.com.br/product/1146529360/41276192444
3355986980,306878488,https://shopee.com.br/product/306878488/3355986980
8421050222,322399178,https://shopee.com.br/product/322399178/8421050222
53903894972,604489889,https://shopee.com.br/product/604489889/53903894972
51058894882,1248180593,https://shopee.com.br/product/1248180593/51058894882
23494488223,908137538,https://shopee.com.br/product/908137538/23494488223
20299092277,401374403,https://shopee.com.br/product/401374403/20299092277
3457351276,322399178,https://shopee.com.br/product/322399178/3457351276
22233795924,735707447,https://shopee.com.br/product/735707447/22233795924
21299860579,545693995,https://shopee.com.br/product/545693995/21299860579
18459170951,778935801,https://shopee.com.br/product/778935801/18459170951
23893146451,408999524,https://shopee.com.br/product/408999524/23893146451
29642248779,856641146,https://shopee.com.br/product/856641146/29642248779
54960860823,1423372949,https://shopee.com.br/product/1423372949/54960860823
18599386887,408999524,https://shopee.com.br/product/408999524/18599386887
23094668368,789807677,https://shopee.com.br/product/789807677/23094668368
3595278690,401374403,https://shopee.com.br/product/401374403/3595278690
22697432861,400124163,https://shopee.com.br/product/400124163/22697432861
6250731851,303439692,https://shopee.com.br/product/303439692/6250731851
48550960826,444869236,https://shopee.com.br/product/444869236/48550960826
21937360021,400124163,https://shopee.com.br/product/400124163/21937360021
18598439003,856641146,https://shopee.com.br/product/856641146/18598439003
20642154653,856641146,https://shopee.com.br/product/856641146/20642154653
23098508814,1452488394,https://shopee.com.br/product/1452488394/23098508814
28542764871,283442002,https://shopee.com.br/product/283442002/28542764871
22591421639,400124163,https://shopee.com.br/product/400124163/22591421639
19597264957,322399178,https://shopee.com.br/product/322399178/19597264957
22892006791,735707447,https://shopee.com.br/product/735707447/22892006791
22392823762,1137364730,https://shopee.com.br/product/1137364730/22392823762
5157256948,322399178,https://shopee.com.br/product/322399178/5157256948
7478393362,322399178,https://shopee.com.br/product/322399178/7478393362
22698798933,1081505086,https://shopee.com.br/product/1081505086/22698798933
20099758523,322434863,https://shopee.com.br/product/322434863/20099758523
18598160177,1235923910,https://shopee.com.br/product/1235923910/18598160177
23692176998,400124163,https://shopee.com.br/product/400124163/23692176998
22498068789,408999524,https://shopee.com.br/product/408999524/22498068789
41054913237,408999524,https://shopee.com.br/product/408999524/41054913237
26829332437,856641146,https://shopee.com.br/product/856641146/26829332437
22894029026,280641391,https://shopee.com.br/product/280641391/22894029026
47062074260,869809385,https://shopee.com.br/product/869809385/47062074260
19897806879,443294432,https://shopee.com.br/product/443294432/19897806879
52312737038,479405487,https://shopee.com.br/product/479405487/52312737038
19397640609,436723291,https://shopee.com.br/product/436723291/19397640609
22193270816,408999524,https://shopee.com.br/product/408999524/22193270816
23899186941,1516596857,https://shopee.com.br/product/1516596857/23899186941
22998181725,408999524,https://shopee.com.br/product/408999524/22998181725
44305346682,408999524,https://shopee.com.br/product/408999524/44305346682
19998024242,604489889,https://shopee.com.br/product/604489889/19998024242
23393655858,1452488394,https://shopee.com.br/product/1452488394/23393655858
58207092301,1452488394,https://shopee.com.br/product/1452488394/58207092301
5689808952,322399178,https://shopee.com.br/product/322399178/5689808952
22793400154,408999524,https://shopee.com.br/product/408999524/22793400154
58254334887,1235923910,https://shopee.com.br/product/1235923910/58254334887
19899239433,735707447,https://shopee.com.br/product/735707447/19899239433
7757453276,322399178,https://shopee.com.br/product/322399178/7757453276
44050889846,436723291,https://shopee.com.br/product/436723291/44050889846
19998998813,400124163,https://shopee.com.br/product/400124163/19998998813
22897090338,322399178,https://shopee.com.br/product/322399178/22897090338
20297395949,401374403,https://shopee.com.br/product/401374403/20297395949
19197215425,604489889,https://shopee.com.br/product/604489889/19197215425
46961561948,1248180593,https://shopee.com.br/product/1248180593/46961561948
58204852977,1177903362,https://shopee.com.br/product/1177903362/58204852977
23197894116,408999524,https://shopee.com.br/product/408999524/23197894116
23096844080,322399178,https://shopee.com.br/product/322399178/23096844080
58259212556,959567682,https://shopee.com.br/product/959567682/58259212556
21499496812,408999524,https://shopee.com.br/product/408999524/21499496812
22497894452,408999524,https://shopee.com.br/product/408999524/22497894452
41572313416,946161700,https://shopee.com.br/product/946161700/41572313416
29691040400,775496126,https://shopee.com.br/product/775496126/29691040400
7054011165,306878488,https://shopee.com.br/product/306878488/7054011165
23797838984,778935801,https://shopee.com.br/product/778935801/23797838984
23298524723,322434863,https://shopee.com.br/product/322434863/23298524723
20299759509,1372644554,https://shopee.com.br/product/1372644554/20299759509
7657447713,322399178,https://shopee.com.br/product/322399178/7657447713
22694689283,1630032069,https://shopee.com.br/product/1630032069/22694689283
48514073685,869809385,https://shopee.com.br/product/869809385/48514073685
12881083340,322399178,https://shopee.com.br/product/322399178/12881083340
23995647881,404743073,https://shopee.com.br/product/404743073/23995647881
5857253740,322399178,https://shopee.com.br/product/322399178/5857253740
16814470171,303439692,https://shopee.com.br/product/303439692/16814470171
19098319593,646888142,https://shopee.com.br/product/646888142/19098319593
21698198864,1372644554,https://shopee.com.br/product/1372644554/21698198864
26830422990,776725570,https://shopee.com.br/product/776725570/26830422990
23098164006,1452488394,https://shopee.com.br/product/1452488394/23098164006
23897310611,1137364730,https://shopee.com.br/product/1137364730/23897310611
22093878392,842559166,https://shopee.com.br/product/842559166/22093878392
23293670741,327632351,https://shopee.com.br/product/327632351/23293670741
19197995101,408999524,https://shopee.com.br/product/408999524/19197995101
19197523967,306878488,https://shopee.com.br/product/306878488/19197523967
58256717579,1452488394,https://shopee.com.br/product/1452488394/58256717579
43278429477,869809385,https://shopee.com.br/product/869809385/43278429477
22098255752,1366041969,https://shopee.com.br/product/1366041969/22098255752
12178975104,322399178,https://shopee.com.br/product/322399178/12178975104
40079527189,479405487,https://shopee.com.br/product/479405487/40079527189
18999562758,408999524,https://shopee.com.br/product/408999524/18999562758
53500869079,1029852536,https://shopee.com.br/product/1029852536/53500869079
26088358266,356143297,https://shopee.com.br/product/356143297/26088358266
23593005496,401374403,https://shopee.com.br/product/401374403/23593005496
6677538301,306878488,https://shopee.com.br/product/306878488/6677538301
22393520154,1029852536,https://shopee.com.br/product/1029852536/22393520154
22392823775,1137364730,https://shopee.com.br/product/1137364730/22392823775
58261215958,316070154,https://shopee.com.br/product/316070154/58261215958
23393593545,1050213612,https://shopee.com.br/product/1050213612/23393593545
58201369319,719930213,https://shopee.com.br/product/719930213/58201369319
22494034521,322434863,https://shopee.com.br/product/322434863/22494034521
22797627874,322399178,https://shopee.com.br/product/322399178/22797627874
20598886376,401374403,https://shopee.com.br/product/401374403/20598886376
23891743699,327632351,https://shopee.com.br/product/327632351/23891743699
19177751257,404743073,https://shopee.com.br/product/404743073/19177751257
19599494500,404743073,https://shopee.com.br/product/404743073/19599494500
22894330156,376716003,https://shopee.com.br/product/376716003/22894330156
12071858800,303439692,https://shopee.com.br/product/303439692/12071858800
21452510614,400124163,https://shopee.com.br/product/400124163/21452510614
20797973349,408999524,https://shopee.com.br/product/408999524/20797973349
58211207177,446413605,https://shopee.com.br/product/446413605/58211207177
8506362875,313968882,https://shopee.com.br/product/313968882/8506362875
18098102244,1423372949,https://shopee.com.br/product/1423372949/18098102244
40083111099,1248180593,https://shopee.com.br/product/1248180593/40083111099
10314768037,322399178,https://shopee.com.br/product/322399178/10314768037
21697683858,1226105437,https://shopee.com.br/product/1226105437/21697683858
44755522332,869809385,https://shopee.com.br/product/869809385/44755522332
58211170500,316070154,https://shopee.com.br/product/316070154/58211170500
23897425980,400124163,https://shopee.com.br/product/400124163/23897425980
53512160077,290073877,https://shopee.com.br/product/290073877/53512160077
23098011467,776725570,https://shopee.com.br/product/776725570/23098011467
18299606739,436723291,https://shopee.com.br/product/436723291/18299606739
22793855623,404743073,https://shopee.com.br/product/404743073/22793855623
58204618658,778935801,https://shopee.com.br/product/778935801/58204618658
40126574217,450664666,https://shopee.com.br/product/450664666/40126574217
58201776401,1177903362,https://shopee.com.br/product/1177903362/58201776401
4657449184,322399178,https://shopee.com.br/product/322399178/4657449184
20797920392,404743073,https://shopee.com.br/product/404743073/20797920392
56115890277,869809385,https://shopee.com.br/product/869809385/56115890277
22197390207,283442002,https://shopee.com.br/product/283442002/22197390207
40860644276,856641146,https://shopee.com.br/product/856641146/40860644276
7578180058,306878488,https://shopee.com.br/product/306878488/7578180058
8110632017,322399178,https://shopee.com.br/product/322399178/8110632017
18998212120,1165360419,https://shopee.com.br/product/1165360419/18998212120
41419516428,775496126,https://shopee.com.br/product/775496126/41419516428
23092176407,400124163,https://shopee.com.br/product/400124163/23092176407
6657443394,322399178,https://shopee.com.br/product/322399178/6657443394
6557443365,322399178,https://shopee.com.br/product/322399178/6557443365
25693516013,735707447,https://shopee.com.br/product/735707447/25693516013
9902521510,322399178,https://shopee.com.br/product/322399178/9902521510
22597767501,400124163,https://shopee.com.br/product/400124163/22597767501
58253960651,462263068,https://shopee.com.br/product/462263068/58253960651
22098070805,436723291,https://shopee.com.br/product/436723291/22098070805
23293393239,408999524,https://shopee.com.br/product/408999524/23293393239
22394421424,1541325700,https://shopee.com.br/product/1541325700/22394421424
5157428489,322399178,https://shopee.com.br/product/322399178/5157428489
56602142630,1371792496,https://shopee.com.br/product/1371792496/56602142630
19197979464,408999524,https://shopee.com.br/product/408999524/19197979464
22597548240,822103155,https://shopee.com.br/product/822103155/22597548240
18272262171,322399178,https://shopee.com.br/product/322399178/18272262171
51064081498,1242718651,https://shopee.com.br/product/1242718651/51064081498
21069839509,400124163,https://shopee.com.br/product/400124163/21069839509
22197575939,599271358,https://shopee.com.br/product/599271358/22197575939
18297616550,856641146,https://shopee.com.br/product/856641146/18297616550
7252437801,306878488,https://shopee.com.br/product/306878488/7252437801
21999772153,322434863,https://shopee.com.br/product/322434863/21999772153
3657351282,322399178,https://shopee.com.br/product/322399178/3657351282
9203898172,322399178,https://shopee.com.br/product/322399178/9203898172
20457892594,869809385,https://shopee.com.br/product/869809385/20457892594
23998341371,390327339,https://shopee.com.br/product/390327339/23998341371
21075975695,778935801,https://shopee.com.br/product/778935801/21075975695
19399238950,735707447,https://shopee.com.br/product/735707447/19399238950
44850906561,1029852536,https://shopee.com.br/product/1029852536/44850906561
22299225950,1617519379,https://shopee.com.br/product/1617519379/22299225950
23398061955,408999524,https://shopee.com.br/product/408999524/23398061955
22298047098,908137538,https://shopee.com.br/product/908137538/22298047098
16893156983,404743073,https://shopee.com.br/product/404743073/16893156983
9203898144,322399178,https://shopee.com.br/product/322399178/9203898144
22898481409,1137364730,https://shopee.com.br/product/1137364730/22898481409
46216798532,296093764,https://shopee.com.br/product/296093764/46216798532
23493494177,1329429906,https://shopee.com.br/product/1329429906/23493494177
13698409801,404743073,https://shopee.com.br/product/404743073/13698409801
18197233302,952014476,https://shopee.com.br/product/952014476/18197233302
26330419476,776725570,https://shopee.com.br/product/776725570/26330419476
22692934720,735707447,https://shopee.com.br/product/735707447/22692934720
23093347579,778935801,https://shopee.com.br/product/778935801/23093347579
22593056100,404743073,https://shopee.com.br/product/404743073/22593056100
12680267245,303439692,https://shopee.com.br/product/303439692/12680267245
43725216065,776725570,https://shopee.com.br/product/776725570/43725216065
22793660314,1452488394,https://shopee.com.br/product/1452488394/22793660314
20098133401,1137364730,https://shopee.com.br/product/1137364730/20098133401
42457217775,356143297,https://shopee.com.br/product/356143297/42457217775
8668165671,400124163,https://shopee.com.br/product/400124163/8668165671
5569622224,322399178,https://shopee.com.br/product/322399178/5569622224
19998185262,322434863,https://shopee.com.br/product/322434863/19998185262
21998023547,1452488394,https://shopee.com.br/product/1452488394/21998023547
19397733094,778935801,https://shopee.com.br/product/778935801/19397733094
41902586737,408999524,https://shopee.com.br/product/408999524/41902586737
5157443729,322399178,https://shopee.com.br/product/322399178/5157443729
5357257396,322399178,https://shopee.com.br/product/322399178/5357257396
19299386666,800925303,https://shopee.com.br/product/800925303/19299386666
18297275969,400124163,https://shopee.com.br/product/400124163/18297275969
22392823788,1137364730,https://shopee.com.br/product/1137364730/22392823788
22394501074,418189829,https://shopee.com.br/product/418189829/22394501074
23793388067,408999524,https://shopee.com.br/product/408999524/23793388067
5895891156,303439692,https://shopee.com.br/product/303439692/5895891156
21997493391,296093764,https://shopee.com.br/product/296093764/21997493391
5589805448,426596756,https://shopee.com.br/product/426596756/5589805448
22392823749,1137364730,https://shopee.com.br/product/1137364730/22392823749
22093424919,404743073,https://shopee.com.br/product/404743073/22093424919
48115929542,1382606196,https://shopee.com.br/product/1382606196/48115929542
5357443744,322399178,https://shopee.com.br/product/322399178/5357443744
23097975444,735707447,https://shopee.com.br/product/735707447/23097975444
29795447682,356841149,https://shopee.com.br/product/356841149/29795447682
58210553196,283442002,https://shopee.com.br/product/283442002/58210553196
22592930874,400124163,https://shopee.com.br/product/400124163/22592930874
20798183464,1452488394,https://shopee.com.br/product/1452488394/20798183464
21399898495,646888142,https://shopee.com.br/product/646888142/21399898495
53910866823,1248180593,https://shopee.com.br/product/1248180593/53910866823
22691324411,778935801,https://shopee.com.br/product/778935801/22691324411
20698023770,1452488394,https://shopee.com.br/product/1452488394/20698023770
6153208693,306878488,https://shopee.com.br/product/306878488/6153208693
6189997236,400736454,https://shopee.com.br/product/400736454/6189997236
44555522597,869809385,https://shopee.com.br/product/869809385/44555522597
58260984059,446413605,https://shopee.com.br/product/446413605/58260984059
22198179506,1452488394,https://shopee.com.br/product/1452488394/22198179506
23097762476,400124163,https://shopee.com.br/product/400124163/23097762476
21798498592,400124163,https://shopee.com.br/product/400124163/21798498592
10753337831,322399178,https://shopee.com.br/product/322399178/10753337831
22698008375,1344250083,https://shopee.com.br/product/1344250083/22698008375
54507018217,599271358,https://shopee.com.br/product/599271358/54507018217
22098382199,1329429906,https://shopee.com.br/product/1329429906/22098382199
27431484930,683952730,https://shopee.com.br/product/683952730/27431484930
22293421007,778935801,https://shopee.com.br/product/778935801/22293421007
58202366439,296093764,https://shopee.com.br/product/296093764/58202366439
20542154672,856641146,https://shopee.com.br/product/856641146/20542154672
5750546506,303439692,https://shopee.com.br/product/303439692/5750546506
8668148115,400124163,https://shopee.com.br/product/400124163/8668148115
23294296867,1081505086,https://shopee.com.br/product/1081505086/23294296867
18497693841,599271358,https://shopee.com.br/product/599271358/18497693841
27481614553,946161700,https://shopee.com.br/product/946161700/27481614553
6070916085,322399178,https://shopee.com.br/product/322399178/6070916085
55105411530,408999524,https://shopee.com.br/product/408999524/55105411530
3957551390,322399178,https://shopee.com.br/product/322399178/3957551390
23393559223,1326396820,https://shopee.com.br/product/1326396820/23393559223
18997881184,778935801,https://shopee.com.br/product/778935801/18997881184
17511691879,303439692,https://shopee.com.br/product/303439692/17511691879
47565862042,735707447,https://shopee.com.br/product/735707447/47565862042
23993514351,408999524,https://shopee.com.br/product/408999524/23993514351
23897079393,778935801,https://shopee.com.br/product/778935801/23897079393
23598157765,1344250083,https://shopee.com.br/product/1344250083/23598157765
7169625303,322399178,https://shopee.com.br/product/322399178/7169625303
55052958545,1470120726,https://shopee.com.br/product/1470120726/55052958545
17611611024,303439692,https://shopee.com.br/product/303439692/17611611024
22693808792,404743073,https://shopee.com.br/product/404743073/22693808792
58265393575,1533142164,https://shopee.com.br/product/1533142164/58265393575
58215383002,1533142164,https://shopee.com.br/product/1533142164/58215383002
23793105299,412527932,https://shopee.com.br/product/412527932/23793105299
22193675950,1452488394,https://shopee.com.br/product/1452488394/22193675950
22293421012,778935801,https://shopee.com.br/product/778935801/22293421012
18997881191,778935801,https://shopee.com.br/product/778935801/18997881191
20759170005,778935801,https://shopee.com.br/product/778935801/20759170005
22098255759,1366041969,https://shopee.com.br/product/1366041969/22098255759
22698543845,322434863,https://shopee.com.br/product/322434863/22698543845
6157450588,322399178,https://shopee.com.br/product/322399178/6157450588
44905794025,327632351,https://shopee.com.br/product/327632351/44905794025
23398984325,1243712796,https://shopee.com.br/product/1243712796/23398984325
22692246796,404743073,https://shopee.com.br/product/404743073/22692246796
22798543176,1190424233,https://shopee.com.br/product/1190424233/22798543176
7076395839,313968882,https://shopee.com.br/product/313968882/7076395839
46811760888,856641146,https://shopee.com.br/product/856641146/46811760888
48254335418,1248180593,https://shopee.com.br/product/1248180593/48254335418
22392823809,1137364730,https://shopee.com.br/product/1137364730/22392823809
23993516418,965617276,https://shopee.com.br/product/965617276/23993516418
5169623779,322399178,https://shopee.com.br/product/322399178/5169623779
22498798567,1081505086,https://shopee.com.br/product/1081505086/22498798567
3457357580,322399178,https://shopee.com.br/product/322399178/3457357580
23498537515,322434863,https://shopee.com.br/product/322434863/23498537515
23298524670,322434863,https://shopee.com.br/product/322434863/23298524670
54501746575,450664666,https://shopee.com.br/product/450664666/54501746575
21699677623,1088013647,https://shopee.com.br/product/1088013647/21699677623
51902175598,290598330,https://shopee.com.br/product/290598330/51902175598
3776239575,303439692,https://shopee.com.br/product/303439692/3776239575
21299601428,882904544,https://shopee.com.br/product/882904544/21299601428
23994534185,646888142,https://shopee.com.br/product/646888142/23994534185
22193562502,408999524,https://shopee.com.br/product/408999524/22193562502
22793138313,297240324,https://shopee.com.br/product/297240324/22793138313
24643486512,946161700,https://shopee.com.br/product/946161700/24643486512
7557441707,322399178,https://shopee.com.br/product/322399178/7557441707
23599346567,1033307532,https://shopee.com.br/product/1033307532/23599346567
51209704601,1248180593,https://shopee.com.br/product/1248180593/51209704601
22197683685,400124163,https://shopee.com.br/product/400124163/22197683685
19899758522,322434863,https://shopee.com.br/product/322434863/19899758522
19097987932,776725570,https://shopee.com.br/product/776725570/19097987932
22598798687,1081505086,https://shopee.com.br/product/1081505086/22598798687
22598798695,1081505086,https://shopee.com.br/product/1081505086/22598798695
23993621466,322434863,https://shopee.com.br/product/322434863/23993621466
18637357851,400124163,https://shopee.com.br/product/400124163/18637357851
3166977438,322399178,https://shopee.com.br/product/322399178/3166977438
23791635385,952014476,https://shopee.com.br/product/952014476/23791635385
22229018761,404743073,https://shopee.com.br/product/404743073/22229018761
19899369325,800925303,https://shopee.com.br/product/800925303/19899369325
23298825560,646888142,https://shopee.com.br/product/646888142/23298825560
43369273515,946161700,https://shopee.com.br/product/946161700/43369273515
23393258215,400124163,https://shopee.com.br/product/400124163/23393258215
9511603042,306878488,https://shopee.com.br/product/306878488/9511603042
3457547681,322399178,https://shopee.com.br/product/322399178/3457547681
13622356517,322399178,https://shopee.com.br/product/322399178/13622356517
52806020380,400124163,https://shopee.com.br/product/400124163/52806020380
22392823826,1137364730,https://shopee.com.br/product/1137364730/22392823826
22494245313,1040292502,https://shopee.com.br/product/1040292502/22494245313
20298510272,952014476,https://shopee.com.br/product/952014476/20298510272
58265506485,1533142164,https://shopee.com.br/product/1533142164/58265506485
16888862415,778935801,https://shopee.com.br/product/778935801/16888862415
23298099789,408999524,https://shopee.com.br/product/408999524/23298099789
15104213221,401374403,https://shopee.com.br/product/401374403/15104213221
18837360206,400124163,https://shopee.com.br/product/400124163/18837360206
22894027964,1372644554,https://shopee.com.br/product/1372644554/22894027964
25593492794,776725570,https://shopee.com.br/product/776725570/25593492794
44280305297,1165360419,https://shopee.com.br/product/1165360419/44280305297
7951652800,303439692,https://shopee.com.br/product/303439692/7951652800
40980490067,1165360419,https://shopee.com.br/product/1165360419/40980490067
40860657344,856641146,https://shopee.com.br/product/856641146/40860657344
18596930277,856641146,https://shopee.com.br/product/856641146/18596930277
8412144831,313968882,https://shopee.com.br/product/313968882/8412144831
23997183221,306878488,https://shopee.com.br/product/306878488/23997183221
23397844111,778935801,https://shopee.com.br/product/778935801/23397844111
58211880266,1516596857,https://shopee.com.br/product/1516596857/58211880266
22291007784,220800578,https://shopee.com.br/product/220800578/22291007784
22598900252,404743073,https://shopee.com.br/product/404743073/22598900252
23992341946,400124163,https://shopee.com.br/product/400124163/23992341946
14693075731,414508631,https://shopee.com.br/product/414508631/14693075731
22893820881,1423372949,https://shopee.com.br/product/1423372949/22893820881
20098601989,322399178,https://shopee.com.br/product/322399178/20098601989
23893080656,371036439,https://shopee.com.br/product/371036439/23893080656
25797927849,776725570,https://shopee.com.br/product/776725570/25797927849
22892384663,400124163,https://shopee.com.br/product/400124163/22892384663
50506003252,400124163,https://shopee.com.br/product/400124163/50506003252
21797517345,404743073,https://shopee.com.br/product/404743073/21797517345
3969719773,322399178,https://shopee.com.br/product/322399178/3969719773
7757250695,322399178,https://shopee.com.br/product/322399178/7757250695
24840729351,322399178,https://shopee.com.br/product/322399178/24840729351
29338313196,356143297,https://shopee.com.br/product/356143297/29338313196
12775695423,312820805,https://shopee.com.br/product/312820805/12775695423
3557351279,322399178,https://shopee.com.br/product/322399178/3557351279
56154787267,356143297,https://shopee.com.br/product/356143297/56154787267
4777540230,322399178,https://shopee.com.br/product/322399178/4777540230
22194032557,822103155,https://shopee.com.br/product/822103155/22194032557
23198791917,1474606866,https://shopee.com.br/product/1474606866/23198791917
20997661229,599271358,https://shopee.com.br/product/599271358/20997661229
20797684081,1226105437,https://shopee.com.br/product/1226105437/20797684081
22993067001,822103155,https://shopee.com.br/product/822103155/22993067001
20698951542,400124163,https://shopee.com.br/product/400124163/20698951542
46566603131,400124163,https://shopee.com.br/product/400124163/46566603131
56208964195,775496126,https://shopee.com.br/product/775496126/56208964195
44380155706,1248180593,https://shopee.com.br/product/1248180593/44380155706
22397379246,735707447,https://shopee.com.br/product/735707447/22397379246
22698061947,1064041628,https://shopee.com.br/product/1064041628/22698061947
23597551052,599271358,https://shopee.com.br/product/599271358/23597551052
46657657858,776725570,https://shopee.com.br/product/776725570/46657657858
22194474381,1583442620,https://shopee.com.br/product/1583442620/22194474381
22395008248,446413605,https://shopee.com.br/product/446413605/22395008248
18097928758,778935801,https://shopee.com.br/product/778935801/18097928758
18899600919,400124163,https://shopee.com.br/product/400124163/18899600919
44559962056,400124163,https://shopee.com.br/product/400124163/44559962056
14180594677,303439692,https://shopee.com.br/product/303439692/14180594677
21899335762,1050887704,https://shopee.com.br/product/1050887704/21899335762
44915092082,1165360419,https://shopee.com.br/product/1165360419/44915092082
19277583799,778935801,https://shopee.com.br/product/778935801/19277583799
58266095691,822103155,https://shopee.com.br/product/822103155/58266095691
23393051367,822103155,https://shopee.com.br/product/822103155/23393051367
16960372380,303439692,https://shopee.com.br/product/303439692/16960372380
41557213901,356143297,https://shopee.com.br/product/356143297/41557213901
5992105670,400124163,https://shopee.com.br/product/400124163/5992105670
17275232860,400124163,https://shopee.com.br/product/400124163/17275232860
23093265921,400124163,https://shopee.com.br/product/400124163/23093265921
44251861018,400124163,https://shopee.com.br/product/400124163/44251861018
51806020497,400124163,https://shopee.com.br/product/400124163/51806020497
22498798547,1081505086,https://shopee.com.br/product/1081505086/22498798547
44953304016,604489889,https://shopee.com.br/product/604489889/44953304016
6972522678,322399178,https://shopee.com.br/product/322399178/6972522678
8410078509,313968882,https://shopee.com.br/product/313968882/8410078509
17143350216,412482669,https://shopee.com.br/product/412482669/17143350216
7854966484,313968882,https://shopee.com.br/product/313968882/7854966484
23199360356,412968566,https://shopee.com.br/product/412968566/23199360356
22098255790,1366041969,https://shopee.com.br/product/1366041969/22098255790
51807632453,400124163,https://shopee.com.br/product/400124163/51807632453
22892391313,400124163,https://shopee.com.br/product/400124163/22892391313
48315442922,800925303,https://shopee.com.br/product/800925303/48315442922
15180586357,303439692,https://shopee.com.br/product/303439692/15180586357
18477242188,322399178,https://shopee.com.br/product/322399178/18477242188
9713348553,322399178,https://shopee.com.br/product/322399178/9713348553
22898413929,1510588915,https://shopee.com.br/product/1510588915/22898413929
21998267372,1466989517,https://shopee.com.br/product/1466989517/21998267372
55160917556,388236816,https://shopee.com.br/product/388236816/55160917556
57207569814,400124163,https://shopee.com.br/product/400124163/57207569814
20597805962,400124163,https://shopee.com.br/product/400124163/20597805962
17270308652,778935801,https://shopee.com.br/product/778935801/17270308652
22403248129,778935801,https://shopee.com.br/product/778935801/22403248129
23092657916,400124163,https://shopee.com.br/product/400124163/23092657916
20299378312,400124163,https://shopee.com.br/product/400124163/20299378312
12329216238,313968882,https://shopee.com.br/product/313968882/12329216238
51260747612,1248180593,https://shopee.com.br/product/1248180593/51260747612
22891770378,401374403,https://shopee.com.br/product/401374403/22891770378
22494381441,822103155,https://shopee.com.br/product/822103155/22494381441
48715834669,735707447,https://shopee.com.br/product/735707447/48715834669
8833214446,322399178,https://shopee.com.br/product/322399178/8833214446
23198301204,1423372949,https://shopee.com.br/product/1423372949/23198301204
58215394528,1533142164,https://shopee.com.br/product/1533142164/58215394528
58215383641,1533142164,https://shopee.com.br/product/1533142164/58215383641
22194571835,1466989517,https://shopee.com.br/product/1466989517/22194571835
19698586923,400124163,https://shopee.com.br/product/400124163/19698586923
18697373384,400124163,https://shopee.com.br/product/400124163/18697373384
22692577511,778935801,https://shopee.com.br/product/778935801/22692577511
41850637366,400124163,https://shopee.com.br/product/400124163/41850637366
46107718041,400124163,https://shopee.com.br/product/400124163/46107718041
14394533039,778935801,https://shopee.com.br/product/778935801/14394533039
20697224701,220800578,https://shopee.com.br/product/220800578/20697224701
22198183051,1414895408,https://shopee.com.br/product/1414895408/22198183051
23694648404,664195321,https://shopee.com.br/product/664195321/23694648404
21898282423,822103155,https://shopee.com.br/product/822103155/21898282423
22198170809,1088013647,https://shopee.com.br/product/1088013647/22198170809
20350045464,625420381,https://shopee.com.br/product/625420381/20350045464
23694458857,1466989517,https://shopee.com.br/product/1466989517/23694458857
11416524155,312820805,https://shopee.com.br/product/312820805/11416524155
20671550347,400124163,https://shopee.com.br/product/400124163/20671550347
18697368431,400124163,https://shopee.com.br/product/400124163/18697368431
8868470173,400124163,https://shopee.com.br/product/400124163/8868470173
50107580162,400124163,https://shopee.com.br/product/400124163/50107580162
47757601991,400124163,https://shopee.com.br/product/400124163/47757601991
20897611173,400124163,https://shopee.com.br/product/400124163/20897611173
20597808814,400124163,https://shopee.com.br/product/400124163/20597808814
22694377716,822103155,https://shopee.com.br/product/822103155/22694377716
22498878264,822103155,https://shopee.com.br/product/822103155/22498878264
58212008647,822103155,https://shopee.com.br/product/822103155/58212008647
22498878212,822103155,https://shopee.com.br/product/822103155/22498878212
58209461781,1676555072,https://shopee.com.br/product/1676555072/58209461781
21499550440,408999524,https://shopee.com.br/product/408999524/21499550440
23793051033,822103155,https://shopee.com.br/product/822103155/23793051033
23395504525,220800578,https://shopee.com.br/product/220800578/23395504525
23198750406,618731843,https://shopee.com.br/product/618731843/23198750406
40101450871,400124163,https://shopee.com.br/product/400124163/40101450871
18499616095,400124163,https://shopee.com.br/product/400124163/18499616095
17375682398,400124163,https://shopee.com.br/product/400124163/17375682398
54709762447,400124163,https://shopee.com.br/product/400124163/54709762447
18199895219,1466989517,https://shopee.com.br/product/1466989517/18199895219
58259500452,822103155,https://shopee.com.br/product/822103155/58259500452
23899034373,1561901020,https://shopee.com.br/product/1561901020/23899034373
58210157105,353832716,https://shopee.com.br/product/353832716/58210157105
8338206470,303439692,https://shopee.com.br/product/303439692/8338206470
58261153199,446413605,https://shopee.com.br/product/446413605/58261153199
22095205633,1835790319,https://shopee.com.br/product/1835790319/22095205633
18248638332,625420381,https://shopee.com.br/product/625420381/18248638332
57355021764,776725570,https://shopee.com.br/product/776725570/57355021764
23021077908,322399178,https://shopee.com.br/product/322399178/23021077908
58265132389,1220316212,https://shopee.com.br/product/1220316212/58265132389
8107992587,303439692,https://shopee.com.br/product/303439692/8107992587
46714073313,1248180593,https://shopee.com.br/product/1248180593/46714073313
56765909791,1382606196,https://shopee.com.br/product/1382606196/56765909791
25498153164,1248180593,https://shopee.com.br/product/1248180593/25498153164
22735171447,220800578,https://shopee.com.br/product/220800578/22735171447
22897188833,306878488,https://shopee.com.br/product/306878488/22897188833
9859110764,429425876,https://shopee.com.br/product/429425876/9859110764
41301844465,869809385,https://shopee.com.br/product/869809385/41301844465
20697625771,1177369665,https://shopee.com.br/product/1177369665/20697625771
22397477757,855489892,https://shopee.com.br/product/855489892/22397477757
10764761957,489001115,https://shopee.com.br/product/489001115/10764761957
20998963780,709990445,https://shopee.com.br/product/709990445/20998963780
23994441946,608615567,https://shopee.com.br/product/608615567/23994441946
18799599215,984366979,https://shopee.com.br/product/984366979/18799599215
22398777215,984366979,https://shopee.com.br/product/984366979/22398777215
20298929435,1064710210,https://shopee.com.br/product/1064710210/20298929435
19799247629,855489892,https://shopee.com.br/product/855489892/19799247629
21374703234,674110767,https://shopee.com.br/product/674110767/21374703234
22393849742,638399297,https://shopee.com.br/product/638399297/22393849742
54404529869,735707447,https://shopee.com.br/product/735707447/54404529869
18377592711,306698991,https://shopee.com.br/product/306698991/18377592711
23336702882,306698991,https://shopee.com.br/product/306698991/23336702882
21499855344,1430737023,https://shopee.com.br/product/1430737023/21499855344
8803900428,306698991,https://shopee.com.br/product/306698991/8803900428
23736702711,306698991,https://shopee.com.br/product/306698991/23736702711
22198437062,791969908,https://shopee.com.br/product/791969908/22198437062
10627363985,306698991,https://shopee.com.br/product/306698991/10627363985
56464359772,869809385,https://shopee.com.br/product/869809385/56464359772
58252365040,608615567,https://shopee.com.br/product/608615567/58252365040
22891746303,296114884,https://shopee.com.br/product/296114884/22891746303
22736706418,306698991,https://shopee.com.br/product/306698991/22736706418
20996923410,988566789,https://shopee.com.br/product/988566789/20996923410
57906118889,601021305,https://shopee.com.br/product/601021305/57906118889
21599202086,356560587,https://shopee.com.br/product/356560587/21599202086
55052094483,340096629,https://shopee.com.br/product/340096629/55052094483
18999675250,450664666,https://shopee.com.br/product/450664666/18999675250
22296268283,944577712,https://shopee.com.br/product/944577712/22296268283
58252370394,608615567,https://shopee.com.br/product/608615567/58252370394
18699460008,965617276,https://shopee.com.br/product/965617276/18699460008
23999182528,608615567,https://shopee.com.br/product/608615567/23999182528
18697751233,412527932,https://shopee.com.br/product/412527932/18697751233
11413995002,306698991,https://shopee.com.br/product/306698991/11413995002
56355505426,869809385,https://shopee.com.br/product/869809385/56355505426
15427156397,638399297,https://shopee.com.br/product/638399297/15427156397
53615890265,869809385,https://shopee.com.br/product/869809385/53615890265
22893500291,939446263,https://shopee.com.br/product/939446263/22893500291
23393557099,674110767,https://shopee.com.br/product/674110767/23393557099
58255055380,608615567,https://shopee.com.br/product/608615567/58255055380
22992858468,1177369665,https://shopee.com.br/product/1177369665/22992858468
11786008391,306698991,https://shopee.com.br/product/306698991/11786008391
56012328265,608615567,https://shopee.com.br/product/608615567/56012328265
22592787437,357239640,https://shopee.com.br/product/357239640/22592787437
23492852685,408128510,https://shopee.com.br/product/408128510/23492852685
16889437690,290073877,https://shopee.com.br/product/290073877/16889437690
23294335036,608615567,https://shopee.com.br/product/608615567/23294335036
58201688884,608615567,https://shopee.com.br/product/608615567/58201688884
22698707396,984366979,https://shopee.com.br/product/984366979/22698707396
21798967958,902146556,https://shopee.com.br/product/902146556/21798967958
23393116285,1287093777,https://shopee.com.br/product/1287093777/23393116285
17922689937,303439692,https://shopee.com.br/product/303439692/17922689937
40551587993,735707447,https://shopee.com.br/product/735707447/40551587993
9813789556,306698991,https://shopee.com.br/product/306698991/9813789556
20897971418,939446263,https://shopee.com.br/product/939446263/20897971418
58259920944,822103155,https://shopee.com.br/product/822103155/58259920944
20897514472,388236816,https://shopee.com.br/product/388236816/20897514472
17837712362,408128510,https://shopee.com.br/product/408128510/17837712362
15963886749,303439692,https://shopee.com.br/product/303439692/15963886749
23608652275,357239640,https://shopee.com.br/product/357239640/23608652275
58203830036,608615567,https://shopee.com.br/product/608615567/58203830036
23197908740,306698991,https://shopee.com.br/product/306698991/23197908740
12667806418,489001115,https://shopee.com.br/product/489001115/12667806418
23693222662,1096487236,https://shopee.com.br/product/1096487236/23693222662
45800271972,450664666,https://shopee.com.br/product/450664666/45800271972
18450040192,327632351,https://shopee.com.br/product/327632351/18450040192
23298101357,984366979,https://shopee.com.br/product/984366979/23298101357
48714515188,791969908,https://shopee.com.br/product/791969908/48714515188
46361340183,735707447,https://shopee.com.br/product/735707447/46361340183
18497984408,489001115,https://shopee.com.br/product/489001115/18497984408
55506550936,735707447,https://shopee.com.br/product/735707447/55506550936
19299895482,984366979,https://shopee.com.br/product/984366979/19299895482
11421820318,397583038,https://shopee.com.br/product/397583038/11421820318
23097996900,464043565,https://shopee.com.br/product/464043565/23097996900
23494667300,1577891436,https://shopee.com.br/product/1577891436/23494667300
10581800077,489001115,https://shopee.com.br/product/489001115/10581800077
22994336528,608615567,https://shopee.com.br/product/608615567/22994336528
23994648889,333540705,https://shopee.com.br/product/333540705/23994648889
22494310756,608615567,https://shopee.com.br/product/608615567/22494310756
22136012701,942805673,https://shopee.com.br/product/942805673/22136012701
23494346163,450664666,https://shopee.com.br/product/450664666/23494346163
23093653972,1177369665,https://shopee.com.br/product/1177369665/23093653972
22098015554,427153374,https://shopee.com.br/product/427153374/22098015554
16538475961,674110767,https://shopee.com.br/product/674110767/16538475961
22293015019,822103155,https://shopee.com.br/product/822103155/22293015019
23193556286,965617276,https://shopee.com.br/product/965617276/23193556286
58252316751,608615567,https://shopee.com.br/product/608615567/58252316751
23295578579,290073877,https://shopee.com.br/product/290073877/23295578579
23198790235,1474606866,https://shopee.com.br/product/1474606866/23198790235
19797299837,902146556,https://shopee.com.br/product/902146556/19797299837
23398343262,489001115,https://shopee.com.br/product/489001115/23398343262
19499076540,1096487236,https://shopee.com.br/product/1096487236/19499076540
48358582149,357239640,https://shopee.com.br/product/357239640/48358582149
20710543928,290073877,https://shopee.com.br/product/290073877/20710543928
4269626727,306698991,https://shopee.com.br/product/306698991/4269626727
23593839076,290073877,https://shopee.com.br/product/290073877/23593839076
48158574322,1423372949,https://shopee.com.br/product/1423372949/48158574322
58257830473,489001115,https://shopee.com.br/product/489001115/58257830473
18197667303,306698991,https://shopee.com.br/product/306698991/18197667303
18299590963,489001115,https://shopee.com.br/product/489001115/18299590963
19320315816,306698991,https://shopee.com.br/product/306698991/19320315816
18098201098,380456261,https://shopee.com.br/product/380456261/18098201098
23599657508,1430000636,https://shopee.com.br/product/1430000636/23599657508
58204726774,608615567,https://shopee.com.br/product/608615567/58204726774
18399303516,674110767,https://shopee.com.br/product/674110767/18399303516
19599545530,464043565,https://shopee.com.br/product/464043565/19599545530
22492851425,1177369665,https://shopee.com.br/product/1177369665/22492851425
22693849026,290073877,https://shopee.com.br/product/290073877/22693849026
21178242005,942805673,https://shopee.com.br/product/942805673/21178242005
10526575976,303439692,https://shopee.com.br/product/303439692/10526575976
26282571680,674110767,https://shopee.com.br/product/674110767/26282571680
23597996207,489001115,https://shopee.com.br/product/489001115/23597996207
21169392555,357239640,https://shopee.com.br/product/357239640/21169392555
58263957778,389803646,https://shopee.com.br/product/389803646/58263957778
8094650454,303439692,https://shopee.com.br/product/303439692/8094650454
22092853216,1177369665,https://shopee.com.br/product/1177369665/22092853216
18699322978,412527932,https://shopee.com.br/product/412527932/18699322978
18497993685,674110767,https://shopee.com.br/product/674110767/18497993685
20977571294,290073877,https://shopee.com.br/product/290073877/20977571294
53758448658,1232299933,https://shopee.com.br/product/1232299933/53758448658
58214829757,1655406395,https://shopee.com.br/product/1655406395/58214829757
11548770647,357239640,https://shopee.com.br/product/357239640/11548770647
57064369189,608615567,https://shopee.com.br/product/608615567/57064369189
5469618280,306698991,https://shopee.com.br/product/306698991/5469618280
12477408081,360012700,https://shopee.com.br/product/360012700/12477408081
45156563150,735707447,https://shopee.com.br/product/735707447/45156563150
58201771745,608615567,https://shopee.com.br/product/608615567/58201771745
23093001488,290073877,https://shopee.com.br/product/290073877/23093001488
23597365854,674110767,https://shopee.com.br/product/674110767/23597365854
23898018194,965617276,https://shopee.com.br/product/965617276/23898018194
22397164995,408128510,https://shopee.com.br/product/408128510/22397164995
14940239525,306698991,https://shopee.com.br/product/306698991/14940239525
23139588615,805449066,https://shopee.com.br/product/805449066/23139588615
20677571927,397583038,https://shopee.com.br/product/397583038/20677571927
22594464387,1577891436,https://shopee.com.br/product/1577891436/22594464387
58254352037,412527932,https://shopee.com.br/product/412527932/58254352037
22597305702,356560587,https://shopee.com.br/product/356560587/22597305702
24144910527,360012700,https://shopee.com.br/product/360012700/24144910527
22897544530,356560587,https://shopee.com.br/product/356560587/22897544530
21077580756,397583038,https://shopee.com.br/product/397583038/21077580756
23893225118,1229255557,https://shopee.com.br/product/1229255557/23893225118
47556035352,951290141,https://shopee.com.br/product/951290141/47556035352
14948919130,408128510,https://shopee.com.br/product/408128510/14948919130
27280842584,406223656,https://shopee.com.br/product/406223656/27280842584
58265742134,1737987690,https://shopee.com.br/product/1737987690/58265742134
40476175986,735707447,https://shopee.com.br/product/735707447/40476175986
23393685588,965617276,https://shopee.com.br/product/965617276/23393685588
15906428099,357239640,https://shopee.com.br/product/357239640/15906428099
12295007443,408128510,https://shopee.com.br/product/408128510/12295007443
18197155446,944577712,https://shopee.com.br/product/944577712/18197155446
23897409711,306698991,https://shopee.com.br/product/306698991/23897409711
22197353773,380456261,https://shopee.com.br/product/380456261/22197353773
19399570823,335244857,https://shopee.com.br/product/335244857/19399570823
23998541624,290073877,https://shopee.com.br/product/290073877/23998541624
58259900710,965617276,https://shopee.com.br/product/965617276/58259900710
58257019584,1045085918,https://shopee.com.br/product/1045085918/58257019584
48611215674,402450553,https://shopee.com.br/product/402450553/48611215674
22194565214,1630032069,https://shopee.com.br/product/1630032069/22194565214
18197222098,408128510,https://shopee.com.br/product/408128510/18197222098
22893500302,939446263,https://shopee.com.br/product/939446263/22893500302
14628479316,360012700,https://shopee.com.br/product/360012700/14628479316
45016424773,290073877,https://shopee.com.br/product/290073877/45016424773
22198063953,406223656,https://shopee.com.br/product/406223656/22198063953
22497996884,939446263,https://shopee.com.br/product/939446263/22497996884
52814490792,306698991,https://shopee.com.br/product/306698991/52814490792
18697517631,388236816,https://shopee.com.br/product/388236816/18697517631
19699379845,735707447,https://shopee.com.br/product/735707447/19699379845
52907764257,735707447,https://shopee.com.br/product/735707447/52907764257
23294549113,972424499,https://shopee.com.br/product/972424499/23294549113
18399301273,412527932,https://shopee.com.br/product/412527932/18399301273
23793103096,412527932,https://shopee.com.br/product/412527932/23793103096
58156650992,735707447,https://shopee.com.br/product/735707447/58156650992
23095646116,945531325,https://shopee.com.br/product/945531325/23095646116
23393858108,296114884,https://shopee.com.br/product/296114884/23393858108
23293973980,290073877,https://shopee.com.br/product/290073877/23293973980
23993808260,389803646,https://shopee.com.br/product/389803646/23993808260
23220781042,408128510,https://shopee.com.br/product/408128510/23220781042
44129196089,1490055656,https://shopee.com.br/product/1490055656/44129196089
22397592795,306698991,https://shopee.com.br/product/306698991/22397592795
20397748084,412527932,https://shopee.com.br/product/412527932/20397748084
23694528437,979559296,https://shopee.com.br/product/979559296/23694528437
14496245446,408128510,https://shopee.com.br/product/408128510/14496245446
23993108120,412527932,https://shopee.com.br/product/412527932/23993108120
52056548311,735707447,https://shopee.com.br/product/735707447/52056548311
3588602895,397583038,https://shopee.com.br/product/397583038/3588602895
21155019311,290073877,https://shopee.com.br/product/290073877/21155019311
53557624707,735707447,https://shopee.com.br/product/735707447/53557624707
17127772802,442506479,https://shopee.com.br/product/442506479/17127772802
20897266038,816806234,https://shopee.com.br/product/816806234/20897266038
19897748169,412527932,https://shopee.com.br/product/412527932/19897748169
18097816498,357239640,https://shopee.com.br/product/357239640/18097816498
18899599390,965617276,https://shopee.com.br/product/965617276/18899599390
21799544463,489001115,https://shopee.com.br/product/489001115/21799544463
51356494116,735707447,https://shopee.com.br/product/735707447/51356494116
20997266030,816806234,https://shopee.com.br/product/816806234/20997266030
55210563145,445163047,https://shopee.com.br/product/445163047/55210563145
54954045645,735707447,https://shopee.com.br/product/735707447/54954045645
23899406056,608615567,https://shopee.com.br/product/608615567/23899406056
23893382216,988566789,https://shopee.com.br/product/988566789/23893382216
23899002112,389803646,https://shopee.com.br/product/389803646/23899002112
58114075411,735707447,https://shopee.com.br/product/735707447/58114075411
47908526740,735707447,https://shopee.com.br/product/735707447/47908526740
19699903121,442506479,https://shopee.com.br/product/442506479/19699903121
40761771991,306698991,https://shopee.com.br/product/306698991/40761771991
20197727160,988566789,https://shopee.com.br/product/988566789/20197727160
23392644745,942805673,https://shopee.com.br/product/942805673/23392644745
23693922479,1363787561,https://shopee.com.br/product/1363787561/23693922479
48510194604,735707447,https://shopee.com.br/product/735707447/48510194604
23498656005,638399297,https://shopee.com.br/product/638399297/23498656005
22998644242,389803646,https://shopee.com.br/product/389803646/22998644242
23093500471,939446263,https://shopee.com.br/product/939446263/23093500471
53106651773,735707447,https://shopee.com.br/product/735707447/53106651773
23092442791,290073877,https://shopee.com.br/product/290073877/23092442791
21866907780,357239640,https://shopee.com.br/product/357239640/21866907780
19199322153,412527932,https://shopee.com.br/product/412527932/19199322153
48909772585,735707447,https://shopee.com.br/product/735707447/48909772585
44372794193,397583038,https://shopee.com.br/product/397583038/44372794193
58260404370,489001115,https://shopee.com.br/product/489001115/58260404370
19197752433,489001115,https://shopee.com.br/product/489001115/19197752433
26434798200,335244857,https://shopee.com.br/product/335244857/26434798200
58200515830,1046598875,https://shopee.com.br/product/1046598875/58200515830
22891059293,306698991,https://shopee.com.br/product/306698991/22891059293
9483686570,397583038,https://shopee.com.br/product/397583038/9483686570
52664553790,608615567,https://shopee.com.br/product/608615567/52664553790
57514116903,608615567,https://shopee.com.br/product/608615567/57514116903
16218737248,674110767,https://shopee.com.br/product/674110767/16218737248
17793816662,397583038,https://shopee.com.br/product/397583038/17793816662
22193694689,389803646,https://shopee.com.br/product/389803646/22193694689
22897996725,939446263,https://shopee.com.br/product/939446263/22897996725
22693533228,965617276,https://shopee.com.br/product/965617276/22693533228
51910563191,445163047,https://shopee.com.br/product/445163047/51910563191
22398019555,306698991,https://shopee.com.br/product/306698991/22398019555
19097749667,412527932,https://shopee.com.br/product/412527932/19097749667
19497799353,735707447,https://shopee.com.br/product/735707447/19497799353
51000302682,674110767,https://shopee.com.br/product/674110767/51000302682
20897979452,965617276,https://shopee.com.br/product/965617276/20897979452
58204371804,608615567,https://shopee.com.br/product/608615567/58204371804
23297626417,1177369665,https://shopee.com.br/product/1177369665/23297626417
28282580952,674110767,https://shopee.com.br/product/674110767/28282580952
58200706663,1096473040,https://shopee.com.br/product/1096473040/58200706663
26682590516,674110767,https://shopee.com.br/product/674110767/26682590516
22394157394,389803646,https://shopee.com.br/product/389803646/22394157394
19697625874,1177369665,https://shopee.com.br/product/1177369665/19697625874
54762826276,445163047,https://shopee.com.br/product/445163047/54762826276
46604585784,735707447,https://shopee.com.br/product/735707447/46604585784
19097749683,412527932,https://shopee.com.br/product/412527932/19097749683
50300555119,1177369665,https://shopee.com.br/product/1177369665/50300555119
11065470641,489001115,https://shopee.com.br/product/489001115/11065470641
54662617767,1328278916,https://shopee.com.br/product/1328278916/54662617767
23298806113,464043565,https://shopee.com.br/product/464043565/23298806113
22093585709,942805673,https://shopee.com.br/product/942805673/22093585709
23793486151,1177369665,https://shopee.com.br/product/1177369665/23793486151
48310583104,735707447,https://shopee.com.br/product/735707447/48310583104
23997299574,380456261,https://shopee.com.br/product/380456261/23997299574
23897117889,388236816,https://shopee.com.br/product/388236816/23897117889
45957827643,735707447,https://shopee.com.br/product/735707447/45957827643
20999894151,608615567,https://shopee.com.br/product/608615567/20999894151
16781393341,356143297,https://shopee.com.br/product/356143297/16781393341
22792853041,1177369665,https://shopee.com.br/product/1177369665/22792853041
14847707431,397583038,https://shopee.com.br/product/397583038/14847707431
21998310456,1229255557,https://shopee.com.br/product/1229255557/21998310456
21366443009,357239640,https://shopee.com.br/product/357239640/21366443009
58213188136,446413605,https://shopee.com.br/product/446413605/58213188136
22597145749,388236816,https://shopee.com.br/product/388236816/22597145749
22392365214,388236816,https://shopee.com.br/product/388236816/22392365214
2961742130,442555366,https://shopee.com.br/product/442555366/2961742130
22393665713,389803646,https://shopee.com.br/product/389803646/22393665713
23292940689,1177369665,https://shopee.com.br/product/1177369665/23292940689
26387493318,340096629,https://shopee.com.br/product/340096629/26387493318
58258969825,333540705,https://shopee.com.br/product/333540705/58258969825
23093497701,939446263,https://shopee.com.br/product/939446263/23093497701
23495760614,805449066,https://shopee.com.br/product/805449066/23495760614
58264682032,1687489154,https://shopee.com.br/product/1687489154/58264682032
27132581204,674110767,https://shopee.com.br/product/674110767/27132581204
58200174671,333540705,https://shopee.com.br/product/333540705/58200174671
23004469342,848951954,https://shopee.com.br/product/848951954/23004469342
58263748686,1027399414,https://shopee.com.br/product/1027399414/58263748686
9197042986,357239640,https://shopee.com.br/product/357239640/9197042986
19097975182,442555366,https://shopee.com.br/product/442555366/19097975182
23297773776,442555366,https://shopee.com.br/product/442555366/23297773776
42127089311,674110767,https://shopee.com.br/product/674110767/42127089311
20999673386,445163047,https://shopee.com.br/product/445163047/20999673386
18667164925,357239640,https://shopee.com.br/product/357239640/18667164925
23492958166,408128510,https://shopee.com.br/product/408128510/23492958166
19999650548,848951954,https://shopee.com.br/product/848951954/19999650548
23294434555,1096473040,https://shopee.com.br/product/1096473040/23294434555
19497998297,335244857,https://shopee.com.br/product/335244857/19497998297
23297725655,735707447,https://shopee.com.br/product/735707447/23297725655
22692848230,1177369665,https://shopee.com.br/product/1177369665/22692848230
54306534237,735707447,https://shopee.com.br/product/735707447/54306534237
19997518803,408128510,https://shopee.com.br/product/408128510/19997518803
58216088458,1036817611,https://shopee.com.br/product/1036817611/58216088458
45404059866,735707447,https://shopee.com.br/product/735707447/45404059866
23393557895,942805673,https://shopee.com.br/product/942805673/23393557895
54664544643,306698991,https://shopee.com.br/product/306698991/54664544643
23209203812,357239640,https://shopee.com.br/product/357239640/23209203812
26580430906,335244857,https://shopee.com.br/product/335244857/26580430906
20999198795,272868574,https://shopee.com.br/product/272868574/20999198795
57061543120,306698991,https://shopee.com.br/product/306698991/57061543120
22497419694,306698991,https://shopee.com.br/product/306698991/22497419694
20099089065,388236816,https://shopee.com.br/product/388236816/20099089065
22793563430,984366979,https://shopee.com.br/product/984366979/22793563430
6169615702,306698991,https://shopee.com.br/product/306698991/6169615702
19799665066,848951954,https://shopee.com.br/product/848951954/19799665066
23192849774,1177369665,https://shopee.com.br/product/1177369665/23192849774
22497414610,306698991,https://shopee.com.br/product/306698991/22497414610
23698562876,1490055656,https://shopee.com.br/product/1490055656/23698562876
58250745201,1577891436,https://shopee.com.br/product/1577891436/58250745201
40271091758,942805673,https://shopee.com.br/product/942805673/40271091758
22998161462,939446263,https://shopee.com.br/product/939446263/22998161462
22097758725,442555366,https://shopee.com.br/product/442555366/22097758725
42578243472,735707447,https://shopee.com.br/product/735707447/42578243472
52857463579,674110767,https://shopee.com.br/product/674110767/52857463579
9262371077,397583038,https://shopee.com.br/product/397583038/9262371077
21098526952,805449066,https://shopee.com.br/product/805449066/21098526952
22397913814,306698991,https://shopee.com.br/product/306698991/22397913814
22198339037,1425275679,https://shopee.com.br/product/1425275679/22198339037
41961207372,735707447,https://shopee.com.br/product/735707447/41961207372
22138323553,942805673,https://shopee.com.br/product/942805673/22138323553
9113789702,306698991,https://shopee.com.br/product/306698991/9113789702
22294355164,464043565,https://shopee.com.br/product/464043565/22294355164
43282857340,608615567,https://shopee.com.br/product/608615567/43282857340
23297691048,1177369665,https://shopee.com.br/product/1177369665/23297691048
10351521628,524728336,https://shopee.com.br/product/524728336/10351521628
22098061236,965617276,https://shopee.com.br/product/965617276/22098061236
23997137206,506112052,https://shopee.com.br/product/506112052/23997137206
29445126816,1177369665,https://shopee.com.br/product/1177369665/29445126816
22693980317,1442717886,https://shopee.com.br/product/1442717886/22693980317
17407369593,360012700,https://shopee.com.br/product/360012700/17407369593
51956343644,445163047,https://shopee.com.br/product/445163047/51956343644
18097687878,306698991,https://shopee.com.br/product/306698991/18097687878
17277022357,306698991,https://shopee.com.br/product/306698991/17277022357
28730072899,674110767,https://shopee.com.br/product/674110767/28730072899
23998363892,902146556,https://shopee.com.br/product/902146556/23998363892
20297968718,442555366,https://shopee.com.br/product/442555366/20297968718
22097758592,442555366,https://shopee.com.br/product/442555366/22097758592
20897795427,290073877,https://shopee.com.br/product/290073877/20897795427
23493979102,1442717886,https://shopee.com.br/product/1442717886/23493979102
21498186501,290073877,https://shopee.com.br/product/290073877/21498186501
48060464608,388236816,https://shopee.com.br/product/388236816/48060464608
23898038971,1177369665,https://shopee.com.br/product/1177369665/23898038971
23798147574,389803646,https://shopee.com.br/product/389803646/23798147574
22493418446,944577712,https://shopee.com.br/product/944577712/22493418446
22597305765,356560587,https://shopee.com.br/product/356560587/22597305765
40273558502,674110767,https://shopee.com.br/product/674110767/40273558502
22398538781,1190424233,https://shopee.com.br/product/1190424233/22398538781
40850776755,397583038,https://shopee.com.br/product/397583038/40850776755
58201597628,508863704,https://shopee.com.br/product/508863704/58201597628
23892607726,306698991,https://shopee.com.br/product/306698991/23892607726
23493474044,939446263,https://shopee.com.br/product/939446263/23493474044
23099144342,1577891436,https://shopee.com.br/product/1577891436/23099144342
58202765644,389803646,https://shopee.com.br/product/389803646/58202765644
23414917122,408128510,https://shopee.com.br/product/408128510/23414917122
23797712113,1096473040,https://shopee.com.br/product/1096473040/23797712113
58211410245,446413605,https://shopee.com.br/product/446413605/58211410245
23993108122,412527932,https://shopee.com.br/product/412527932/23993108122
23093722941,442506479,https://shopee.com.br/product/442506479/23093722941
23199150478,1490055656,https://shopee.com.br/product/1490055656/23199150478
23198009875,306698991,https://shopee.com.br/product/306698991/23198009875
49667712021,735707447,https://shopee.com.br/product/735707447/49667712021
40504899661,735707447,https://shopee.com.br/product/735707447/40504899661
53560510494,1530270722,https://shopee.com.br/product/1530270722/53560510494
8084645006,442555366,https://shopee.com.br/product/442555366/8084645006
22398224359,442506479,https://shopee.com.br/product/442506479/22398224359
58209078851,1541325700,https://shopee.com.br/product/1541325700/58209078851
20899594740,805449066,https://shopee.com.br/product/805449066/20899594740
15589939654,442506479,https://shopee.com.br/product/442506479/15589939654
22398809751,939446263,https://shopee.com.br/product/939446263/22398809751
27989875865,290073877,https://shopee.com.br/product/290073877/27989875865
21699562919,1177369665,https://shopee.com.br/product/1177369665/21699562919
23192650109,942805673,https://shopee.com.br/product/942805673/23192650109
51216677668,349667948,https://shopee.com.br/product/349667948/51216677668
21244211782,306698991,https://shopee.com.br/product/306698991/21244211782
23297729909,735707447,https://shopee.com.br/product/735707447/23297729909
22293979436,1220384367,https://shopee.com.br/product/1220384367/22293979436
58257235495,1541325700,https://shopee.com.br/product/1541325700/58257235495
23992913172,306698991,https://shopee.com.br/product/306698991/23992913172
26189627469,942805673,https://shopee.com.br/product/942805673/26189627469
46605138012,735707447,https://shopee.com.br/product/735707447/46605138012
49356469476,939446263,https://shopee.com.br/product/939446263/49356469476
23499132512,489001115,https://shopee.com.br/product/489001115/23499132512
27882590711,674110767,https://shopee.com.br/product/674110767/27882590711
23492873030,735707447,https://shopee.com.br/product/735707447/23492873030
44152827545,397583038,https://shopee.com.br/product/397583038/44152827545
13244385235,360012700,https://shopee.com.br/product/360012700/13244385235
22798006003,489001115,https://shopee.com.br/product/489001115/22798006003
23897734566,442555366,https://shopee.com.br/product/442555366/23897734566
20097788487,442555366,https://shopee.com.br/product/442555366/20097788487
22993051757,902146556,https://shopee.com.br/product/902146556/22993051757
23197126012,388236816,https://shopee.com.br/product/388236816/23197126012
22598961081,1577891436,https://shopee.com.br/product/1577891436/22598961081
22494885184,1558905959,https://shopee.com.br/product/1558905959/22494885184
21999850214,1237026799,https://shopee.com.br/product/1237026799/21999850214
58250249148,489001115,https://shopee.com.br/product/489001115/58250249148
23794517208,1363787561,https://shopee.com.br/product/1363787561/23794517208
19897984888,357239640,https://shopee.com.br/product/357239640/19897984888
58257460854,442555366,https://shopee.com.br/product/442555366/58257460854
22893219806,333540705,https://shopee.com.br/product/333540705/22893219806
23198054706,1287093777,https://shopee.com.br/product/1287093777/23198054706
58202525453,1542191405,https://shopee.com.br/product/1542191405/58202525453
23097997197,939446263,https://shopee.com.br/product/939446263/23097997197
21599760579,1490055656,https://shopee.com.br/product/1490055656/21599760579
18497989393,1177369665,https://shopee.com.br/product/1177369665/18497989393
18566440483,357239640,https://shopee.com.br/product/357239640/18566440483
23393677081,965617276,https://shopee.com.br/product/965617276/23393677081
23498569058,349667948,https://shopee.com.br/product/349667948/23498569058
22498850334,349667948,https://shopee.com.br/product/349667948/22498850334
22498326893,844004880,https://shopee.com.br/product/844004880/22498326893
44902493280,335244857,https://shopee.com.br/product/335244857/44902493280
44274973458,445163047,https://shopee.com.br/product/445163047/44274973458
41929206531,1177369665,https://shopee.com.br/product/1177369665/41929206531
23897734524,442555366,https://shopee.com.br/product/442555366/23897734524
28582581996,674110767,https://shopee.com.br/product/674110767/28582581996
22893173577,674110767,https://shopee.com.br/product/674110767/22893173577
23492683415,408128510,https://shopee.com.br/product/408128510/23492683415
23391972556,408128510,https://shopee.com.br/product/408128510/23391972556
19860986105,296114884,https://shopee.com.br/product/296114884/19860986105
58206910507,1558905959,https://shopee.com.br/product/1558905959/58206910507
52808895347,939446263,https://shopee.com.br/product/939446263/52808895347
58264650700,1674300605,https://shopee.com.br/product/1674300605/58264650700
22193071770,1177369665,https://shopee.com.br/product/1177369665/22193071770
22891320849,400124163,https://shopee.com.br/product/400124163/22891320849
58258155531,1096473040,https://shopee.com.br/product/1096473040/58258155531
58209236674,412527932,https://shopee.com.br/product/412527932/58209236674
54167632484,735707447,https://shopee.com.br/product/735707447/54167632484
22094650808,1490055656,https://shopee.com.br/product/1490055656/22094650808
19098532784,805449066,https://shopee.com.br/product/805449066/19098532784
20597640981,272868574,https://shopee.com.br/product/272868574/20597640981
21398029335,805449066,https://shopee.com.br/product/805449066/21398029335
23398051422,333540705,https://shopee.com.br/product/333540705/23398051422
11603976871,442555366,https://shopee.com.br/product/442555366/11603976871
21277570287,290073877,https://shopee.com.br/product/290073877/21277570287
19599380579,442555366,https://shopee.com.br/product/442555366/19599380579
23294444375,1096473040,https://shopee.com.br/product/1096473040/23294444375
58250490108,1577891436,https://shopee.com.br/product/1577891436/58250490108
18497729522,412527932,https://shopee.com.br/product/412527932/18497729522
23193231796,290073877,https://shopee.com.br/product/290073877/23193231796
23798832951,1552175911,https://shopee.com.br/product/1552175911/23798832951
58208822148,333540705,https://shopee.com.br/product/333540705/58208822148
23392651765,380456261,https://shopee.com.br/product/380456261/23392651765
23397140622,883378970,https://shopee.com.br/product/883378970/23397140622
16731208660,674110767,https://shopee.com.br/product/674110767/16731208660
22393535386,1177369665,https://shopee.com.br/product/1177369665/22393535386
19197626175,1177369665,https://shopee.com.br/product/1177369665/19197626175
22997653108,272868574,https://shopee.com.br/product/272868574/22997653108
23398123219,272868574,https://shopee.com.br/product/272868574/23398123219
41827715332,735707447,https://shopee.com.br/product/735707447/41827715332
23093649588,1096473040,https://shopee.com.br/product/1096473040/23093649588
22193231648,988566789,https://shopee.com.br/product/988566789/22193231648
23897134643,288347041,https://shopee.com.br/product/288347041/23897134643
58252040873,1096473040,https://shopee.com.br/product/1096473040/58252040873
58204780440,608615567,https://shopee.com.br/product/608615567/58204780440
22298952495,1229255557,https://shopee.com.br/product/1229255557/22298952495
22194449260,412527932,https://shopee.com.br/product/412527932/22194449260
23298054471,942805673,https://shopee.com.br/product/942805673/23298054471
46062760977,674110767,https://shopee.com.br/product/674110767/46062760977
17384820275,306698991,https://shopee.com.br/product/306698991/17384820275
58209443570,1676555161,https://shopee.com.br/product/1676555161/58209443570
54500708359,445163047,https://shopee.com.br/product/445163047/54500708359
58207308520,389803646,https://shopee.com.br/product/389803646/58207308520
22798541615,1177369665,https://shopee.com.br/product/1177369665/22798541615
22594708587,1552162152,https://shopee.com.br/product/1552162152/22594708587
20698268399,1442717886,https://shopee.com.br/product/1442717886/20698268399
23097348723,1177369665,https://shopee.com.br/product/1177369665/23097348723
26344283995,735707447,https://shopee.com.br/product/735707447/26344283995
23593557405,1177369665,https://shopee.com.br/product/1177369665/23593557405
41673689265,674110767,https://shopee.com.br/product/674110767/41673689265
23495150080,389803646,https://shopee.com.br/product/389803646/23495150080
23393179660,272868574,https://shopee.com.br/product/272868574/23393179660
21097515763,883378970,https://shopee.com.br/product/883378970/21097515763
22822282929,794835204,https://shopee.com.br/product/794835204/22822282929
19097795554,1096473040,https://shopee.com.br/product/1096473040/19097795554
22793188375,1096473040,https://shopee.com.br/product/1096473040/22793188375
23198847009,1096473040,https://shopee.com.br/product/1096473040/23198847009
46255766266,408128510,https://shopee.com.br/product/408128510/46255766266
4191922385,442555366,https://shopee.com.br/product/442555366/4191922385
8215882333,380456261,https://shopee.com.br/product/380456261/8215882333
20399384704,442555366,https://shopee.com.br/product/442555366/20399384704
22094573170,664195321,https://shopee.com.br/product/664195321/22094573170
23209214727,357239640,https://shopee.com.br/product/357239640/23209214727
18399205459,1177369665,https://shopee.com.br/product/1177369665/18399205459
27795197118,445163047,https://shopee.com.br/product/445163047/27795197118
6278094104,278256920,https://shopee.com.br/product/278256920/6278094104
22794948081,1096473040,https://shopee.com.br/product/1096473040/22794948081
25098006365,709990445,https://shopee.com.br/product/709990445/25098006365
40633697066,735707447,https://shopee.com.br/product/735707447/40633697066
19199325359,1177369665,https://shopee.com.br/product/1177369665/19199325359
28643155127,445163047,https://shopee.com.br/product/445163047/28643155127
23799039454,1630032069,https://shopee.com.br/product/1630032069/23799039454
22494682189,1577891436,https://shopee.com.br/product/1577891436/22494682189
42753484446,674110767,https://shopee.com.br/product/674110767/42753484446
23798335372,1343260914,https://shopee.com.br/product/1343260914/23798335372
23693787885,306698991,https://shopee.com.br/product/306698991/23693787885
22593184146,674110767,https://shopee.com.br/product/674110767/22593184146
23098431727,1499808573,https://shopee.com.br/product/1499808573/23098431727
54458063811,735707447,https://shopee.com.br/product/735707447/54458063811
23397744689,442555366,https://shopee.com.br/product/442555366/23397744689
8156273795,442555366,https://shopee.com.br/product/442555366/8156273795
20899368719,290073877,https://shopee.com.br/product/290073877/20899368719
18799673105,1088013647,https://shopee.com.br/product/1088013647/18799673105
23698578910,450664666,https://shopee.com.br/product/450664666/23698578910
58209404535,389803646,https://shopee.com.br/product/389803646/58209404535
22392943943,272868574,https://shopee.com.br/product/272868574/22392943943
20799851699,965617276,https://shopee.com.br/product/965617276/20799851699
23793173565,674110767,https://shopee.com.br/product/674110767/23793173565
23493061801,1177903362,https://shopee.com.br/product/1177903362/23493061801
58215656475,1177903362,https://shopee.com.br/product/1177903362/58215656475
22393056062,822103155,https://shopee.com.br/product/822103155/22393056062
23294347129,822103155,https://shopee.com.br/product/822103155/23294347129
23298463138,889942432,https://shopee.com.br/product/889942432/23298463138
21597869479,1177903362,https://shopee.com.br/product/1177903362/21597869479
58253769772,1561901020,https://shopee.com.br/product/1561901020/58253769772
45261517666,1509845472,https://shopee.com.br/product/1509845472/45261517666
20197684760,822103155,https://shopee.com.br/product/822103155/20197684760
49850814845,356143297,https://shopee.com.br/product/356143297/49850814845
22099155752,1477305422,https://shopee.com.br/product/1477305422/22099155752
23893160543,1226120317,https://shopee.com.br/product/1226120317/23893160543
23293494138,427153374,https://shopee.com.br/product/427153374/23293494138
22492868120,408128510,https://shopee.com.br/product/408128510/22492868120
22498041852,965617276,https://shopee.com.br/product/965617276/22498041852
58265990523,822103155,https://shopee.com.br/product/822103155/58265990523
22497848322,1177903362,https://shopee.com.br/product/1177903362/22497848322
20099258004,822103155,https://shopee.com.br/product/822103155/20099258004
22795166561,1857351240,https://shopee.com.br/product/1857351240/22795166561
21097686653,822103155,https://shopee.com.br/product/822103155/21097686653
17461064158,333540705,https://shopee.com.br/product/333540705/17461064158
22498041794,965617276,https://shopee.com.br/product/965617276/22498041794
21599555156,965617276,https://shopee.com.br/product/965617276/21599555156
21097743546,822103155,https://shopee.com.br/product/822103155/21097743546
22596172165,984366979,https://shopee.com.br/product/984366979/22596172165
22198982965,404743073,https://shopee.com.br/product/404743073/22198982965
22098181164,822103155,https://shopee.com.br/product/822103155/22098181164
23397333783,980368534,https://shopee.com.br/product/980368534/23397333783
20999598216,822103155,https://shopee.com.br/product/822103155/20999598216
23698832076,582435128,https://shopee.com.br/product/582435128/23698832076
22893051686,822103155,https://shopee.com.br/product/822103155/22893051686
21399260014,822103155,https://shopee.com.br/product/822103155/21399260014
23993105206,412527932,https://shopee.com.br/product/412527932/23993105206
19598145248,822103155,https://shopee.com.br/product/822103155/19598145248
21798025119,822103155,https://shopee.com.br/product/822103155/21798025119
18699504929,408128510,https://shopee.com.br/product/408128510/18699504929
22297573374,822103155,https://shopee.com.br/product/822103155/22297573374
58266087277,822103155,https://shopee.com.br/product/822103155/58266087277
23294234378,412527932,https://shopee.com.br/product/412527932/23294234378
19698995404,1010974641,https://shopee.com.br/product/1010974641/19698995404
42202760980,371036439,https://shopee.com.br/product/371036439/42202760980
23298973771,404743073,https://shopee.com.br/product/404743073/23298973771
21099677494,283838689,https://shopee.com.br/product/283838689/21099677494
19199677986,1463823458,https://shopee.com.br/product/1463823458/19199677986
58257907957,822103155,https://shopee.com.br/product/822103155/58257907957
22393743382,1463823458,https://shopee.com.br/product/1463823458/22393743382
18798110980,1463823458,https://shopee.com.br/product/1463823458/18798110980
27987633571,356143297,https://shopee.com.br/product/356143297/27987633571
23392650425,816806234,https://shopee.com.br/product/816806234/23392650425
22092687120,946161700,https://shopee.com.br/product/946161700/22092687120
19699716623,984366979,https://shopee.com.br/product/984366979/19699716623
12882493179,400124163,https://shopee.com.br/product/400124163/12882493179
10951193587,395894761,https://shopee.com.br/product/395894761/10951193587
21498989510,1010974641,https://shopee.com.br/product/1010974641/21498989510
55955219616,371036439,https://shopee.com.br/product/371036439/55955219616
18698116785,1463823458,https://shopee.com.br/product/1463823458/18698116785
21199609738,1463823458,https://shopee.com.br/product/1463823458/21199609738
19299677993,1463823458,https://shopee.com.br/product/1463823458/19299677993
23192665169,380456261,https://shopee.com.br/product/380456261/23192665169
10021601478,290883399,https://shopee.com.br/product/290883399/10021601478
22494193584,412527932,https://shopee.com.br/product/412527932/22494193584
23393653934,400124163,https://shopee.com.br/product/400124163/23393653934
23998349997,1463823458,https://shopee.com.br/product/1463823458/23998349997
22998235062,1463823458,https://shopee.com.br/product/1463823458/22998235062
19398100480,1463823458,https://shopee.com.br/product/1463823458/19398100480
22893738836,1463823458,https://shopee.com.br/product/1463823458/22893738836
23098355186,1463823458,https://shopee.com.br/product/1463823458/23098355186
23098355197,1463823458,https://shopee.com.br/product/1463823458/23098355197
20499609796,1463823458,https://shopee.com.br/product/1463823458/20499609796
22493743238,1463823458,https://shopee.com.br/product/1463823458/22493743238