ordem,item_id,shop_id,product_url
1,22692474588,346235717,https://shopee.com.br/product/346235717/22692474588
2,23992649151,308628919,https://shopee.com.br/product/308628919/23992649151
3,12092887185,633539708,https://shopee.com.br/product/633539708/12092887185
4,22193012931,1050213612,https://shopee.com.br/product/1050213612/22193012931
5,23197773766,637480448,https://shopee.com.br/product/637480448/23197773766
6,22197136707,408653169,https://shopee.com.br/product/408653169/22197136707
7,51602596399,402598512,https://shopee.com.br/product/402598512/51602596399
8,20799559451,1224363395,https://shopee.com.br/product/1224363395/20799559451
9,22297438390,752849300,https://shopee.com.br/product/752849300/22297438390
10,23492820774,346235717,https://shopee.com.br/product/346235717/23492820774
11,23295873027,333246733,https://shopee.com.br/product/333246733/23295873027
12,23294925206,379103154,https://shopee.com.br/product/379103154/23294925206
13,11686365544,341754426,https://shopee.com.br/product/341754426/11686365544
14,23597059265,633539708,https://shopee.com.br/product/633539708/23597059265
15,22197509437,1050213612,https://shopee.com.br/product/1050213612/22197509437
16,22993409441,530578890,https://shopee.com.br/product/530578890/22993409441
17,19099257146,822103155,https://shopee.com.br/product/822103155/19099257146
18,15682920000,752849300,https://shopee.com.br/product/752849300/15682920000
19,22631708065,408653169,https://shopee.com.br/product/408653169/22631708065
20,23297713951,332059670,https://shopee.com.br/product/332059670/23297713951
21,23793811137,1404215442,https://shopee.com.br/product/1404215442/23793811137
22,22397428301,752849300,https://shopee.com.br/product/752849300/22397428301
23,22697179178,1082747237,https://shopee.com.br/product/1082747237/22697179178
24,18800818602,752849300,https://shopee.com.br/product/752849300/18800818602
25,18697456853,349137150,https://shopee.com.br/product/349137150/18697456853
26,23799497097,1721810104,https://shopee.com.br/product/1721810104/23799497097
27,18699585852,530578890,https://shopee.com.br/product/530578890/18699585852
28,22697148241,316869228,https://shopee.com.br/product/316869228/22697148241
29,19197928214,1075271269,https://shopee.com.br/product/1075271269/19197928214
30,53709027340,751907905,https://shopee.com.br/product/751907905/53709027340
31,18700818652,752849300,https://shopee.com.br/product/752849300/18700818652
32,13897405799,872473112,https://shopee.com.br/product/872473112/13897405799
33,21099491902,1223725880,https://shopee.com.br/product/1223725880/21099491902
34,13803484162,455834389,https://shopee.com.br/product/455834389/13803484162
35,19460746596,872473112,https://shopee.com.br/product/872473112/19460746596
36,22697568613,916172870,https://shopee.com.br/product/916172870/22697568613
37,19496856062,408653169,https://shopee.com.br/product/408653169/19496856062
38,23797486798,455834389,https://shopee.com.br/product/455834389/23797486798
39,21997997591,572649927,https://shopee.com.br/product/572649927/21997997591
40,24696602344,316557325,https://shopee.com.br/product/316557325/24696602344
41,20660741877,872473112,https://shopee.com.br/product/872473112/20660741877
42,14837913977,345061139,https://shopee.com.br/product/345061139/14837913977
43,23494059423,522316174,https://shopee.com.br/product/522316174/23494059423
44,19699704753,332059670,https://shopee.com.br/product/332059670/19699704753
45,18999677462,1075271269,https://shopee.com.br/product/1075271269/18999677462
46,23094243024,1407654055,https://shopee.com.br/product/1407654055/23094243024
47,23794394571,872473112,https://shopee.com.br/product/872473112/23794394571
48,23397431187,308628919,https://shopee.com.br/product/308628919/23397431187
49,55152610371,1672861664,https://shopee.com.br/product/1672861664/55152610371
50,23992347616,869809385,https://shopee.com.br/product/869809385/23992347616
51,20999723031,1477305422,https://shopee.com.br/product/1477305422/20999723031
52,22197994008,402598512,https://shopee.com.br/product/402598512/22197994008
53,3473914375,341754426,https://shopee.com.br/product/341754426/3473914375
54,28335457502,530578890,https://shopee.com.br/product/530578890/28335457502
55,23493256665,1302727497,https://shopee.com.br/product/1302727497/23493256665
56,23739584448,752849300,https://shopee.com.br/product/752849300/23739584448
57,27730198079,869809385,https://shopee.com.br/product/869809385/27730198079
58,22193892303,826682830,https://shopee.com.br/product/826682830/22193892303
59,18899381254,379103154,https://shopee.com.br/product/379103154/18899381254
60,22197664687,752849300,https://shopee.com.br/product/752849300/22197664687
61,22697440918,548911108,https://shopee.com.br/product/548911108/22697440918
62,11298718655,872473112,https://shopee.com.br/product/872473112/11298718655
63,23692674073,869809385,https://shopee.com.br/product/869809385/23692674073
64,19897631718,332059670,https://shopee.com.br/product/332059670/19897631718
65,14626882304,638399297,https://shopee.com.br/product/638399297/14626882304
66,23997069576,375188138,https://shopee.com.br/product/375188138/23997069576
67,21160746521,872473112,https://shopee.com.br/product/872473112/21160746521
68,23502192891,308628919,https://shopee.com.br/product/308628919/23502192891
69,22293212680,530578890,https://shopee.com.br/product/530578890/22293212680
70,18160751530,872473112,https://shopee.com.br/product/872473112/18160751530
71,23197332003,455834389,https://shopee.com.br/product/455834389/23197332003
72,23197430739,842996464,https://shopee.com.br/product/842996464/23197430739
73,22916620463,275158536,https://shopee.com.br/product/275158536/22916620463
74,23597723180,869809385,https://shopee.com.br/product/869809385/23597723180
75,14801796892,548911108,https://shopee.com.br/product/548911108/14801796892
76,23892681438,1242718651,https://shopee.com.br/product/1242718651/23892681438
77,17862824133,752849300,https://shopee.com.br/product/752849300/17862824133
78,22697476139,1075271269,https://shopee.com.br/product/1075271269/22697476139
79,52705026332,304278646,https://shopee.com.br/product/304278646/52705026332
80,22394323159,1515203682,https://shopee.com.br/product/1515203682/22394323159
81,29230172904,869809385,https://shopee.com.br/product/869809385/29230172904
82,43553114053,402598512,https://shopee.com.br/product/402598512/43553114053
83,19099233719,872473112,https://shopee.com.br/product/872473112/19099233719
84,9841073441,275158536,https://shopee.com.br/product/275158536/9841073441
85,18197844432,572649927,https://shopee.com.br/product/572649927/18197844432
86,23193279405,1338070754,https://shopee.com.br/product/1338070754/23193279405
87,8972638630,433048807,https://shopee.com.br/product/433048807/8972638630
88,21753568357,791969908,https://shopee.com.br/product/791969908/21753568357
89,22497130046,872473112,https://shopee.com.br/product/872473112/22497130046
90,22292583385,308628919,https://shopee.com.br/product/308628919/22292583385
91,22395701971,638399297,https://shopee.com.br/product/638399297/22395701971
92,23998130406,548911108,https://shopee.com.br/product/548911108/23998130406
93,23198012621,572649927,https://shopee.com.br/product/572649927/23198012621
94,22297468197,842996464,https://shopee.com.br/product/842996464/22297468197
95,22897124373,308628919,https://shopee.com.br/product/308628919/22897124373
96,22192941797,752849300,https://shopee.com.br/product/752849300/22192941797
97,6788143626,359066629,https://shopee.com.br/product/359066629/6788143626
98,58202017334,482939517,https://shopee.com.br/product/482939517/58202017334
99,23097706062,869809385,https://shopee.com.br/product/869809385/23097706062
100,21260747033,872473112,https://shopee.com.br/product/872473112/21260747033
101,57751825862,303439692,https://shopee.com.br/product/303439692/57751825862
102,23394179955,822103155,https://shopee.com.br/product/822103155/23394179955
103,18560769159,872473112,https://shopee.com.br/product/872473112/18560769159
104,19897354272,752849300,https://shopee.com.br/product/752849300/19897354272
105,14591715012,455834389,https://shopee.com.br/product/455834389/14591715012
106,23194172939,648928964,https://shopee.com.br/product/648928964/23194172939
107,27580323439,869809385,https://shopee.com.br/product/869809385/27580323439
108,17190249915,308628919,https://shopee.com.br/product/308628919/17190249915
109,19660801245,872473112,https://shopee.com.br/product/872473112/19660801245
110,23493857807,333246733,https://shopee.com.br/product/333246733/23493857807
111,21597670743,648928964,https://shopee.com.br/product/648928964/21597670743
112,22336871331,752849300,https://shopee.com.br/product/752849300/22336871331
113,49304772264,869809385,https://shopee.com.br/product/869809385/49304772264
114,14929971750,455834389,https://shopee.com.br/product/455834389/14929971750
115,44076379286,303439692,https://shopee.com.br/product/303439692/44076379286
116,23498838285,1242213783,https://shopee.com.br/product/1242213783/23498838285
117,53200778670,534109767,https://shopee.com.br/product/534109767/53200778670
118,17762823739,752849300,https://shopee.com.br/product/752849300/17762823739
119,58206562329,1537828773,https://shopee.com.br/product/1537828773/58206562329
120,23297677261,421977782,https://shopee.com.br/product/421977782/23297677261
121,20300827395,752849300,https://shopee.com.br/product/752849300/20300827395
122,29331194382,572649927,https://shopee.com.br/product/572649927/29331194382
123,23092490461,872473112,https://shopee.com.br/product/872473112/23092490461
124,22992455206,752849300,https://shopee.com.br/product/752849300/22992455206
125,17062849992,752849300,https://shopee.com.br/product/752849300/17062849992
126,23792925718,752849300,https://shopee.com.br/product/752849300/23792925718
127,23704313195,872473112,https://shopee.com.br/product/872473112/23704313195
128,21799235707,308628919,https://shopee.com.br/product/308628919/21799235707
129,23398316492,826682830,https://shopee.com.br/product/826682830/23398316492
130,54507963246,332059670,https://shopee.com.br/product/332059670/54507963246
131,22293002665,1033307532,https://shopee.com.br/product/1033307532/22293002665
132,20399757242,455103761,https://shopee.com.br/product/455103761/20399757242
133,22797414101,633539708,https://shopee.com.br/product/633539708/22797414101
134,22192941837,752849300,https://shopee.com.br/product/752849300/22192941837
135,43829616189,332059670,https://shopee.com.br/product/332059670/43829616189
136,41478796304,310274254,https://shopee.com.br/product/310274254/41478796304
137,20899368864,842996464,https://shopee.com.br/product/842996464/20899368864
138,22297553520,1072763470,https://shopee.com.br/product/1072763470/22297553520
139,23793679569,379103154,https://shopee.com.br/product/379103154/23793679569
140,23593532113,822103155,https://shopee.com.br/product/822103155/23593532113
141,22399148995,752849300,https://shopee.com.br/product/752849300/22399148995
142,23891107918,333246733,https://shopee.com.br/product/333246733/23891107918
143,51409438044,332059670,https://shopee.com.br/product/332059670/51409438044
144,20997749242,811879342,https://shopee.com.br/product/811879342/20997749242
145,9766954658,455834389,https://shopee.com.br/product/455834389/9766954658
146,58252152577,312703265,https://shopee.com.br/product/312703265/58252152577
147,13091167859,752849300,https://shopee.com.br/product/752849300/13091167859
148,23993588462,1224363395,https://shopee.com.br/product/1224363395/23993588462
149,12852473219,548911108,https://shopee.com.br/product/548911108/12852473219
150,21197783468,1215229492,https://shopee.com.br/product/1215229492/21197783468
151,54555463774,1543737245,https://shopee.com.br/product/1543737245/54555463774
152,14347032320,455834389,https://shopee.com.br/product/455834389/14347032320
153,18597618780,346235717,https://shopee.com.br/product/346235717/18597618780
154,12952464112,548911108,https://shopee.com.br/product/548911108/12952464112
155,47513118746,1118395504,https://shopee.com.br/product/1118395504/47513118746
156,23793539831,855489892,https://shopee.com.br/product/855489892/23793539831
157,23597298390,455834389,https://shopee.com.br/product/455834389/23597298390
158,22692986186,855489892,https://shopee.com.br/product/855489892/22692986186
159,23697473350,855489892,https://shopee.com.br/product/855489892/23697473350
160,43754447733,1242718651,https://shopee.com.br/product/1242718651/43754447733
161,44067145551,373594761,https://shopee.com.br/product/373594761/44067145551
162,23592259768,872473112,https://shopee.com.br/product/872473112/23592259768
163,23093238631,530578890,https://shopee.com.br/product/530578890/23093238631
164,23093555116,1316611304,https://shopee.com.br/product/1316611304/23093555116
165,18297734151,638399297,https://shopee.com.br/product/638399297/18297734151
166,57414193757,869809385,https://shopee.com.br/product/869809385/57414193757
167,22794231458,1050213612,https://shopee.com.br/product/1050213612/22794231458
168,22102193392,308628919,https://shopee.com.br/product/308628919/22102193392
169,23597723131,869809385,https://shopee.com.br/product/869809385/23597723131
170,16593466064,359168917,https://shopee.com.br/product/359168917/16593466064
171,18800823029,752849300,https://shopee.com.br/product/752849300/18800823029
172,23898456085,1224363395,https://shopee.com.br/product/1224363395/23898456085
173,23094303154,872473112,https://shopee.com.br/product/872473112/23094303154
174,19699494115,791969908,https://shopee.com.br/product/791969908/19699494115
175,23494367099,965617276,https://shopee.com.br/product/965617276/23494367099
176,40317968096,402598512,https://shopee.com.br/product/402598512/40317968096
177,40051727597,408653169,https://shopee.com.br/product/408653169/40051727597
178,23097083233,455103761,https://shopee.com.br/product/455103761/23097083233
179,11203967649,359066629,https://shopee.com.br/product/359066629/11203967649
180,20762884426,810071078,https://shopee.com.br/product/810071078/20762884426
181,22693935818,872473112,https://shopee.com.br/product/872473112/22693935818
182,23325823409,333246733,https://shopee.com.br/product/333246733/23325823409
183,22003404130,359066629,https://shopee.com.br/product/359066629/22003404130
184,11195244643,752849300,https://shopee.com.br/product/752849300/11195244643
185,23098168442,455834389,https://shopee.com.br/product/455834389/23098168442
186,23293509967,855489892,https://shopee.com.br/product/855489892/23293509967
187,23198695538,952014476,https://shopee.com.br/product/952014476/23198695538
188,23498825679,872473112,https://shopee.com.br/product/872473112/23498825679
189,23296995237,548911108,https://shopee.com.br/product/548911108/23296995237
190,7393309129,455834389,https://shopee.com.br/product/455834389/7393309129
191,20097680219,580791382,https://shopee.com.br/product/580791382/20097680219
192,16879645170,455834389,https://shopee.com.br/product/455834389/16879645170
193,14345492908,455834389,https://shopee.com.br/product/455834389/14345492908
194,10603049955,359066629,https://shopee.com.br/product/359066629/10603049955
195,22592951128,842996464,https://shopee.com.br/product/842996464/22592951128
196,20199498664,580791382,https://shopee.com.br/product/580791382/20199498664
197,22497483132,855489892,https://shopee.com.br/product/855489892/22497483132
198,18599917758,1033307532,https://shopee.com.br/product/1033307532/18599917758
199,19160746500,872473112,https://shopee.com.br/product/872473112/19160746500
200,19298299608,872473112,https://shopee.com.br/product/872473112/19298299608
201,22793516185,1386771889,https://shopee.com.br/product/1386771889/22793516185
202,21564285279,308628919,https://shopee.com.br/product/308628919/21564285279
203,22398198557,442913304,https://shopee.com.br/product/442913304/22398198557
204,21897752437,347781606,https://shopee.com.br/product/347781606/21897752437
205,20097689174,1220316212,https://shopee.com.br/product/1220316212/20097689174
206,22998427540,408653169,https://shopee.com.br/product/408653169/22998427540
207,23198201458,1097902002,https://shopee.com.br/product/1097902002/23198201458
208,19997804256,1235923910,https://shopee.com.br/product/1235923910/19997804256
209,23828105945,869809385,https://shopee.com.br/product/869809385/23828105945
210,18898103520,1388709282,https://shopee.com.br/product/1388709282/18898103520
211,5957621926,318555124,https://shopee.com.br/product/318555124/5957621926
212,23997479252,855489892,https://shopee.com.br/product/855489892/23997479252
213,18755382054,522316174,https://shopee.com.br/product/522316174/18755382054
214,18598050512,1368997878,https://shopee.com.br/product/1368997878/18598050512
215,22697543297,1072763470,https://shopee.com.br/product/1072763470/22697543297
216,11919905903,455834389,https://shopee.com.br/product/455834389/11919905903
217,22093526168,822103155,https://shopee.com.br/product/822103155/22093526168
218,19660742965,872473112,https://shopee.com.br/product/872473112/19660742965
219,23232622559,308628919,https://shopee.com.br/product/308628919/23232622559
220,22794362468,304278646,https://shopee.com.br/product/304278646/22794362468
221,16084614286,638399297,https://shopee.com.br/product/638399297/16084614286
222,58252020376,1107280577,https://shopee.com.br/product/1107280577/58252020376
223,18197747192,1242718651,https://shopee.com.br/product/1242718651/18197747192
224,44554772388,869809385,https://shopee.com.br/product/869809385/44554772388
225,8757199441,281898655,https://shopee.com.br/product/281898655/8757199441
226,21897923377,349137150,https://shopee.com.br/product/349137150/21897923377
227,19699229908,752849300,https://shopee.com.br/product/752849300/19699229908
228,58201825863,872473112,https://shopee.com.br/product/872473112/58201825863
229,58212078256,316070154,https://shopee.com.br/product/316070154/58212078256
230,18798105741,1075271269,https://shopee.com.br/product/1075271269/18798105741
231,58200994844,1537828773,https://shopee.com.br/product/1537828773/58200994844
232,22192443894,548911108,https://shopee.com.br/product/548911108/22192443894
233,51004969172,826682830,https://shopee.com.br/product/826682830/51004969172
234,16988925729,359066629,https://shopee.com.br/product/359066629/16988925729
235,19497659884,580791382,https://shopee.com.br/product/580791382/19497659884
236,19160743933,872473112,https://shopee.com.br/product/872473112/19160743933
237,23304337945,872473112,https://shopee.com.br/product/872473112/23304337945
238,15896814980,908137538,https://shopee.com.br/product/908137538/15896814980
239,22397642202,1002664154,https://shopee.com.br/product/1002664154/22397642202
240,21999831546,1543737245,https://shopee.com.br/product/1543737245/21999831546
241,58256652309,412968566,https://shopee.com.br/product/412968566/58256652309
242,56350831169,534109767,https://shopee.com.br/product/534109767/56350831169
243,20497476076,281898655,https://shopee.com.br/product/281898655/20497476076
244,58251621993,1316611304,https://shopee.com.br/product/1316611304/58251621993
245,23720415608,638399297,https://shopee.com.br/product/638399297/23720415608
246,17989284179,872473112,https://shopee.com.br/product/872473112/17989284179
247,51108614943,1543737245,https://shopee.com.br/product/1543737245/51108614943
248,41975199894,402598512,https://shopee.com.br/product/402598512/41975199894
249,23398661022,638399297,https://shopee.com.br/product/638399297/23398661022
250,52057457940,1314813681,https://shopee.com.br/product/1314813681/52057457940
251,22392635843,1072763470,https://shopee.com.br/product/1072763470/22392635843
252,58251859107,648928964,https://shopee.com.br/product/648928964/58251859107
253,21860738654,872473112,https://shopee.com.br/product/872473112/21860738654
254,18399556328,442506479,https://shopee.com.br/product/442506479/18399556328
255,22594303455,872473112,https://shopee.com.br/product/872473112/22594303455
256,23898765675,1075271269,https://shopee.com.br/product/1075271269/23898765675
257,21899321632,375188138,https://shopee.com.br/product/375188138/21899321632
258,7188528153,359066629,https://shopee.com.br/product/359066629/7188528153
259,23995017141,1608971773,https://shopee.com.br/product/1608971773/23995017141
260,19960747639,872473112,https://shopee.com.br/product/872473112/19960747639
261,23897382753,413680793,https://shopee.com.br/product/413680793/23897382753
262,23697499581,1050213612,https://shopee.com.br/product/1050213612/23697499581
263,13046365753,455834389,https://shopee.com.br/product/455834389/13046365753
264,22898018806,1386771889,https://shopee.com.br/product/1386771889/22898018806
265,19899303637,752849300,https://shopee.com.br/product/752849300/19899303637
266,21160747219,872473112,https://shopee.com.br/product/872473112/21160747219
267,23893508294,1314243679,https://shopee.com.br/product/1314243679/23893508294
268,20699380143,316557325,https://shopee.com.br/product/316557325/20699380143
269,23094154899,347781606,https://shopee.com.br/product/347781606/23094154899
270,22502595266,842996464,https://shopee.com.br/product/842996464/22502595266
271,22892455525,752849300,https://shopee.com.br/product/752849300/22892455525
272,23394366084,1477305422,https://shopee.com.br/product/1477305422/23394366084
273,58201627512,1316611304,https://shopee.com.br/product/1316611304/58201627512
274,22997671939,638399297,https://shopee.com.br/product/638399297/22997671939
275,9475403904,455834389,https://shopee.com.br/product/455834389/9475403904
276,22494305947,1007842724,https://shopee.com.br/product/1007842724/22494305947
277,22792837436,347781606,https://shopee.com.br/product/347781606/22792837436
278,18998114306,1075271269,https://shopee.com.br/product/1075271269/18998114306
279,11898506067,872473112,https://shopee.com.br/product/872473112/11898506067
280,23799275447,548911108,https://shopee.com.br/product/548911108/23799275447
281,22092945209,401986069,https://shopee.com.br/product/401986069/22092945209
282,18897661070,1097902002,https://shopee.com.br/product/1097902002/18897661070
283,23097548563,822103155,https://shopee.com.br/product/822103155/23097548563
284,23293281429,648928964,https://shopee.com.br/product/648928964/23293281429
285,19399094580,869809385,https://shopee.com.br/product/869809385/19399094580
286,21497795030,1235923910,https://shopee.com.br/product/1235923910/21497795030
287,18697679977,530578890,https://shopee.com.br/product/530578890/18697679977
288,58250287514,286347381,https://shopee.com.br/product/286347381/58250287514
289,7095322899,455834389,https://shopee.com.br/product/455834389/7095322899
290,20060749978,872473112,https://shopee.com.br/product/872473112/20060749978
291,19099595812,1215229492,https://shopee.com.br/product/1215229492/19099595812
292,23493049129,1220316212,https://shopee.com.br/product/1220316212/23493049129
293,22592433664,548911108,https://shopee.com.br/product/548911108/22592433664
294,21399568255,299192732,https://shopee.com.br/product/299192732/21399568255
295,19098973398,1075271269,https://shopee.com.br/product/1075271269/19098973398
296,9313810512,379103154,https://shopee.com.br/product/379103154/9313810512
297,21260747101,872473112,https://shopee.com.br/product/872473112/21260747101
298,23596043705,1002664154,https://shopee.com.br/product/1002664154/23596043705
299,22892944903,308628919,https://shopee.com.br/product/308628919/22892944903
300,18797681540,855489892,https://shopee.com.br/product/855489892/18797681540
301,21552559785,333246733,https://shopee.com.br/product/333246733/21552559785
302,22793210653,1215229492,https://shopee.com.br/product/1215229492/22793210653
303,20297675936,436723291,https://shopee.com.br/product/436723291/20297675936
304,18255106550,333246733,https://shopee.com.br/product/333246733/18255106550
305,45555526006,869809385,https://shopee.com.br/product/869809385/45555526006
306,22099271183,872473112,https://shopee.com.br/product/872473112/22099271183
307,18501781648,752849300,https://shopee.com.br/product/752849300/18501781648
308,26392191741,308628919,https://shopee.com.br/product/308628919/26392191741
309,58204240477,1075271269,https://shopee.com.br/product/1075271269/58204240477
310,21541792013,455834389,https://shopee.com.br/product/455834389/21541792013
311,23598457362,444869236,https://shopee.com.br/product/444869236/23598457362
312,22493925185,408653169,https://shopee.com.br/product/408653169/22493925185
313,49553065394,333246733,https://shopee.com.br/product/333246733/49553065394
314,22394287869,1075271269,https://shopee.com.br/product/1075271269/22394287869
315,21060740838,872473112,https://shopee.com.br/product/872473112/21060740838
316,23296896109,359066629,https://shopee.com.br/product/359066629/23296896109
317,21260747077,872473112,https://shopee.com.br/product/872473112/21260747077
318,20696933624,436723291,https://shopee.com.br/product/436723291/20696933624
319,22192603609,299192732,https://shopee.com.br/product/299192732/22192603609
320,23093495089,601021305,https://shopee.com.br/product/601021305/23093495089
321,23792833665,842996464,https://shopee.com.br/product/842996464/23792833665
322,22202193101,308628919,https://shopee.com.br/product/308628919/22202193101
323,22497484762,455834389,https://shopee.com.br/product/455834389/22497484762
324,23296995236,548911108,https://shopee.com.br/product/548911108/23296995236
325,22894028744,1526836548,https://shopee.com.br/product/1526836548/22894028744
326,17068588280,752849300,https://shopee.com.br/product/752849300/17068588280
327,22898364064,1316611304,https://shopee.com.br/product/1316611304/22898364064
328,20097168085,333246733,https://shopee.com.br/product/333246733/20097168085
329,23704303308,872473112,https://shopee.com.br/product/872473112/23704303308
330,22991689837,872473112,https://shopee.com.br/product/872473112/22991689837
331,23096037795,869809385,https://shopee.com.br/product/869809385/23096037795
332,23597170771,869809385,https://shopee.com.br/product/869809385/23597170771
333,22093691036,1242213783,https://shopee.com.br/product/1242213783/22093691036
334,23597445976,308628919,https://shopee.com.br/product/308628919/23597445976
335,5378748596,318555124,https://shopee.com.br/product/318555124/5378748596
336,22694547251,721033344,https://shopee.com.br/product/721033344/22694547251
337,51862341751,304278646,https://shopee.com.br/product/304278646/51862341751
338,23697299461,455834389,https://shopee.com.br/product/455834389/23697299461
339,10694923431,752849300,https://shopee.com.br/product/752849300/10694923431
340,23493200056,1215229492,https://shopee.com.br/product/1215229492/23493200056
341,21812176509,455834389,https://shopee.com.br/product/455834389/21812176509
342,23404312874,872473112,https://shopee.com.br/product/872473112/23404312874
343,58208417957,306878488,https://shopee.com.br/product/306878488/58208417957
344,20504499781,752849300,https://shopee.com.br/product/752849300/20504499781
345,22998478299,822103155,https://shopee.com.br/product/822103155/22998478299
346,22823332321,408128510,https://shopee.com.br/product/408128510/22823332321
347,23493200073,1215229492,https://shopee.com.br/product/1215229492/23493200073
348,9577684446,455834389,https://shopee.com.br/product/455834389/9577684446
349,21027479439,455834389,https://shopee.com.br/product/455834389/21027479439
350,22894028674,1526836548,https://shopee.com.br/product/1526836548/22894028674
351,18299606874,822103155,https://shopee.com.br/product/822103155/18299606874
352,22599174726,1050213612,https://shopee.com.br/product/1050213612/22599174726
353,22793237337,572649927,https://shopee.com.br/product/572649927/22793237337
354,19799231623,548911108,https://shopee.com.br/product/548911108/19799231623
355,20397750008,580791382,https://shopee.com.br/product/580791382/20397750008
356,22692493491,1075271269,https://shopee.com.br/product/1075271269/22692493491
357,20897805348,601021305,https://shopee.com.br/product/601021305/20897805348
358,23197358507,455834389,https://shopee.com.br/product/455834389/23197358507
359,20163572834,455103761,https://shopee.com.br/product/455103761/20163572834
360,20597621809,1072763470,https://shopee.com.br/product/1072763470/20597621809
361,49155236511,310274254,https://shopee.com.br/product/310274254/49155236511
362,20460765736,872473112,https://shopee.com.br/product/872473112/20460765736
363,11398506068,872473112,https://shopee.com.br/product/872473112/11398506068
364,15481785619,752849300,https://shopee.com.br/product/752849300/15481785619
365,22199054925,1655406395,https://shopee.com.br/product/1655406395/22199054925
366,58251762830,719930213,https://shopee.com.br/product/719930213/58251762830
367,23304316147,872473112,https://shopee.com.br/product/872473112/23304316147
368,20199096362,842996464,https://shopee.com.br/product/842996464/20199096362
369,19099258386,333246733,https://shopee.com.br/product/333246733/19099258386
370,50960747724,308628919,https://shopee.com.br/product/308628919/50960747724
371,46715858855,342086228,https://shopee.com.br/product/342086228/46715858855
372,22098713019,952014476,https://shopee.com.br/product/952014476/22098713019
373,15546802512,455834389,https://shopee.com.br/product/455834389/15546802512
374,58200137968,1608053305,https://shopee.com.br/product/1608053305/58200137968
375,18760747162,872473112,https://shopee.com.br/product/872473112/18760747162
376,22391587792,436723291,https://shopee.com.br/product/436723291/22391587792
377,29330325269,869809385,https://shopee.com.br/product/869809385/29330325269
378,22497544820,1220316212,https://shopee.com.br/product/1220316212/22497544820
379,23408854100,872473112,https://shopee.com.br/product/872473112/23408854100
380,22797975420,318555124,https://shopee.com.br/product/318555124/22797975420
381,23198679149,872473112,https://shopee.com.br/product/872473112/23198679149
382,19760745977,872473112,https://shopee.com.br/product/872473112/19760745977
383,22298814252,1477305422,https://shopee.com.br/product/1477305422/22298814252
384,23597553076,984366979,https://shopee.com.br/product/984366979/23597553076
385,21876203753,308628919,https://shopee.com.br/product/308628919/21876203753
386,22197555990,1220316212,https://shopee.com.br/product/1220316212/22197555990
387,21860808246,872473112,https://shopee.com.br/product/872473112/21860808246
388,22297741354,572649927,https://shopee.com.br/product/572649927/22297741354
389,11820338479,455834389,https://shopee.com.br/product/455834389/11820338479
390,18098199610,341622697,https://shopee.com.br/product/341622697/18098199610
391,18867360399,648928964,https://shopee.com.br/product/648928964/18867360399
392,22597499551,1033307532,https://shopee.com.br/product/1033307532/22597499551
393,20898003318,1314243679,https://shopee.com.br/product/1314243679/20898003318
394,20496936925,952014476,https://shopee.com.br/product/952014476/20496936925
395,22793220775,1243712796,https://shopee.com.br/product/1243712796/22793220775
396,21499247809,281898655,https://shopee.com.br/product/281898655/21499247809
397,19699774831,455103761,https://shopee.com.br/product/455103761/19699774831
398,22192443923,548911108,https://shopee.com.br/product/548911108/22192443923
399,52705436938,1543737245,https://shopee.com.br/product/1543737245/52705436938
400,18897656210,791969908,https://shopee.com.br/product/791969908/18897656210
401,21498980208,334741920,https://shopee.com.br/product/334741920/21498980208
402,23097663736,791969908,https://shopee.com.br/product/791969908/23097663736
403,22798406693,855489892,https://shopee.com.br/product/855489892/22798406693
404,9155895041,373594761,https://shopee.com.br/product/373594761/9155895041
405,21097805459,444869236,https://shopee.com.br/product/444869236/21097805459
406,22892388642,455834389,https://shopee.com.br/product/455834389/22892388642
407,23693106866,436723291,https://shopee.com.br/product/436723291/23693106866
408,23394921629,826682830,https://shopee.com.br/product/826682830/23394921629
409,23198002906,822103155,https://shopee.com.br/product/822103155/23198002906
410,23793512536,1316611304,https://shopee.com.br/product/1316611304/23793512536
411,22112838216,752849300,https://shopee.com.br/product/752849300/22112838216
412,22293521162,822103155,https://shopee.com.br/product/822103155/22293521162
413,16536812746,373594761,https://shopee.com.br/product/373594761/16536812746
414,20497874924,854082976,https://shopee.com.br/product/854082976/20497874924
415,23494328941,872473112,https://shopee.com.br/product/872473112/23494328941
416,23408854039,872473112,https://shopee.com.br/product/872473112/23408854039
417,20955760672,455103761,https://shopee.com.br/product/455103761/20955760672
418,18798192418,1081505086,https://shopee.com.br/product/1081505086/18798192418
419,21199258028,842996464,https://shopee.com.br/product/842996464/21199258028
420,23593523109,1223725880,https://shopee.com.br/product/1223725880/23593523109
421,23298228202,1242213783,https://shopee.com.br/product/1242213783/23298228202
422,23697552999,984366979,https://shopee.com.br/product/984366979/23697552999
423,21760745222,872473112,https://shopee.com.br/product/872473112/21760745222
424,7990111222,400124163,https://shopee.com.br/product/400124163/7990111222
425,23994303244,417707388,https://shopee.com.br/product/417707388/23994303244
426,58201032511,1630032069,https://shopee.com.br/product/1630032069/58201032511
427,22098871455,775496126,https://shopee.com.br/product/775496126/22098871455
428,15801795596,548911108,https://shopee.com.br/product/548911108/15801795596
429,15529723092,455834389,https://shopee.com.br/product/455834389/15529723092
430,23293281417,648928964,https://shopee.com.br/product/648928964/23293281417
431,19899903974,1163359442,https://shopee.com.br/product/1163359442/19899903974
432,22795615667,730226632,https://shopee.com.br/product/730226632/22795615667
433,23197738539,869809385,https://shopee.com.br/product/869809385/23197738539
434,49760767714,308628919,https://shopee.com.br/product/308628919/49760767714
435,18099268271,333246733,https://shopee.com.br/product/333246733/18099268271
436,18197964990,400124163,https://shopee.com.br/product/400124163/18197964990
437,22397443265,548911108,https://shopee.com.br/product/548911108/22397443265
438,22397998123,530578890,https://shopee.com.br/product/530578890/22397998123
439,22191185487,869809385,https://shopee.com.br/product/869809385/22191185487
440,51106502907,842996464,https://shopee.com.br/product/842996464/51106502907
441,23199376990,1083800536,https://shopee.com.br/product/1083800536/23199376990
442,22192443869,548911108,https://shopee.com.br/product/548911108/22192443869
443,28381071437,572649927,https://shopee.com.br/product/572649927/28381071437
444,20050143468,455834389,https://shopee.com.br/product/455834389/20050143468
445,44275208568,572649927,https://shopee.com.br/product/572649927/44275208568
446,21897990051,984366979,https://shopee.com.br/product/984366979/21897990051
447,23193043298,281898655,https://shopee.com.br/product/281898655/23193043298
448,23698323504,455834389,https://shopee.com.br/product/455834389/23698323504
449,18448250504,455834389,https://shopee.com.br/product/455834389/18448250504
450,22492841835,347781606,https://shopee.com.br/product/347781606/22492841835
451,18599374729,404743073,https://shopee.com.br/product/404743073/18599374729
452,17368588439,752849300,https://shopee.com.br/product/752849300/17368588439
453,22398224888,811879342,https://shopee.com.br/product/811879342/22398224888
454,19660743001,872473112,https://shopee.com.br/product/872473112/19660743001
455,44032590322,332059670,https://shopee.com.br/product/332059670/44032590322
456,22494061036,1235923910,https://shopee.com.br/product/1235923910/22494061036
457,21497786841,869809385,https://shopee.com.br/product/869809385/21497786841
458,21397984186,349137150,https://shopee.com.br/product/349137150/21397984186
459,8511127205,373594761,https://shopee.com.br/product/373594761/8511127205
460,51164564618,402598512,https://shopee.com.br/product/402598512/51164564618
461,11418276799,455834389,https://shopee.com.br/product/455834389/11418276799
462,20760741944,872473112,https://shopee.com.br/product/872473112/20760741944
463,19957879956,869809385,https://shopee.com.br/product/869809385/19957879956
464,23097478615,855489892,https://shopee.com.br/product/855489892/23097478615
465,20151120009,281898655,https://shopee.com.br/product/281898655/20151120009
466,23897603022,548911108,https://shopee.com.br/product/548911108/23897603022
467,23507015709,308628919,https://shopee.com.br/product/308628919/23507015709
468,52213769626,327632351,https://shopee.com.br/product/327632351/52213769626
469,23599189561,310711835,https://shopee.com.br/product/310711835/23599189561
470,22994413304,455834389,https://shopee.com.br/product/455834389/22994413304
471,23898761457,455103761,https://shopee.com.br/product/455103761/23898761457
472,58212866981,826682830,https://shopee.com.br/product/826682830/58212866981
473,21499203807,308628919,https://shopee.com.br/product/308628919/21499203807
474,8865303411,455834389,https://shopee.com.br/product/455834389/8865303411
475,23898339801,752849300,https://shopee.com.br/product/752849300/23898339801
476,16362850616,752849300,https://shopee.com.br/product/752849300/16362850616
477,16662829114,752849300,https://shopee.com.br/product/752849300/16662829114
478,18799248453,855489892,https://shopee.com.br/product/855489892/18799248453
479,8881297122,455834389,https://shopee.com.br/product/455834389/8881297122
480,23197494031,1107280577,https://shopee.com.br/product/1107280577/23197494031
481,48117706904,344415614,https://shopee.com.br/product/344415614/48117706904
482,19299444214,580791382,https://shopee.com.br/product/580791382/19299444214
483,19899322337,548911108,https://shopee.com.br/product/548911108/19899322337
484,47404695366,1507942655,https://shopee.com.br/product/1507942655/47404695366
485,7593878464,455834389,https://shopee.com.br/product/455834389/7593878464
486,23794806043,455103761,https://shopee.com.br/product/455103761/23794806043
487,23897603033,548911108,https://shopee.com.br/product/548911108/23897603033
488,20898034385,752849300,https://shopee.com.br/product/752849300/20898034385
489,17742580610,388739239,https://shopee.com.br/product/388739239/17742580610
490,19798020750,1242213783,https://shopee.com.br/product/1242213783/19798020750
491,18099766096,952014476,https://shopee.com.br/product/952014476/18099766096
492,8075135895,455834389,https://shopee.com.br/product/455834389/8075135895
493,29777620439,572649927,https://shopee.com.br/product/572649927/29777620439
494,44857985031,1118395504,https://shopee.com.br/product/1118395504/44857985031
495,46803920798,406223656,https://shopee.com.br/product/406223656/46803920798
496,46311378066,390327339,https://shopee.com.br/product/390327339/46311378066
497,19399300642,580791382,https://shopee.com.br/product/580791382/19399300642
498,19399233573,872473112,https://shopee.com.br/product/872473112/19399233573
499,23898628514,455103761,https://shopee.com.br/product/455103761/23898628514
500,22595667789,952014476,https://shopee.com.br/product/952014476/22595667789
501,23297603379,580791382,https://shopee.com.br/product/580791382/23297603379
502,23298813253,648928964,https://shopee.com.br/product/648928964/23298813253
503,26886402791,1059419518,https://shopee.com.br/product/1059419518/26886402791
504,22199139520,548911108,https://shopee.com.br/product/548911108/22199139520
505,22693504607,680601528,https://shopee.com.br/product/680601528/22693504607
506,22498737540,855489892,https://shopee.com.br/product/855489892/22498737540
507,20099248559,580791382,https://shopee.com.br/product/580791382/20099248559
508,22494341325,455103761,https://shopee.com.br/product/455103761/22494341325
509,20260749816,872473112,https://shopee.com.br/product/872473112/20260749816
510,23399410090,1584047662,https://shopee.com.br/product/1584047662/23399410090
511,54605500990,869809385,https://shopee.com.br/product/869809385/54605500990
512,9680910339,455834389,https://shopee.com.br/product/455834389/9680910339
513,14033798743,455834389,https://shopee.com.br/product/455834389/14033798743
514,21899321630,375188138,https://shopee.com.br/product/375188138/21899321630
515,11416662216,455834389,https://shopee.com.br/product/455834389/11416662216
516,18599303153,580791382,https://shopee.com.br/product/580791382/18599303153
517,23193814943,826682830,https://shopee.com.br/product/826682830/23193814943
518,22797609661,872473112,https://shopee.com.br/product/872473112/22797609661
519,21997654192,872473112,https://shopee.com.br/product/872473112/21997654192
520,20397674875,580791382,https://shopee.com.br/product/580791382/20397674875
521,23295508980,334741920,https://shopee.com.br/product/334741920/23295508980
522,56454752323,869809385,https://shopee.com.br/product/869809385/56454752323
523,19660746568,872473112,https://shopee.com.br/product/872473112/19660746568
524,23192935714,455834389,https://shopee.com.br/product/455834389/23192935714
525,20166454925,648928964,https://shopee.com.br/product/648928964/20166454925
526,23893977325,1612996637,https://shopee.com.br/product/1612996637/23893977325
527,22998525021,1526836548,https://shopee.com.br/product/1526836548/22998525021
528,22492925062,872473112,https://shopee.com.br/product/872473112/22492925062
529,23397491969,373594761,https://shopee.com.br/product/373594761/23397491969
530,23804297391,872473112,https://shopee.com.br/product/872473112/23804297391
531,55206657123,386620566,https://shopee.com.br/product/386620566/55206657123
532,18098659819,433048807,https://shopee.com.br/product/433048807/18098659819
533,18999369518,572649927,https://shopee.com.br/product/572649927/18999369518
534,23397751001,855489892,https://shopee.com.br/product/855489892/23397751001
535,44963965345,1177369665,https://shopee.com.br/product/1177369665/44963965345
536,12414371563,400124163,https://shopee.com.br/product/400124163/12414371563
537,12798429055,951290141,https://shopee.com.br/product/951290141/12798429055
538,51906169594,572649927,https://shopee.com.br/product/572649927/51906169594
539,23097482899,580791382,https://shopee.com.br/product/580791382/23097482899
540,45106139166,373594761,https://shopee.com.br/product/373594761/45106139166
541,23692987223,855489892,https://shopee.com.br/product/855489892/23692987223
542,21899258138,916172870,https://shopee.com.br/product/916172870/21899258138
543,20377582329,752849300,https://shopee.com.br/product/752849300/20377582329
544,22297435126,752849300,https://shopee.com.br/product/752849300/22297435126
545,29343780753,402076848,https://shopee.com.br/product/402076848/29343780753
546,22694653964,1242213783,https://shopee.com.br/product/1242213783/22694653964
547,7087973920,281898655,https://shopee.com.br/product/281898655/7087973920
548,21298253987,349137150,https://shopee.com.br/product/349137150/21298253987
549,58254970863,412968566,https://shopee.com.br/product/412968566/58254970863
550,23333481848,408653169,https://shopee.com.br/product/408653169/23333481848
551,20197763458,869809385,https://shopee.com.br/product/869809385/20197763458
552,13714355076,400124163,https://shopee.com.br/product/400124163/13714355076
553,19560746498,872473112,https://shopee.com.br/product/872473112/19560746498
554,8854939543,359066629,https://shopee.com.br/product/359066629/8854939543
555,18141779021,455834389,https://shopee.com.br/product/455834389/18141779021
556,22598930019,1075271269,https://shopee.com.br/product/1075271269/22598930019
557,23698674199,872473112,https://shopee.com.br/product/872473112/23698674199
558,20199096125,1097902002,https://shopee.com.br/product/1097902002/20199096125
559,18099069963,1075271269,https://shopee.com.br/product/1075271269/18099069963
560,21499607684,1050213612,https://shopee.com.br/product/1050213612/21499607684
561,45505513234,869809385,https://shopee.com.br/product/869809385/45505513234
562,22192443922,548911108,https://shopee.com.br/product/548911108/22192443922
563,8578137817,455834389,https://shopee.com.br/product/455834389/8578137817
564,19497630764,869809385,https://shopee.com.br/product/869809385/19497630764
565,23113534112,869809385,https://shopee.com.br/product/869809385/23113534112
566,11006497598,281898655,https://shopee.com.br/product/281898655/11006497598
567,21697296890,872473112,https://shopee.com.br/product/872473112/21697296890
568,22993972076,648928964,https://shopee.com.br/product/648928964/22993972076
569,44915899987,869809385,https://shopee.com.br/product/869809385/44915899987
570,23896595901,455834389,https://shopee.com.br/product/455834389/23896595901
571,18499302239,395742608,https://shopee.com.br/product/395742608/18499302239
572,25345405740,869809385,https://shopee.com.br/product/869809385/25345405740
573,14470118822,687950391,https://shopee.com.br/product/687950391/14470118822
574,44310120248,572649927,https://shopee.com.br/product/572649927/44310120248
575,22992660532,455834389,https://shopee.com.br/product/455834389/22992660532
576,22093525149,855489892,https://shopee.com.br/product/855489892/22093525149
577,22893048835,1220316212,https://shopee.com.br/product/1220316212/22893048835
578,23796891057,359066629,https://shopee.com.br/product/359066629/23796891057
579,29530330393,869809385,https://shopee.com.br/product/869809385/29530330393
580,53006184965,1537682554,https://shopee.com.br/product/1537682554/53006184965
581,55364568063,402598512,https://shopee.com.br/product/402598512/55364568063
582,23607015662,308628919,https://shopee.com.br/product/308628919/23607015662
583,50105797151,534109767,https://shopee.com.br/product/534109767/50105797151
584,17762844360,752849300,https://shopee.com.br/product/752849300/17762844360
585,23694830491,810071078,https://shopee.com.br/product/810071078/23694830491
586,21999208043,402076848,https://shopee.com.br/product/402076848/21999208043
587,9151825290,359066629,https://shopee.com.br/product/359066629/9151825290
588,23692347782,455834389,https://shopee.com.br/product/455834389/23692347782
589,15693786980,791969908,https://shopee.com.br/product/791969908/15693786980
590,18657590317,308628919,https://shopee.com.br/product/308628919/18657590317
591,4158479878,318555124,https://shopee.com.br/product/318555124/4158479878
592,23793523903,1223725880,https://shopee.com.br/product/1223725880/23793523903
593,18960747194,872473112,https://shopee.com.br/product/872473112/18960747194
594,23891582948,789777799,https://shopee.com.br/product/789777799/23891582948
595,21660808681,872473112,https://shopee.com.br/product/872473112/21660808681
596,18557590434,308628919,https://shopee.com.br/product/308628919/18557590434
597,23497483428,855489892,https://shopee.com.br/product/855489892/23497483428
598,19498593501,705932885,https://shopee.com.br/product/705932885/19498593501
599,20560741896,872473112,https://shopee.com.br/product/872473112/20560741896
600,22293147049,752849300,https://shopee.com.br/product/752849300/22293147049
601,58200558628,822103155,https://shopee.com.br/product/822103155/58200558628
602,44472793274,927963980,https://shopee.com.br/product/927963980/44472793274
603,58211121945,1079030436,https://shopee.com.br/product/1079030436/58211121945
604,23196930657,548911108,https://shopee.com.br/product/548911108/23196930657
605,21797989132,1242718651,https://shopee.com.br/product/1242718651/21797989132
606,40918736461,927963980,https://shopee.com.br/product/927963980/40918736461
607,22498028382,855489892,https://shopee.com.br/product/855489892/22498028382
608,23298038934,638399297,https://shopee.com.br/product/638399297/23298038934
609,21297684799,916172870,https://shopee.com.br/product/916172870/21297684799
610,22497512743,1072763470,https://shopee.com.br/product/1072763470/22497512743
611,23893613033,952014476,https://shopee.com.br/product/952014476/23893613033
612,9375130945,455834389,https://shopee.com.br/product/455834389/9375130945
613,23392455041,752849300,https://shopee.com.br/product/752849300/23392455041
614,22298871360,1609508474,https://shopee.com.br/product/1609508474/22298871360
615,22198700335,752849300,https://shopee.com.br/product/752849300/22198700335
616,23798321795,872473112,https://shopee.com.br/product/872473112/23798321795
617,22098070086,1316611304,https://shopee.com.br/product/1316611304/22098070086
618,23998130434,548911108,https://shopee.com.br/product/548911108/23998130434
619,22795028134,316070154,https://shopee.com.br/product/316070154/22795028134
620,23032550226,308628919,https://shopee.com.br/product/308628919/23032550226
621,18264295592,308628919,https://shopee.com.br/product/308628919/18264295592
622,23192303075,413680793,https://shopee.com.br/product/413680793/23192303075
623,19997812715,648928964,https://shopee.com.br/product/648928964/19997812715
624,6677558031,373594761,https://shopee.com.br/product/373594761/6677558031
625,23092156966,638399297,https://shopee.com.br/product/638399297/23092156966
626,7890668979,455834389,https://shopee.com.br/product/455834389/7890668979
627,23198795575,1002664154,https://shopee.com.br/product/1002664154/23198795575
628,14181788385,752849300,https://shopee.com.br/product/752849300/14181788385
629,21172305143,842996464,https://shopee.com.br/product/842996464/21172305143
630,47154762889,869809385,https://shopee.com.br/product/869809385/47154762889
631,18460769447,872473112,https://shopee.com.br/product/872473112/18460769447
632,18360751694,872473112,https://shopee.com.br/product/872473112/18360751694
633,22192997231,855489892,https://shopee.com.br/product/855489892/22192997231
634,23507015393,308628919,https://shopee.com.br/product/308628919/23507015393
635,21260746571,872473112,https://shopee.com.br/product/872473112/21260746571
636,22697471827,308628919,https://shopee.com.br/product/308628919/22697471827
637,22493182366,973004594,https://shopee.com.br/product/973004594/22493182366
638,6193805539,455834389,https://shopee.com.br/product/455834389/6193805539
639,23297904258,455834389,https://shopee.com.br/product/455834389/23297904258
640,52606633086,534109767,https://shopee.com.br/product/534109767/52606633086
641,23892751073,580791382,https://shopee.com.br/product/580791382/23892751073
642,29630193648,869809385,https://shopee.com.br/product/869809385/29630193648
643,23097137577,1082747237,https://shopee.com.br/product/1082747237/23097137577
644,16543285246,433531074,https://shopee.com.br/product/433531074/16543285246
645,19860767591,872473112,https://shopee.com.br/product/872473112/19860767591
646,17165259941,752849300,https://shopee.com.br/product/752849300/17165259941
647,5677534257,373594761,https://shopee.com.br/product/373594761/5677534257
648,22794699960,648928964,https://shopee.com.br/product/648928964/22794699960
649,17968587586,752849300,https://shopee.com.br/product/752849300/17968587586
650,10920901017,455834389,https://shopee.com.br/product/455834389/10920901017
651,22092946439,973004594,https://shopee.com.br/product/973004594/22092946439
652,47815197690,1118395504,https://shopee.com.br/product/1118395504/47815197690
653,25943792429,869809385,https://shopee.com.br/product/869809385/25943792429
654,56752161485,310274254,https://shopee.com.br/product/310274254/56752161485
655,22192443858,548911108,https://shopee.com.br/product/548911108/22192443858
656,23994048581,455103761,https://shopee.com.br/product/455103761/23994048581
657,40251034420,582386382,https://shopee.com.br/product/582386382/40251034420
658,21699543898,648928964,https://shopee.com.br/product/648928964/21699543898
659,23794243586,816806234,https://shopee.com.br/product/816806234/23794243586
660,44557271631,281898655,https://shopee.com.br/product/281898655/44557271631
661,58256677077,412968566,https://shopee.com.br/product/412968566/58256677077
662,16089285793,872473112,https://shopee.com.br/product/872473112/16089285793
663,23502192939,308628919,https://shopee.com.br/product/308628919/23502192939
664,40052786166,1029852536,https://shopee.com.br/product/1029852536/40052786166
665,14094742245,872473112,https://shopee.com.br/product/872473112/14094742245
666,19098986103,872473112,https://shopee.com.br/product/872473112/19098986103
667,22693266098,638399297,https://shopee.com.br/product/638399297/22693266098
668,16413881100,455834389,https://shopee.com.br/product/455834389/16413881100
669,15094742224,872473112,https://shopee.com.br/product/872473112/15094742224
670,9066939348,455834389,https://shopee.com.br/product/455834389/9066939348
671,23892854259,1107280577,https://shopee.com.br/product/1107280577/23892854259
672,23398661015,638399297,https://shopee.com.br/product/638399297/23398661015
673,22793048899,1220316212,https://shopee.com.br/product/1220316212/22793048899
674,22392866161,638399297,https://shopee.com.br/product/638399297/22392866161
675,19897673992,855489892,https://shopee.com.br/product/855489892/19897673992
676,23098005590,952014476,https://shopee.com.br/product/952014476/23098005590
677,6991823842,455834389,https://shopee.com.br/product/455834389/6991823842
678,22593824790,826682830,https://shopee.com.br/product/826682830/22593824790
679,19960747690,872473112,https://shopee.com.br/product/872473112/19960747690
680,22392928506,752849300,https://shopee.com.br/product/752849300/22392928506
681,53702524570,402450553,https://shopee.com.br/product/402450553/53702524570
682,18998114287,1075271269,https://shopee.com.br/product/1075271269/18998114287
683,20597974150,648928964,https://shopee.com.br/product/648928964/20597974150
684,22393257145,404743073,https://shopee.com.br/product/404743073/22393257145
685,23098638354,855489892,https://shopee.com.br/product/855489892/23098638354
686,23597020182,349137150,https://shopee.com.br/product/349137150/23597020182
687,22997725016,1215229492,https://shopee.com.br/product/1215229492/22997725016
688,21731249169,455834389,https://shopee.com.br/product/455834389/21731249169
689,19999257846,375188138,https://shopee.com.br/product/375188138/19999257846
690,48503193978,530578890,https://shopee.com.br/product/530578890/48503193978
691,42126968935,1242718651,https://shopee.com.br/product/1242718651/42126968935
692,22299193672,1051446617,https://shopee.com.br/product/1051446617/22299193672
693,21599442178,349137150,https://shopee.com.br/product/349137150/21599442178
694,18899182092,1072763470,https://shopee.com.br/product/1072763470/18899182092
695,22893965406,1477305422,https://shopee.com.br/product/1477305422/22893965406
696,19799887395,455834389,https://shopee.com.br/product/455834389/19799887395
697,18999261325,548911108,https://shopee.com.br/product/548911108/18999261325
698,20899242558,842996464,https://shopee.com.br/product/842996464/20899242558
699,51859725220,373594761,https://shopee.com.br/product/373594761/51859725220
700,19554846126,386620566,https://shopee.com.br/product/386620566/19554846126
701,3056555924,455834389,https://shopee.com.br/product/455834389/3056555924
702,8042829005,379103154,https://shopee.com.br/product/379103154/8042829005
703,20098028819,869809385,https://shopee.com.br/product/869809385/20098028819
704,41428424566,869809385,https://shopee.com.br/product/869809385/41428424566
705,22698746160,1075271269,https://shopee.com.br/product/1075271269/22698746160
706,18599324830,648928964,https://shopee.com.br/product/648928964/18599324830
707,45356518174,842996464,https://shopee.com.br/product/842996464/45356518174
708,15894744991,872473112,https://shopee.com.br/product/872473112/15894744991
709,18998114293,1075271269,https://shopee.com.br/product/1075271269/18998114293
710,51754776265,1543737245,https://shopee.com.br/product/1543737245/51754776265
711,53556733627,842996464,https://shopee.com.br/product/842996464/53556733627
712,22693724923,1050213612,https://shopee.com.br/product/1050213612/22693724923
713,22300720009,522316174,https://shopee.com.br/product/522316174/22300720009
714,20855392932,522316174,https://shopee.com.br/product/522316174/20855392932
715,56115879834,869809385,https://shopee.com.br/product/869809385/56115879834
716,5295332377,455834389,https://shopee.com.br/product/455834389/5295332377
717,23408853998,872473112,https://shopee.com.br/product/872473112/23408853998
718,9680523252,455834389,https://shopee.com.br/product/455834389/9680523252
719,23398463955,1215229492,https://shopee.com.br/product/1215229492/23398463955
720,20899323296,580791382,https://shopee.com.br/product/580791382/20899323296
721,22693848919,1388709282,https://shopee.com.br/product/1388709282/22693848919
722,22698370316,455103761,https://shopee.com.br/product/455103761/22698370316
723,22091238674,952014476,https://shopee.com.br/product/952014476/22091238674
724,23692796147,872473112,https://shopee.com.br/product/872473112/23692796147
725,40718733109,402076848,https://shopee.com.br/product/402076848/40718733109
726,58258541695,965617276,https://shopee.com.br/product/965617276/58258541695
727,18197071526,952014476,https://shopee.com.br/product/952014476/18197071526
728,22093579932,1316611304,https://shopee.com.br/product/1316611304/22093579932
729,58211075574,378521219,https://shopee.com.br/product/378521219/58211075574
730,45105511896,869809385,https://shopee.com.br/product/869809385/45105511896
731,18657590379,308628919,https://shopee.com.br/product/308628919/18657590379
732,22598846422,1033307532,https://shopee.com.br/product/1033307532/22598846422
733,23698480262,1477305422,https://shopee.com.br/product/1477305422/23698480262
734,18797614991,1072763470,https://shopee.com.br/product/1072763470/18797614991
735,23423577720,869809385,https://shopee.com.br/product/869809385/23423577720
736,20097640041,318555124,https://shopee.com.br/product/318555124/20097640041
737,23698465243,1477305422,https://shopee.com.br/product/1477305422/23698465243
738,18299258581,855489892,https://shopee.com.br/product/855489892/18299258581
739,19460743171,872473112,https://shopee.com.br/product/872473112/19460743171
740,20397680752,1033307532,https://shopee.com.br/product/1033307532/20397680752
741,16481303000,810071078,https://shopee.com.br/product/810071078/16481303000
742,44428429212,869809385,https://shopee.com.br/product/869809385/44428429212
743,27116736185,433048807,https://shopee.com.br/product/433048807/27116736185
744,23197144997,455834389,https://shopee.com.br/product/455834389/23197144997
745,3190870855,359066629,https://shopee.com.br/product/359066629/3190870855
746,22097492984,580791382,https://shopee.com.br/product/580791382/22097492984
747,14752797524,455834389,https://shopee.com.br/product/455834389/14752797524
748,48606151359,572649927,https://shopee.com.br/product/572649927/48606151359
749,22319827258,379103154,https://shopee.com.br/product/379103154/22319827258
750,22898374057,826682830,https://shopee.com.br/product/826682830/22898374057
751,19897763415,869809385,https://shopee.com.br/product/869809385/19897763415
752,20960746884,872473112,https://shopee.com.br/product/872473112/20960746884
753,20199560783,842996464,https://shopee.com.br/product/842996464/20199560783
754,18657591102,308628919,https://shopee.com.br/product/308628919/18657591102
755,58213036317,1552226494,https://shopee.com.br/product/1552226494/58213036317
756,22892867177,455834389,https://shopee.com.br/product/455834389/22892867177
757,58254195621,1386771889,https://shopee.com.br/product/1386771889/58254195621
758,19999706654,1314243679,https://shopee.com.br/product/1314243679/19999706654
759,18097874624,1242718651,https://shopee.com.br/product/1242718651/18097874624
760,14804157866,428173977,https://shopee.com.br/product/428173977/14804157866
761,23799018501,1050213612,https://shopee.com.br/product/1050213612/23799018501
762,20274696553,872473112,https://shopee.com.br/product/872473112/20274696553
763,5177426867,373594761,https://shopee.com.br/product/373594761/5177426867
764,23597844949,580791382,https://shopee.com.br/product/580791382/23597844949
765,10911432860,455834389,https://shopee.com.br/product/455834389/10911432860
766,23092466594,872473112,https://shopee.com.br/product/872473112/23092466594
767,10638975567,359066629,https://shopee.com.br/product/359066629/10638975567
768,20098835155,333246733,https://shopee.com.br/product/333246733/20098835155
769,19898271910,308628919,https://shopee.com.br/product/308628919/19898271910
770,23597582768,1114000786,https://shopee.com.br/product/1114000786/23597582768
771,20766532580,872473112,https://shopee.com.br/product/872473112/20766532580
772,23398337144,548911108,https://shopee.com.br/product/548911108/23398337144
773,21699252111,855489892,https://shopee.com.br/product/855489892/21699252111
774,12897420831,872473112,https://shopee.com.br/product/872473112/12897420831
775,13297635607,371036439,https://shopee.com.br/product/371036439/13297635607
776,20897122297,869809385,https://shopee.com.br/product/869809385/20897122297
777,12197218340,308628919,https://shopee.com.br/product/308628919/12197218340
778,23793584787,530578890,https://shopee.com.br/product/530578890/23793584787
779,23692659266,455834389,https://shopee.com.br/product/455834389/23692659266
780,23495697113,638399297,https://shopee.com.br/product/638399297/23495697113
781,23502192823,308628919,https://shopee.com.br/product/308628919/23502192823
782,21900819573,752849300,https://shopee.com.br/product/752849300/21900819573
783,22697441039,816806234,https://shopee.com.br/product/816806234/22697441039
784,23893174318,1223725880,https://shopee.com.br/product/1223725880/23893174318
785,27144050934,869809385,https://shopee.com.br/product/869809385/27144050934
786,14429391595,455834389,https://shopee.com.br/product/455834389/14429391595
787,55909958297,402598512,https://shopee.com.br/product/402598512/55909958297
788,23196619359,436723291,https://shopee.com.br/product/436723291/23196619359
789,55855801118,534109767,https://shopee.com.br/product/534109767/55855801118
790,9281343354,455834389,https://shopee.com.br/product/455834389/9281343354
791,18657590362,308628919,https://shopee.com.br/product/308628919/18657590362
792,44033874357,869809385,https://shopee.com.br/product/869809385/44033874357
793,20360765894,872473112,https://shopee.com.br/product/872473112/20360765894
794,22592433761,548911108,https://shopee.com.br/product/548911108/22592433761
795,22398354815,1215229492,https://shopee.com.br/product/1215229492/22398354815
796,21460745894,872473112,https://shopee.com.br/product/872473112/21460745894
797,23193815015,826682830,https://shopee.com.br/product/826682830/23193815015
798,22999202025,455103761,https://shopee.com.br/product/455103761/22999202025
799,22192933619,752849300,https://shopee.com.br/product/752849300/22192933619
800,42209684675,442913304,https://shopee.com.br/product/442913304/42209684675
801,21798139607,872473112,https://shopee.com.br/product/872473112/21798139607
802,23792593631,504745949,https://shopee.com.br/product/504745949/23792593631
803,22893843192,872473112,https://shopee.com.br/product/872473112/22893843192
804,19999296974,580791382,https://shopee.com.br/product/580791382/19999296974
805,19797613445,1072763470,https://shopee.com.br/product/1072763470/19797613445
806,21000824078,752849300,https://shopee.com.br/product/752849300/21000824078
807,41578423898,869809385,https://shopee.com.br/product/869809385/41578423898
808,27081092848,572649927,https://shopee.com.br/product/572649927/27081092848
809,22693529635,965617276,https://shopee.com.br/product/965617276/22693529635
810,9564935584,455834389,https://shopee.com.br/product/455834389/9564935584
811,8791738412,455834389,https://shopee.com.br/product/455834389/8791738412
812,21297987298,572649927,https://shopee.com.br/product/572649927/21297987298
813,18966496799,872473112,https://shopee.com.br/product/872473112/18966496799
814,18697435377,504745949,https://shopee.com.br/product/504745949/18697435377
815,8512129526,365257077,https://shopee.com.br/product/365257077/8512129526
816,57705489534,869809385,https://shopee.com.br/product/869809385/57705489534
817,19497738818,1215229492,https://shopee.com.br/product/1215229492/19497738818
818,18698148011,648928964,https://shopee.com.br/product/648928964/18698148011
819,21297683703,1220316212,https://shopee.com.br/product/1220316212/21297683703
820,23893086964,648928964,https://shopee.com.br/product/648928964/23893086964
821,56854752212,869809385,https://shopee.com.br/product/869809385/56854752212
822,5277269138,345061139,https://shopee.com.br/product/345061139/5277269138
823,19799495385,1033307532,https://shopee.com.br/product/1033307532/19799495385
824,22092301502,455834389,https://shopee.com.br/product/455834389/22092301502
825,58206874416,1097902002,https://shopee.com.br/product/1097902002/58206874416
826,22198249523,872473112,https://shopee.com.br/product/872473112/22198249523
827,20470988992,752849300,https://shopee.com.br/product/752849300/20470988992
828,58254293149,1097902002,https://shopee.com.br/product/1097902002/58254293149
829,18899494822,548911108,https://shopee.com.br/product/548911108/18899494822
830,22598799992,872473112,https://shopee.com.br/product/872473112/22598799992
831,43478431949,869809385,https://shopee.com.br/product/869809385/43478431949
832,49704772293,869809385,https://shopee.com.br/product/869809385/49704772293
833,17868584669,752849300,https://shopee.com.br/product/752849300/17868584669
834,22193523409,436723291,https://shopee.com.br/product/436723291/22193523409
835,9519569850,376053737,https://shopee.com.br/product/376053737/9519569850
836,22994339743,1079030436,https://shopee.com.br/product/1079030436/22994339743
837,22192822752,445163047,https://shopee.com.br/product/445163047/22192822752
838,22498181148,400124163,https://shopee.com.br/product/400124163/22498181148
839,21298001996,530578890,https://shopee.com.br/product/530578890/21298001996
840,20060767441,872473112,https://shopee.com.br/product/872473112/20060767441
841,23792987184,855489892,https://shopee.com.br/product/855489892/23792987184
842,18697380111,872473112,https://shopee.com.br/product/872473112/18697380111
843,12231186311,548911108,https://shopee.com.br/product/548911108/12231186311
844,18097992545,455103761,https://shopee.com.br/product/455103761/18097992545
845,18657590486,308628919,https://shopee.com.br/product/308628919/18657590486
846,19797613428,1072763470,https://shopee.com.br/product/1072763470/19797613428
847,20897677540,1050213612,https://shopee.com.br/product/1050213612/20897677540
848,19597995531,872473112,https://shopee.com.br/product/872473112/19597995531
849,26280178292,869809385,https://shopee.com.br/product/869809385/26280178292
850,23523270938,333246733,https://shopee.com.br/product/333246733/23523270938
851,22098017910,530578890,https://shopee.com.br/product/530578890/22098017910
852,22893118394,580791382,https://shopee.com.br/product/580791382/22893118394
853,58259747478,1083800536,https://shopee.com.br/product/1083800536/58259747478
854,22698166613,436723291,https://shopee.com.br/product/436723291/22698166613
855,58256414644,1083800536,https://shopee.com.br/product/1083800536/58256414644
856,9061880339,455834389,https://shopee.com.br/product/455834389/9061880339
857,21098028133,408578430,https://shopee.com.br/product/408578430/21098028133
858,11417731367,455834389,https://shopee.com.br/product/455834389/11417731367
859,20699570021,1215229492,https://shopee.com.br/product/1215229492/20699570021
860,22805952703,752849300,https://shopee.com.br/product/752849300/22805952703
861,22498077535,984366979,https://shopee.com.br/product/984366979/22498077535
862,22899008530,648928964,https://shopee.com.br/product/648928964/22899008530
863,56654216843,310274254,https://shopee.com.br/product/310274254/56654216843
864,21699048901,1106802794,https://shopee.com.br/product/1106802794/21699048901
865,23392986802,855489892,https://shopee.com.br/product/855489892/23392986802
866,16789285696,872473112,https://shopee.com.br/product/872473112/16789285696
867,21699571967,855489892,https://shopee.com.br/product/855489892/21699571967
868,20460731872,872473112,https://shopee.com.br/product/872473112/20460731872
869,23594395188,872473112,https://shopee.com.br/product/872473112/23594395188
870,27394974371,464586953,https://shopee.com.br/product/464586953/27394974371
871,21797664251,311163565,https://shopee.com.br/product/311163565/21797664251
872,18899494833,548911108,https://shopee.com.br/product/548911108/18899494833
873,6491432707,455834389,https://shopee.com.br/product/455834389/6491432707
874,11112176209,310274254,https://shopee.com.br/product/310274254/11112176209
875,6958472587,318555124,https://shopee.com.br/product/318555124/6958472587
876,23793114183,580791382,https://shopee.com.br/product/580791382/23793114183
877,18499564835,1329429906,https://shopee.com.br/product/1329429906/18499564835
878,22695974443,872473112,https://shopee.com.br/product/872473112/22695974443
879,20864175806,371036439,https://shopee.com.br/product/371036439/20864175806
880,22098850272,1477305422,https://shopee.com.br/product/1477305422/22098850272
881,58253907112,1561901020,https://shopee.com.br/product/1561901020/58253907112
882,11715234726,455834389,https://shopee.com.br/product/455834389/11715234726
883,22597306702,872473112,https://shopee.com.br/product/872473112/22597306702
884,10661120804,548911108,https://shopee.com.br/product/548911108/10661120804
885,19660746569,872473112,https://shopee.com.br/product/872473112/19660746569
886,19699552190,580791382,https://shopee.com.br/product/580791382/19699552190
887,14681799304,752849300,https://shopee.com.br/product/752849300/14681799304
888,22094379987,1242213783,https://shopee.com.br/product/1242213783/22094379987
889,22298137289,436723291,https://shopee.com.br/product/436723291/22298137289
890,48757741379,775496126,https://shopee.com.br/product/775496126/48757741379
891,20399560691,402450553,https://shopee.com.br/product/402450553/20399560691
892,23597998514,1344250083,https://shopee.com.br/product/1344250083/23597998514
893,3994683476,455834389,https://shopee.com.br/product/455834389/3994683476
894,22298900882,1612996637,https://shopee.com.br/product/1612996637/22298900882
895,22998132447,648928964,https://shopee.com.br/product/648928964/22998132447
896,18599853073,1033307532,https://shopee.com.br/product/1033307532/18599853073
897,17462829075,752849300,https://shopee.com.br/product/752849300/17462829075
898,22197938764,680601528,https://shopee.com.br/product/680601528/22197938764
899,23397616832,648928964,https://shopee.com.br/product/648928964/23397616832
900,22892650825,316869228,https://shopee.com.br/product/316869228/22892650825
901,23614404238,386620566,https://shopee.com.br/product/386620566/23614404238
902,19497658245,638399297,https://shopee.com.br/product/638399297/19497658245
903,23394959756,1654079737,https://shopee.com.br/product/1654079737/23394959756
904,18369216499,752849300,https://shopee.com.br/product/752849300/18369216499
905,19460767679,872473112,https://shopee.com.br/product/872473112/19460767679
906,23992387001,408653169,https://shopee.com.br/product/408653169/23992387001
907,23197483717,855489892,https://shopee.com.br/product/855489892/23197483717
908,23094303270,872473112,https://shopee.com.br/product/872473112/23094303270
909,10052654875,455834389,https://shopee.com.br/product/455834389/10052654875
910,14714668521,408128510,https://shopee.com.br/product/408128510/14714668521
911,21299854056,1242213783,https://shopee.com.br/product/1242213783/21299854056
912,22192997124,855489892,https://shopee.com.br/product/855489892/22192997124
913,25973956422,428173977,https://shopee.com.br/product/428173977/25973956422
914,43729496453,402450553,https://shopee.com.br/product/402450553/43729496453
915,22218379729,842996464,https://shopee.com.br/product/842996464/22218379729
916,18698148005,648928964,https://shopee.com.br/product/648928964/18698148005
917,23298009263,375188138,https://shopee.com.br/product/375188138/23298009263
918,58211768818,548911108,https://shopee.com.br/product/548911108/58211768818
919,21999826662,455103761,https://shopee.com.br/product/455103761/21999826662
920,22932623445,308628919,https://shopee.com.br/product/308628919/22932623445
921,22798449786,1097902002,https://shopee.com.br/product/1097902002/22798449786
922,21398077878,1242213783,https://shopee.com.br/product/1242213783/21398077878
923,22498698184,1075271269,https://shopee.com.br/product/1075271269/22498698184
924,9811136293,373594761,https://shopee.com.br/product/373594761/9811136293
925,9680884533,455834389,https://shopee.com.br/product/455834389/9680884533
926,23194364809,705932885,https://shopee.com.br/product/705932885/23194364809
927,53205500914,869809385,https://shopee.com.br/product/869809385/53205500914
928,22698746130,1075271269,https://shopee.com.br/product/1075271269/22698746130
929,11620346554,455834389,https://shopee.com.br/product/455834389/11620346554
930,22697451736,842996464,https://shopee.com.br/product/842996464/22697451736
931,23094511844,648928964,https://shopee.com.br/product/648928964/23094511844
932,58252991285,1612996637,https://shopee.com.br/product/1612996637/58252991285
933,23694211516,1072763470,https://shopee.com.br/product/1072763470/23694211516
934,22394334077,1477305422,https://shopee.com.br/product/1477305422/22394334077
935,15210645896,455834389,https://shopee.com.br/product/455834389/15210645896
936,21999705493,1477305422,https://shopee.com.br/product/1477305422/21999705493
937,23892657085,855489892,https://shopee.com.br/product/855489892/23892657085
938,13697409508,872473112,https://shopee.com.br/product/872473112/13697409508
939,20298186971,455103761,https://shopee.com.br/product/455103761/20298186971
940,23193548613,965617276,https://shopee.com.br/product/965617276/23193548613
941,5895232821,455834389,https://shopee.com.br/product/455834389/5895232821
942,21299297125,855489892,https://shopee.com.br/product/855489892/21299297125
943,19860801211,872473112,https://shopee.com.br/product/872473112/19860801211
944,22094198187,580791382,https://shopee.com.br/product/580791382/22094198187
945,21598132358,580791382,https://shopee.com.br/product/580791382/21598132358
946,18060738928,872473112,https://shopee.com.br/product/872473112/18060738928
947,58204286898,1075271269,https://shopee.com.br/product/1075271269/58204286898
948,57557620821,455834389,https://shopee.com.br/product/455834389/57557620821
949,22992934887,872473112,https://shopee.com.br/product/872473112/22992934887
950,16389285660,872473112,https://shopee.com.br/product/872473112/16389285660
951,18999258224,1220316212,https://shopee.com.br/product/1220316212/18999258224
952,20697803866,855489892,https://shopee.com.br/product/855489892/20697803866
953,18897614601,1097902002,https://shopee.com.br/product/1097902002/18897614601
954,16262851597,752849300,https://shopee.com.br/product/752849300/16262851597
955,58213323050,1553092714,https://shopee.com.br/product/1553092714/58213323050
956,22497684451,1302727497,https://shopee.com.br/product/1302727497/22497684451
957,22592945389,455834389,https://shopee.com.br/product/455834389/22592945389
958,21499360171,869809385,https://shopee.com.br/product/869809385/21499360171
959,21597670756,648928964,https://shopee.com.br/product/648928964/21597670756
960,18299258663,855489892,https://shopee.com.br/product/855489892/18299258663
961,58259849825,1083800536,https://shopee.com.br/product/1083800536/58259849825
962,22893741352,356560587,https://shopee.com.br/product/356560587/22893741352
963,18197630808,548911108,https://shopee.com.br/product/548911108/18197630808
964,22998230440,842996464,https://shopee.com.br/product/842996464/22998230440
965,22222770543,842996464,https://shopee.com.br/product/842996464/22222770543
966,23298232852,704493455,https://shopee.com.br/product/704493455/23298232852
967,43057344241,406894684,https://shopee.com.br/product/406894684/43057344241
968,21841541894,687950391,https://shopee.com.br/product/687950391/21841541894
969,58259061541,310711835,https://shopee.com.br/product/310711835/58259061541
970,23098798153,1477305422,https://shopee.com.br/product/1477305422/23098798153
971,58253681039,984366979,https://shopee.com.br/product/984366979/58253681039
972,20597987476,842996464,https://shopee.com.br/product/842996464/20597987476
973,58209084849,1097902002,https://shopee.com.br/product/1097902002/58209084849
974,21197976328,442506479,https://shopee.com.br/product/442506479/21197976328
975,22997433461,548911108,https://shopee.com.br/product/548911108/22997433461
976,23293509732,855489892,https://shopee.com.br/product/855489892/23293509732
977,23497696776,1215229492,https://shopee.com.br/product/1215229492/23497696776
978,23502192949,308628919,https://shopee.com.br/product/308628919/23502192949
979,22893963927,1500637302,https://shopee.com.br/product/1500637302/22893963927
980,12891171043,752849300,https://shopee.com.br/product/752849300/12891171043
981,18557590437,308628919,https://shopee.com.br/product/308628919/18557590437
982,23997767971,1235923910,https://shopee.com.br/product/1235923910/23997767971
983,23902192269,308628919,https://shopee.com.br/product/308628919/23902192269
984,21460745839,872473112,https://shopee.com.br/product/872473112/21460745839
985,10020093012,455834389,https://shopee.com.br/product/455834389/10020093012
986,21797379851,455834389,https://shopee.com.br/product/455834389/21797379851
987,22594303469,872473112,https://shopee.com.br/product/872473112/22594303469
988,23697446026,308628919,https://shopee.com.br/product/308628919/23697446026
989,20498290473,855489892,https://shopee.com.br/product/855489892/20498290473
990,22893947550,638399297,https://shopee.com.br/product/638399297/22893947550
991,23897136909,455834389,https://shopee.com.br/product/455834389/23897136909
992,23797539974,1220316212,https://shopee.com.br/product/1220316212/23797539974
993,11811425946,455834389,https://shopee.com.br/product/455834389/11811425946
994,23792089926,312820805,https://shopee.com.br/product/312820805/23792089926
995,22198021742,855489892,https://shopee.com.br/product/855489892/22198021742
996,19460746512,872473112,https://shopee.com.br/product/872473112/19460746512
997,23098234788,872473112,https://shopee.com.br/product/872473112/23098234788
998,22197482886,855489892,https://shopee.com.br/product/855489892/22197482886
999,22994706564,395742608,https://shopee.com.br/product/395742608/22994706564
1000,58200111942,580791382,https://shopee.com.br/product/580791382/58200111942
1001,19796906701,775496126,https://shopee.com.br/product/775496126/19796906701
1002,22897124359,308628919,https://shopee.com.br/product/308628919/22897124359
1003,22598697971,952014476,https://shopee.com.br/product/952014476/22598697971
1004,22994145492,1081505086,https://shopee.com.br/product/1081505086/22994145492
1005,8777994734,455834389,https://shopee.com.br/product/455834389/8777994734
1006,23999636181,548911108,https://shopee.com.br/product/548911108/23999636181
1007,15842264571,322399178,https://shopee.com.br/product/322399178/15842264571
1008,22193999100,390327339,https://shopee.com.br/product/390327339/22193999100
1009,19664305706,308628919,https://shopee.com.br/product/308628919/19664305706
1010,22193526381,1033307532,https://shopee.com.br/product/1033307532/22193526381
1011,14747703421,400124163,https://shopee.com.br/product/400124163/14747703421
1012,21860745213,872473112,https://shopee.com.br/product/872473112/21860745213
1013,18897682534,580791382,https://shopee.com.br/product/580791382/18897682534
1014,53305500935,869809385,https://shopee.com.br/product/869809385/53305500935
1015,18497661100,548911108,https://shopee.com.br/product/548911108/18497661100
1016,20697787782,1215229492,https://shopee.com.br/product/1215229492/20697787782
1017,18899337404,1002664154,https://shopee.com.br/product/1002664154/18899337404
1018,40722776896,318555124,https://shopee.com.br/product/318555124/40722776896
1019,23020912335,842996464,https://shopee.com.br/product/842996464/23020912335
1020,22196142272,952014476,https://shopee.com.br/product/952014476/22196142272
1021,44378054500,869809385,https://shopee.com.br/product/869809385/44378054500
1022,23492597184,281898655,https://shopee.com.br/product/281898655/23492597184
1023,20275973947,548911108,https://shopee.com.br/product/548911108/20275973947
1024,19999334090,638399297,https://shopee.com.br/product/638399297/19999334090
1025,19797680929,580791382,https://shopee.com.br/product/580791382/19797680929
1026,5757628987,318555124,https://shopee.com.br/product/318555124/5757628987
1027,12831231059,548911108,https://shopee.com.br/product/548911108/12831231059
1028,23397440822,580791382,https://shopee.com.br/product/580791382/23397440822
1029,58252682549,1537828773,https://shopee.com.br/product/1537828773/58252682549
1030,22798644058,1242213783,https://shopee.com.br/product/1242213783/22798644058
1031,11994352395,365257077,https://shopee.com.br/product/365257077/11994352395
1032,12311212369,359066629,https://shopee.com.br/product/359066629/12311212369
1033,22432492965,869809385,https://shopee.com.br/product/869809385/22432492965
1034,58206438168,872473112,https://shopee.com.br/product/872473112/58206438168
1035,20597662748,404743073,https://shopee.com.br/product/404743073/20597662748
1036,21997673836,855489892,https://shopee.com.br/product/855489892/21997673836
1037,23294345341,1242213783,https://shopee.com.br/product/1242213783/23294345341
1038,22793920879,872473112,https://shopee.com.br/product/872473112/22793920879
1039,23297479771,855489892,https://shopee.com.br/product/855489892/23297479771
1040,22398410444,1075271269,https://shopee.com.br/product/1075271269/22398410444
1041,9254927782,359066629,https://shopee.com.br/product/359066629/9254927782
1042,23694015112,1477305422,https://shopee.com.br/product/1477305422/23694015112
1043,21499575547,1235923910,https://shopee.com.br/product/1235923910/21499575547
1044,21499187069,984366979,https://shopee.com.br/product/984366979/21499187069
1045,55408892595,299192732,https://shopee.com.br/product/299192732/55408892595
1046,23892674978,1220316212,https://shopee.com.br/product/1220316212/23892674978
1047,20472128062,842996464,https://shopee.com.br/product/842996464/20472128062
1048,21799831542,1215229492,https://shopee.com.br/product/1215229492/21799831542
1049,17711383250,436723291,https://shopee.com.br/product/436723291/17711383250
1050,19264301267,308628919,https://shopee.com.br/product/308628919/19264301267
1051,7566292033,322399178,https://shopee.com.br/product/322399178/7566292033
1052,21798964901,648928964,https://shopee.com.br/product/648928964/21798964901
1053,58203022897,648928964,https://shopee.com.br/product/648928964/58203022897
1054,23191204749,638399297,https://shopee.com.br/product/638399297/23191204749
1055,55611348337,927963980,https://shopee.com.br/product/927963980/55611348337
1056,22921733160,842996464,https://shopee.com.br/product/842996464/22921733160
1057,58250727901,1215229492,https://shopee.com.br/product/1215229492/58250727901
1058,58258579947,1526836548,https://shopee.com.br/product/1526836548/58258579947
1059,51353900333,390327339,https://shopee.com.br/product/390327339/51353900333
1060,23998833645,1609508474,https://shopee.com.br/product/1609508474/23998833645
1061,23796990201,548911108,https://shopee.com.br/product/548911108/23796990201
1062,22798091118,869809385,https://shopee.com.br/product/869809385/22798091118
1063,22297494011,855489892,https://shopee.com.br/product/855489892/22297494011
1064,22709565875,648928964,https://shopee.com.br/product/648928964/22709565875
1065,22291442042,455834389,https://shopee.com.br/product/455834389/22291442042
1066,18064812773,889942432,https://shopee.com.br/product/889942432/18064812773
1067,42402988760,869809385,https://shopee.com.br/product/869809385/42402988760
1068,22497551393,349137150,https://shopee.com.br/product/349137150/22497551393
1069,20251342119,334741920,https://shopee.com.br/product/334741920/20251342119
1070,22396155094,433048807,https://shopee.com.br/product/433048807/22396155094
1071,20797978086,390327339,https://shopee.com.br/product/390327339/20797978086
1072,23492495156,653044811,https://shopee.com.br/product/653044811/23492495156
1073,55757680082,534109767,https://shopee.com.br/product/534109767/55757680082
1074,19197681754,580791382,https://shopee.com.br/product/580791382/19197681754
1075,22798033844,822103155,https://shopee.com.br/product/822103155/22798033844
1076,10116482888,455834389,https://shopee.com.br/product/455834389/10116482888
1077,18798986729,404743073,https://shopee.com.br/product/404743073/18798986729
1078,19464295920,308628919,https://shopee.com.br/product/308628919/19464295920
1079,22693641310,530578890,https://shopee.com.br/product/530578890/22693641310
1080,20060214450,648928964,https://shopee.com.br/product/648928964/20060214450
1081,20000821911,752849300,https://shopee.com.br/product/752849300/20000821911
1082,22497568734,916172870,https://shopee.com.br/product/916172870/22497568734
1083,18697614776,648928964,https://shopee.com.br/product/648928964/18697614776
1084,51456291630,638399297,https://shopee.com.br/product/638399297/51456291630
1085,22193438341,1215229492,https://shopee.com.br/product/1215229492/22193438341
1086,58254926721,872473112,https://shopee.com.br/product/872473112/58254926721
1087,22198726306,959567682,https://shopee.com.br/product/959567682/22198726306
1088,20599247018,855489892,https://shopee.com.br/product/855489892/20599247018
1089,22597478013,855489892,https://shopee.com.br/product/855489892/22597478013
1090,18597692125,333246733,https://shopee.com.br/product/333246733/18597692125
1091,22594959492,1788001787,https://shopee.com.br/product/1788001787/22594959492
1092,23998514137,1081505086,https://shopee.com.br/product/1081505086/23998514137
1093,13020562290,455834389,https://shopee.com.br/product/455834389/13020562290
1094,22894353905,638399297,https://shopee.com.br/product/638399297/22894353905
1095,23094015609,1477305422,https://shopee.com.br/product/1477305422/23094015609
1096,20431249192,455834389,https://shopee.com.br/product/455834389/20431249192
1097,26943918500,826682830,https://shopee.com.br/product/826682830/26943918500
1098,22493562056,889942432,https://shopee.com.br/product/889942432/22493562056
1099,57406451888,373594761,https://shopee.com.br/product/373594761/57406451888
1100,13290580596,455834389,https://shopee.com.br/product/455834389/13290580596
1101,23099155471,1617519379,https://shopee.com.br/product/1617519379/23099155471
1102,20876201246,308628919,https://shopee.com.br/product/308628919/20876201246
1103,58254931255,872473112,https://shopee.com.br/product/872473112/58254931255
1104,18098082062,822103155,https://shopee.com.br/product/822103155/18098082062
1105,22393544133,580791382,https://shopee.com.br/product/580791382/22393544133
1106,19797613402,1072763470,https://shopee.com.br/product/1072763470/19797613402
1107,54061189609,869809385,https://shopee.com.br/product/869809385/54061189609
1108,22293099884,855489892,https://shopee.com.br/product/855489892/22293099884
1109,25997282261,601021305,https://shopee.com.br/product/601021305/25997282261
1110,22694310714,580791382,https://shopee.com.br/product/580791382/22694310714
1111,20396947763,313968882,https://shopee.com.br/product/313968882/20396947763
1112,23094303185,872473112,https://shopee.com.br/product/872473112/23094303185
1113,22996493633,889942432,https://shopee.com.br/product/889942432/22996493633
1114,23194951643,1083800536,https://shopee.com.br/product/1083800536/23194951643
1115,55957834558,534109767,https://shopee.com.br/product/534109767/55957834558
1116,18621751112,455834389,https://shopee.com.br/product/455834389/18621751112
1117,23097545143,1220316212,https://shopee.com.br/product/1220316212/23097545143
1118,22893965418,1477305422,https://shopee.com.br/product/1477305422/22893965418
1119,22597361261,356560587,https://shopee.com.br/product/356560587/22597361261
1120,7490861060,455834389,https://shopee.com.br/product/455834389/7490861060
1121,23497558285,1114000786,https://shopee.com.br/product/1114000786/23497558285
1122,58209875277,1608971773,https://shopee.com.br/product/1608971773/58209875277
1123,19899593241,1242213783,https://shopee.com.br/product/1242213783/19899593241
1124,21399368380,1235923910,https://shopee.com.br/product/1235923910/21399368380
1125,58208147366,826682830,https://shopee.com.br/product/826682830/58208147366
1126,20599257428,1220316212,https://shopee.com.br/product/1220316212/20599257428
1127,23597483539,855489892,https://shopee.com.br/product/855489892/23597483539
1128,58257081737,826682830,https://shopee.com.br/product/826682830/58257081737
1129,19298107562,791969908,https://shopee.com.br/product/791969908/19298107562
1130,22293890984,402450553,https://shopee.com.br/product/402450553/22293890984
1131,23092947350,752849300,https://shopee.com.br/product/752849300/23092947350
1132,56805502193,869809385,https://shopee.com.br/product/869809385/56805502193
1133,19997315254,408653169,https://shopee.com.br/product/408653169/19997315254
1134,23593827207,379103154,https://shopee.com.br/product/379103154/23593827207
1135,10816926444,455834389,https://shopee.com.br/product/455834389/10816926444
1136,22824957791,842996464,https://shopee.com.br/product/842996464/22824957791
1137,18499256581,791969908,https://shopee.com.br/product/791969908/18499256581
1138,15563232305,704493455,https://shopee.com.br/product/704493455/15563232305
1139,23597502729,444869236,https://shopee.com.br/product/444869236/23597502729
1140,22492934639,455834389,https://shopee.com.br/product/455834389/22492934639
1141,22298063096,855489892,https://shopee.com.br/product/855489892/22298063096
1142,10919907980,455834389,https://shopee.com.br/product/455834389/10919907980
1143,23991017613,752849300,https://shopee.com.br/product/752849300/23991017613
1144,22592662701,1106021667,https://shopee.com.br/product/1106021667/22592662701
1145,57858565546,402076848,https://shopee.com.br/product/402076848/57858565546
1146,23992640223,455834389,https://shopee.com.br/product/455834389/23992640223
1147,22793903658,1072763470,https://shopee.com.br/product/1072763470/22793903658
1148,21799608122,872473112,https://shopee.com.br/product/872473112/21799608122
1149,23694224018,872473112,https://shopee.com.br/product/872473112/23694224018
1150,42600999170,323288678,https://shopee.com.br/product/323288678/42600999170
1151,18299266139,855489892,https://shopee.com.br/product/855489892/18299266139
1152,22892940158,308628919,https://shopee.com.br/product/308628919/22892940158
1153,18540629228,455834389,https://shopee.com.br/product/455834389/18540629228
1154,22899190563,1215229492,https://shopee.com.br/product/1215229492/22899190563
1155,22397724319,1215229492,https://shopee.com.br/product/1215229492/22397724319
1156,23497548326,371036439,https://shopee.com.br/product/371036439/23497548326
1157,22897916108,1033307532,https://shopee.com.br/product/1033307532/22897916108
1158,53850811365,1507942655,https://shopee.com.br/product/1507942655/53850811365
1159,22397974742,680601528,https://shopee.com.br/product/680601528/22397974742
1160,10037200649,359066629,https://shopee.com.br/product/359066629/10037200649
1161,22594303441,872473112,https://shopee.com.br/product/872473112/22594303441
1162,22098076082,648928964,https://shopee.com.br/product/648928964/22098076082
1163,41272788674,365257077,https://shopee.com.br/product/365257077/41272788674
1164,23597998531,1344250083,https://shopee.com.br/product/1344250083/23597998531
1165,20299186396,872473112,https://shopee.com.br/product/872473112/20299186396
1166,20072097485,842996464,https://shopee.com.br/product/842996464/20072097485
1167,54816188897,1543737245,https://shopee.com.br/product/1543737245/54816188897
1168,58261495932,1079030436,https://shopee.com.br/product/1079030436/58261495932
1169,23793544813,333246733,https://shopee.com.br/product/333246733/23793544813
1170,43352246151,357239640,https://shopee.com.br/product/357239640/43352246151
1171,19697668977,455103761,https://shopee.com.br/product/455103761/19697668977
1172,23298479531,822103155,https://shopee.com.br/product/822103155/23298479531
1173,58254295880,1097902002,https://shopee.com.br/product/1097902002/58254295880
1174,19799557763,489001115,https://shopee.com.br/product/489001115/19799557763
1175,23793639471,530578890,https://shopee.com.br/product/530578890/23793639471
1176,15227147383,638399297,https://shopee.com.br/product/638399297/15227147383
1177,23593683609,436723291,https://shopee.com.br/product/436723291/23593683609
1178,12130429590,455834389,https://shopee.com.br/product/455834389/12130429590
1179,19499551571,855489892,https://shopee.com.br/product/855489892/19499551571
1180,18197691892,855489892,https://shopee.com.br/product/855489892/18197691892
1181,45951932962,504745949,https://shopee.com.br/product/504745949/45951932962
1182,7577414729,373594761,https://shopee.com.br/product/373594761/7577414729
1183,23793111317,580791382,https://shopee.com.br/product/580791382/23793111317
1184,23597438439,548911108,https://shopee.com.br/product/548911108/23597438439
1185,23402192951,308628919,https://shopee.com.br/product/308628919/23402192951
1186,42928424592,869809385,https://shopee.com.br/product/869809385/42928424592
1187,19357830274,842996464,https://shopee.com.br/product/842996464/19357830274
1188,58208571292,648928964,https://shopee.com.br/product/648928964/58208571292
1189,22793009876,455103761,https://shopee.com.br/product/455103761/22793009876
1190,20199253230,704493455,https://shopee.com.br/product/704493455/20199253230
1191,22397545188,1220316212,https://shopee.com.br/product/1220316212/22397545188
1192,3891851462,455834389,https://shopee.com.br/product/455834389/3891851462
1193,22093503646,442506479,https://shopee.com.br/product/442506479/22093503646
1194,18700833715,752849300,https://shopee.com.br/product/752849300/18700833715
1195,22497354901,548911108,https://shopee.com.br/product/548911108/22497354901
1196,22197555907,1220316212,https://shopee.com.br/product/1220316212/22197555907
1197,22692337093,455834389,https://shopee.com.br/product/455834389/22692337093
1198,23193887669,855489892,https://shopee.com.br/product/855489892/23193887669
1199,26944547449,359168917,https://shopee.com.br/product/359168917/26944547449
1200,23597443721,752849300,https://shopee.com.br/product/752849300/23597443721
1201,23194959823,378521219,https://shopee.com.br/product/378521219/23194959823
1202,22597692461,580791382,https://shopee.com.br/product/580791382/22597692461
1203,58203267575,1107280577,https://shopee.com.br/product/1107280577/58203267575
1204,18399035442,375188138,https://shopee.com.br/product/375188138/18399035442
1205,19999334098,638399297,https://shopee.com.br/product/638399297/19999334098
1206,7577414751,373594761,https://shopee.com.br/product/373594761/7577414751
1207,18998114305,1075271269,https://shopee.com.br/product/1075271269/18998114305
1208,23198362612,357239640,https://shopee.com.br/product/357239640/23198362612
1209,18657591006,308628919,https://shopee.com.br/product/308628919/18657591006
1210,3295279242,455834389,https://shopee.com.br/product/455834389/3295279242
1211,23493873931,1045133925,https://shopee.com.br/product/1045133925/23493873931
1212,22898142994,1235923910,https://shopee.com.br/product/1235923910/22898142994
1213,22535012492,371036439,https://shopee.com.br/product/371036439/22535012492
1214,23492839062,455834389,https://shopee.com.br/product/455834389/23492839062
1215,20199198033,413680793,https://shopee.com.br/product/413680793/20199198033
1216,18398959129,333246733,https://shopee.com.br/product/333246733/18398959129
1217,18998015613,855489892,https://shopee.com.br/product/855489892/18998015613
1218,18657590433,308628919,https://shopee.com.br/product/308628919/18657590433
1219,23598350763,1242213783,https://shopee.com.br/product/1242213783/23598350763
1220,43678429467,869809385,https://shopee.com.br/product/869809385/43678429467
1221,21998520622,869809385,https://shopee.com.br/product/869809385/21998520622
1222,58209091923,1083800536,https://shopee.com.br/product/1083800536/58209091923
1223,46105825058,534109767,https://shopee.com.br/product/534109767/46105825058
1224,58264780842,1552226494,https://shopee.com.br/product/1552226494/58264780842
1225,10136299818,360012700,https://shopee.com.br/product/360012700/10136299818
1226,23393200239,1215229492,https://shopee.com.br/product/1215229492/23393200239
1227,48757784150,402598512,https://shopee.com.br/product/402598512/48757784150
1228,12331185114,548911108,https://shopee.com.br/product/548911108/12331185114
1229,58257244389,826682830,https://shopee.com.br/product/826682830/58257244389
1230,8775420212,455834389,https://shopee.com.br/product/455834389/8775420212
1231,14533179371,455834389,https://shopee.com.br/product/455834389/14533179371
1232,23093050920,375188138,https://shopee.com.br/product/375188138/23093050920
1233,23997378361,402076848,https://shopee.com.br/product/402076848/23997378361
1234,23194964563,349137150,https://shopee.com.br/product/349137150/23194964563
1235,51707619214,455834389,https://shopee.com.br/product/455834389/51707619214
1236,3794580069,455834389,https://shopee.com.br/product/455834389/3794580069
1237,46255526054,869809385,https://shopee.com.br/product/869809385/46255526054
1238,18198035187,855489892,https://shopee.com.br/product/855489892/18198035187
1239,56907077746,572649927,https://shopee.com.br/product/572649927/56907077746
1240,20798076810,1075271269,https://shopee.com.br/product/1075271269/20798076810
1241,22698755926,580791382,https://shopee.com.br/product/580791382/22698755926
1242,43633359886,721033344,https://shopee.com.br/product/721033344/43633359886
1243,58055501830,869809385,https://shopee.com.br/product/869809385/58055501830
1244,7457245520,322399178,https://shopee.com.br/product/322399178/7457245520
1245,18199271148,855489892,https://shopee.com.br/product/855489892/18199271148
1246,19999542721,402450553,https://shopee.com.br/product/402450553/19999542721
1247,20699833709,1553092714,https://shopee.com.br/product/1553092714/20699833709
1248,23597582726,1114000786,https://shopee.com.br/product/1114000786/23597582726
1249,20797925302,548911108,https://shopee.com.br/product/548911108/20797925302
1250,23497090945,281898655,https://shopee.com.br/product/281898655/23497090945
1251,24196633897,572649927,https://shopee.com.br/product/572649927/24196633897
1252,23994239993,638399297,https://shopee.com.br/product/638399297/23994239993
1253,14935271031,373594761,https://shopee.com.br/product/373594761/14935271031
1254,21699843165,318894435,https://shopee.com.br/product/318894435/21699843165
1255,23691105591,719930213,https://shopee.com.br/product/719930213/23691105591
1256,23997029360,402076848,https://shopee.com.br/product/402076848/23997029360
1257,22498041807,965617276,https://shopee.com.br/product/965617276/22498041807
1258,22098867281,1242213783,https://shopee.com.br/product/1242213783/22098867281
1259,48866703247,869809385,https://shopee.com.br/product/869809385/48866703247
1260,40258071318,373594761,https://shopee.com.br/product/373594761/40258071318
1261,23993048811,1220316212,https://shopee.com.br/product/1220316212/23993048811
1262,22698529351,1081505086,https://shopee.com.br/product/1081505086/22698529351
1263,22592952125,548911108,https://shopee.com.br/product/548911108/22592952125
1264,23494368191,1079030436,https://shopee.com.br/product/1079030436/23494368191
1265,22093716960,442506479,https://shopee.com.br/product/442506479/22093716960
1266,9780930318,455834389,https://shopee.com.br/product/455834389/9780930318
1267,21164299478,308628919,https://shopee.com.br/product/308628919/21164299478
1268,16192358889,869809385,https://shopee.com.br/product/869809385/16192358889
1269,22597985150,1246535200,https://shopee.com.br/product/1246535200/22597985150
1270,23693199476,758962502,https://shopee.com.br/product/758962502/23693199476
1271,23097358285,638399297,https://shopee.com.br/product/638399297/23097358285
1272,22797443634,548911108,https://shopee.com.br/product/548911108/22797443634
1273,19798076414,341754426,https://shopee.com.br/product/341754426/19798076414
1274,23698464974,580791382,https://shopee.com.br/product/580791382/23698464974
1275,58201024749,1608053305,https://shopee.com.br/product/1608053305/58201024749
1276,23992832873,548911108,https://shopee.com.br/product/548911108/23992832873
1277,22694346414,1242213783,https://shopee.com.br/product/1242213783/22694346414
1278,23094141002,1242213783,https://shopee.com.br/product/1242213783/23094141002
1279,21999358134,1328711923,https://shopee.com.br/product/1328711923/21999358134
1280,16762851094,752849300,https://shopee.com.br/product/752849300/16762851094
1281,57405502205,869809385,https://shopee.com.br/product/869809385/57405502205
1282,21658433377,433048807,https://shopee.com.br/product/433048807/21658433377
1283,21599494044,816806234,https://shopee.com.br/product/816806234/21599494044
1284,22491175407,356143297,https://shopee.com.br/product/356143297/22491175407
1285,17492510761,842996464,https://shopee.com.br/product/842996464/17492510761
1286,22598847954,1609508474,https://shopee.com.br/product/1609508474/22598847954
1287,18657590477,308628919,https://shopee.com.br/product/308628919/18657590477
1288,21499250042,580791382,https://shopee.com.br/product/580791382/21499250042
1289,53453522638,333246733,https://shopee.com.br/product/333246733/53453522638
1290,22794944519,312820805,https://shopee.com.br/product/312820805/22794944519
1291,14854848782,408128510,https://shopee.com.br/product/408128510/14854848782
1292,22896493992,359066629,https://shopee.com.br/product/359066629/22896493992
1293,23499024653,1329429906,https://shopee.com.br/product/1329429906/23499024653
1294,54856133131,310274254,https://shopee.com.br/product/310274254/54856133131
1295,44554772451,869809385,https://shopee.com.br/product/869809385/44554772451
1296,43626670543,504745949,https://shopee.com.br/product/504745949/43626670543
1297,23794615378,648928964,https://shopee.com.br/product/648928964/23794615378
1298,23394529349,721033344,https://shopee.com.br/product/721033344/23394529349
1299,19999651352,1242213783,https://shopee.com.br/product/1242213783/19999651352
1300,18657590168,308628919,https://shopee.com.br/product/308628919/18657590168
1301,18298185155,1477305422,https://shopee.com.br/product/1477305422/18298185155
1302,21599258165,916172870,https://shopee.com.br/product/916172870/21599258165
1303,51401921770,402076848,https://shopee.com.br/product/402076848/51401921770
1304,8675384326,455834389,https://shopee.com.br/product/455834389/8675384326
1305,18797981420,889973435,https://shopee.com.br/product/889973435/18797981420
1306,23594625077,548911108,https://shopee.com.br/product/548911108/23594625077
1307,11601883465,312820805,https://shopee.com.br/product/312820805/11601883465
1308,22294366453,1477305422,https://shopee.com.br/product/1477305422/22294366453
1309,23993215029,1235923910,https://shopee.com.br/product/1235923910/23993215029
1310,20075020882,333246733,https://shopee.com.br/product/333246733/20075020882
1311,18664591889,308628919,https://shopee.com.br/product/308628919/18664591889
1312,48253033667,338537405,https://shopee.com.br/product/338537405/48253033667
1313,18178606882,334741920,https://shopee.com.br/product/334741920/18178606882
1314,22799195172,1215229492,https://shopee.com.br/product/1215229492/22799195172
1315,18172875600,842996464,https://shopee.com.br/product/842996464/18172875600
1316,23793513216,822103155,https://shopee.com.br/product/822103155/23793513216
1317,53455781735,400124163,https://shopee.com.br/product/400124163/53455781735
1318,22093763981,1224363395,https://shopee.com.br/product/1224363395/22093763981
1319,22998142767,1235923910,https://shopee.com.br/product/1235923910/22998142767
1320,22894695597,1608053305,https://shopee.com.br/product/1608053305/22894695597
1321,22897478189,855489892,https://shopee.com.br/product/855489892/22897478189
1322,23193422286,680601528,https://shopee.com.br/product/680601528/23193422286
1323,23691260257,332059670,https://shopee.com.br/product/332059670/23691260257
1324,22391185728,648928964,https://shopee.com.br/product/648928964/22391185728
1325,5095222205,455834389,https://shopee.com.br/product/455834389/5095222205
1326,22097943718,752849300,https://shopee.com.br/product/752849300/22097943718
1327,23993386245,1235923910,https://shopee.com.br/product/1235923910/23993386245
1328,15530046763,455834389,https://shopee.com.br/product/455834389/15530046763
1329,23897602868,412527932,https://shopee.com.br/product/412527932/23897602868
1330,55300817484,869809385,https://shopee.com.br/product/869809385/55300817484
1331,22098477692,1235923910,https://shopee.com.br/product/1235923910/22098477692
1332,19664573577,308628919,https://shopee.com.br/product/308628919/19664573577
1333,8260402252,429366971,https://shopee.com.br/product/429366971/8260402252
1334,20698695359,951290141,https://shopee.com.br/product/951290141/20698695359
1335,21299366988,357239640,https://shopee.com.br/product/357239640/21299366988
1336,22794183670,580791382,https://shopee.com.br/product/580791382/22794183670
1337,8575469458,455834389,https://shopee.com.br/product/455834389/8575469458
1338,23198679940,1362877346,https://shopee.com.br/product/1362877346/23198679940
1339,22598852174,1242213783,https://shopee.com.br/product/1242213783/22598852174
1340,22293111487,580791382,https://shopee.com.br/product/580791382/22293111487
1341,3053884940,281898655,https://shopee.com.br/product/281898655/3053884940
1342,12765735327,455834389,https://shopee.com.br/product/455834389/12765735327
1343,22097500554,855489892,https://shopee.com.br/product/855489892/22097500554
1344,21899321639,375188138,https://shopee.com.br/product/375188138/21899321639
1345,15094359654,842996464,https://shopee.com.br/product/842996464/15094359654
1346,23092747678,455834389,https://shopee.com.br/product/455834389/23092747678
1347,14656926822,323288678,https://shopee.com.br/product/323288678/14656926822
1348,58213656446,1561205436,https://shopee.com.br/product/1561205436/58213656446
1349,22293244777,572649927,https://shopee.com.br/product/572649927/22293244777
1350,22196940464,548911108,https://shopee.com.br/product/548911108/22196940464
1351,40759002757,436723291,https://shopee.com.br/product/436723291/40759002757
1352,22598557869,1235923910,https://shopee.com.br/product/1235923910/22598557869
1353,18898513272,638399297,https://shopee.com.br/product/638399297/18898513272
1354,13195499799,810071078,https://shopee.com.br/product/810071078/13195499799
1355,18799685755,1072763470,https://shopee.com.br/product/1072763470/18799685755
1356,22792987617,855489892,https://shopee.com.br/product/855489892/22792987617
1357,7995133507,455834389,https://shopee.com.br/product/455834389/7995133507
1358,21397783909,638399297,https://shopee.com.br/product/638399297/21397783909
1359,23993659811,400124163,https://shopee.com.br/product/400124163/23993659811
1360,18697676994,855489892,https://shopee.com.br/product/855489892/18697676994
1361,19099369170,1235923910,https://shopee.com.br/product/1235923910/19099369170
1362,58259018494,1788001787,https://shopee.com.br/product/1788001787/58259018494
1363,23399171539,1608053305,https://shopee.com.br/product/1608053305/23399171539
1364,21697745276,580791382,https://shopee.com.br/product/580791382/21697745276
1365,42728424529,869809385,https://shopee.com.br/product/869809385/42728424529
1366,11698390629,308628919,https://shopee.com.br/product/308628919/11698390629
1367,58206748275,404743073,https://shopee.com.br/product/404743073/58206748275
1368,23493200055,1215229492,https://shopee.com.br/product/1215229492/23493200055
1369,22996983010,648928964,https://shopee.com.br/product/648928964/22996983010
1370,16690249987,308628919,https://shopee.com.br/product/308628919/16690249987
1371,22292503659,1075271269,https://shopee.com.br/product/1075271269/22292503659
1372,58200031538,482939517,https://shopee.com.br/product/482939517/58200031538
1373,23197094338,1106802794,https://shopee.com.br/product/1106802794/23197094338
1374,7657447776,322399178,https://shopee.com.br/product/322399178/7657447776
1375,9280557561,455834389,https://shopee.com.br/product/455834389/9280557561
1376,21297783484,1215229492,https://shopee.com.br/product/1215229492/21297783484
1377,58204247879,1608971773,https://shopee.com.br/product/1608971773/58204247879
1378,23897603034,548911108,https://shopee.com.br/product/548911108/23897603034
1379,11710375891,400124163,https://shopee.com.br/product/400124163/11710375891
1380,22098735989,1033307532,https://shopee.com.br/product/1033307532/22098735989
1381,15633172247,455834389,https://shopee.com.br/product/455834389/15633172247
1382,53552610173,504745949,https://shopee.com.br/product/504745949/53552610173
1383,22397385294,312820805,https://shopee.com.br/product/312820805/22397385294
1384,23399229987,1316611304,https://shopee.com.br/product/1316611304/23399229987
1385,18997921949,548911108,https://shopee.com.br/product/548911108/18997921949
1386,23793931484,648928964,https://shopee.com.br/product/648928964/23793931484
1387,22098845189,638399297,https://shopee.com.br/product/638399297/22098845189
1388,54911238627,869809385,https://shopee.com.br/product/869809385/54911238627
1389,56316678102,869809385,https://shopee.com.br/product/869809385/56316678102
1390,18657591158,308628919,https://shopee.com.br/product/308628919/18657591158
1391,22198822373,580791382,https://shopee.com.br/product/580791382/22198822373
1392,23996896582,752849300,https://shopee.com.br/product/752849300/23996896582
1393,58259829777,1788001787,https://shopee.com.br/product/1788001787/58259829777
1394,18398288090,648928964,https://shopee.com.br/product/648928964/18398288090
1395,8178482132,455834389,https://shopee.com.br/product/455834389/8178482132
1396,23592338253,334741920,https://shopee.com.br/product/334741920/23592338253
1397,21099648322,952014476,https://shopee.com.br/product/952014476/21099648322
1398,18861846499,310274254,https://shopee.com.br/product/310274254/18861846499
1399,17505530594,687950391,https://shopee.com.br/product/687950391/17505530594
1400,23194951839,1788001787,https://shopee.com.br/product/1788001787/23194951839
1401,23397334443,548911108,https://shopee.com.br/product/548911108/23397334443
1402,41668246430,400124163,https://shopee.com.br/product/400124163/41668246430
1403,21557827838,842996464,https://shopee.com.br/product/842996464/21557827838
1404,18898268365,638399297,https://shopee.com.br/product/638399297/18898268365
1405,23593220322,572649927,https://shopee.com.br/product/572649927/23593220322
1406,18699384691,822103155,https://shopee.com.br/product/822103155/18699384691
1407,22498019663,855489892,https://shopee.com.br/product/855489892/22498019663
1408,47955484938,1242718651,https://shopee.com.br/product/1242718651/47955484938
1409,23692976639,855489892,https://shopee.com.br/product/855489892/23692976639
1410,23398201040,869809385,https://shopee.com.br/product/869809385/23398201040
1411,4695051009,455834389,https://shopee.com.br/product/455834389/4695051009
1412,22297553496,1072763470,https://shopee.com.br/product/1072763470/22297553496
1413,23794304173,1577890610,https://shopee.com.br/product/1577890610/23794304173
1414,44074157684,436723291,https://shopee.com.br/product/436723291/44074157684
1415,19197728326,375188138,https://shopee.com.br/product/375188138/19197728326
1416,22793903661,1072763470,https://shopee.com.br/product/1072763470/22793903661
1417,22298760225,1009975506,https://shopee.com.br/product/1009975506/22298760225
1418,23502192725,308628919,https://shopee.com.br/product/308628919/23502192725
1419,17271093967,359066629,https://shopee.com.br/product/359066629/17271093967
1420,22494034274,548911108,https://shopee.com.br/product/548911108/22494034274
1421,42622868963,1371792496,https://shopee.com.br/product/1371792496/42622868963
1422,22397511633,400124163,https://shopee.com.br/product/400124163/22397511633
1423,8281327974,455834389,https://shopee.com.br/product/455834389/8281327974
1424,45909398263,299192732,https://shopee.com.br/product/299192732/45909398263
1425,58250220776,1215229492,https://shopee.com.br/product/1215229492/58250220776
1426,23032616426,308628919,https://shopee.com.br/product/308628919/23032616426
1427,3995278862,455834389,https://shopee.com.br/product/455834389/3995278862
1428,47062838589,1404215442,https://shopee.com.br/product/1404215442/47062838589
1429,45305812478,534109767,https://shopee.com.br/product/534109767/45305812478
1430,42505092604,436723291,https://shopee.com.br/product/436723291/42505092604
1431,20697743515,375188138,https://shopee.com.br/product/375188138/20697743515
1432,23192987365,855489892,https://shopee.com.br/product/855489892/23192987365
1433,22893264479,1235923910,https://shopee.com.br/product/1235923910/22893264479
1434,11518569404,455834389,https://shopee.com.br/product/455834389/11518569404
1435,22739593209,719930213,https://shopee.com.br/product/719930213/22739593209
1436,23194027281,1081505086,https://shopee.com.br/product/1081505086/23194027281
1437,23693518002,822103155,https://shopee.com.br/product/822103155/23693518002
1438,8478106837,455834389,https://shopee.com.br/product/455834389/8478106837
1439,18657590445,308628919,https://shopee.com.br/product/308628919/18657590445
1440,58258830101,1114000786,https://shopee.com.br/product/1114000786/58258830101
1441,58201340377,1190424233,https://shopee.com.br/product/1190424233/58201340377
1442,46055517551,869809385,https://shopee.com.br/product/869809385/46055517551
1443,5778387040,379103154,https://shopee.com.br/product/379103154/5778387040
1444,54955493559,869809385,https://shopee.com.br/product/869809385/54955493559
1445,14953891858,687950391,https://shopee.com.br/product/687950391/14953891858
1446,23797631849,752849300,https://shopee.com.br/product/752849300/23797631849
1447,23598914041,1608053305,https://shopee.com.br/product/1608053305/23598914041
1448,24146815978,844004880,https://shopee.com.br/product/844004880/24146815978
1449,19999262128,1220316212,https://shopee.com.br/product/1220316212/19999262128
1450,22202193206,308628919,https://shopee.com.br/product/308628919/22202193206
1451,22098024073,1050213612,https://shopee.com.br/product/1050213612/22098024073
1452,23994537250,1190424233,https://shopee.com.br/product/1190424233/23994537250
1453,57461184216,1515203682,https://shopee.com.br/product/1515203682/57461184216
1454,58208503140,1612996637,https://shopee.com.br/product/1612996637/58208503140
1455,23094653846,822103155,https://shopee.com.br/product/822103155/23094653846
1456,23398323849,379103154,https://shopee.com.br/product/379103154/23398323849
1457,21497296090,455834389,https://shopee.com.br/product/455834389/21497296090
1458,22494496147,854082976,https://shopee.com.br/product/854082976/22494496147
1459,23793634997,333246733,https://shopee.com.br/product/333246733/23793634997
1460,20997783630,1215229492,https://shopee.com.br/product/1215229492/20997783630
1461,23497695859,869809385,https://shopee.com.br/product/869809385/23497695859
1462,23698689812,1235923910,https://shopee.com.br/product/1235923910/23698689812
1463,23798460156,1477305422,https://shopee.com.br/product/1477305422/23798460156
1464,17359822842,455834389,https://shopee.com.br/product/455834389/17359822842
1465,22292991713,855489892,https://shopee.com.br/product/855489892/22292991713
1466,19999296971,580791382,https://shopee.com.br/product/580791382/19999296971
1467,23394212365,580791382,https://shopee.com.br/product/580791382/23394212365
1468,40611635973,1088013647,https://shopee.com.br/product/1088013647/40611635973
1469,21199651258,1242213783,https://shopee.com.br/product/1242213783/21199651258
1470,22595787221,308628919,https://shopee.com.br/product/308628919/22595787221
1471,20098472223,408128510,https://shopee.com.br/product/408128510/20098472223
1472,22597613039,648928964,https://shopee.com.br/product/648928964/22597613039
1473,22098155932,648928964,https://shopee.com.br/product/648928964/22098155932
1474,23698559777,638399297,https://shopee.com.br/product/638399297/23698559777
1475,17292510787,842996464,https://shopee.com.br/product/842996464/17292510787
1476,58253127900,1075271269,https://shopee.com.br/product/1075271269/58253127900
1477,3795110094,455834389,https://shopee.com.br/product/455834389/3795110094
1478,22094439038,1612996637,https://shopee.com.br/product/1612996637/22094439038
1479,23098737286,1526836548,https://shopee.com.br/product/1526836548/23098737286
1480,23897483602,855489892,https://shopee.com.br/product/855489892/23897483602
1481,22894693397,1215229492,https://shopee.com.br/product/1215229492/22894693397
1482,18397933059,680601528,https://shopee.com.br/product/680601528/18397933059
1483,23597723090,869809385,https://shopee.com.br/product/869809385/23597723090
1484,19398653057,313968882,https://shopee.com.br/product/313968882/19398653057
1485,8295545707,548911108,https://shopee.com.br/product/548911108/8295545707
1486,58200290464,1617519379,https://shopee.com.br/product/1617519379/58200290464
1487,20299839535,1050213612,https://shopee.com.br/product/1050213612/20299839535
1488,19499598850,638399297,https://shopee.com.br/product/638399297/19499598850
1489,23693009614,889942432,https://shopee.com.br/product/889942432/23693009614
1490,23997986986,442506479,https://shopee.com.br/product/442506479/23997986986
1491,23598691592,1215229492,https://shopee.com.br/product/1215229492/23598691592
1492,58209424516,648928964,https://shopee.com.br/product/648928964/58209424516
1493,58203132742,1507016444,https://shopee.com.br/product/1507016444/58203132742
1494,9480556999,455834389,https://shopee.com.br/product/455834389/9480556999
1495,8177655700,455834389,https://shopee.com.br/product/455834389/8177655700
1496,21497736832,1215229492,https://shopee.com.br/product/1215229492/21497736832
1497,19999602045,869809385,https://shopee.com.br/product/869809385/19999602045
1498,10716663418,455834389,https://shopee.com.br/product/455834389/10716663418
1499,46406099855,333246733,https://shopee.com.br/product/333246733/46406099855
1500,22132620090,308628919,https://shopee.com.br/product/308628919/22132620090
1501,18364622783,889942432,https://shopee.com.br/product/889942432/18364622783
1502,47306139185,1494297971,https://shopee.com.br/product/1494297971/47306139185
1503,22898143000,1235923910,https://shopee.com.br/product/1235923910/22898143000
1504,22994161622,1296760327,https://shopee.com.br/product/1296760327/22994161622
1505,58250213329,721033344,https://shopee.com.br/product/721033344/58250213329
1506,44332364976,951290141,https://shopee.com.br/product/951290141/44332364976
1507,23898147194,400124163,https://shopee.com.br/product/400124163/23898147194
1508,23797335829,455834389,https://shopee.com.br/product/455834389/23797335829
1509,58200377506,638399297,https://shopee.com.br/product/638399297/58200377506
1510,22594963889,412968566,https://shopee.com.br/product/412968566/22594963889
1511,22094363843,1242213783,https://shopee.com.br/product/1242213783/22094363843
1512,40578231220,1242718651,https://shopee.com.br/product/1242718651/40578231220
1513,6793884951,455834389,https://shopee.com.br/product/455834389/6793884951
1514,40123253984,390327339,https://shopee.com.br/product/390327339/40123253984
1515,58210150495,1788001787,https://shopee.com.br/product/1788001787/58210150495
1516,19569908667,752849300,https://shopee.com.br/product/752849300/19569908667
1517,40307359140,333246733,https://shopee.com.br/product/333246733/40307359140
1518,23793931475,648928964,https://shopee.com.br/product/648928964/23793931475
1519,58256068445,1477305422,https://shopee.com.br/product/1477305422/58256068445
1520,19198886997,404743073,https://shopee.com.br/product/404743073/19198886997
1521,22692988516,1072763470,https://shopee.com.br/product/1072763470/22692988516
1522,47964606624,402598512,https://shopee.com.br/product/402598512/47964606624
1523,23794235296,1075271269,https://shopee.com.br/product/1075271269/23794235296
1524,23892755000,412527932,https://shopee.com.br/product/412527932/23892755000
1525,58260139865,1788001787,https://shopee.com.br/product/1788001787/58260139865
1526,42531534082,316557325,https://shopee.com.br/product/316557325/42531534082
1527,8075794321,455834389,https://shopee.com.br/product/455834389/8075794321
1528,22698008320,1344250083,https://shopee.com.br/product/1344250083/22698008320
1529,58202644897,1612996637,https://shopee.com.br/product/1612996637/58202644897
1530,22695842102,951290141,https://shopee.com.br/product/951290141/22695842102
1531,23398910131,1608053305,https://shopee.com.br/product/1608053305/23398910131
1532,20798025720,373150829,https://shopee.com.br/product/373150829/20798025720
1533,23498180309,680601528,https://shopee.com.br/product/680601528/23498180309
1534,23593341268,1235923910,https://shopee.com.br/product/1235923910/23593341268
1535,29236239240,869809385,https://shopee.com.br/product/869809385/29236239240
1536,23692674103,869809385,https://shopee.com.br/product/869809385/23692674103
1537,22493502488,404743073,https://shopee.com.br/product/404743073/22493502488
1538,23598350835,1242213783,https://shopee.com.br/product/1242213783/23598350835
1539,20098018664,680601528,https://shopee.com.br/product/680601528/20098018664
1540,52810858888,299192732,https://shopee.com.br/product/299192732/52810858888
1541,15201796944,548911108,https://shopee.com.br/product/548911108/15201796944
1542,7694429365,455834389,https://shopee.com.br/product/455834389/7694429365
1543,23799230196,1316611304,https://shopee.com.br/product/1316611304/23799230196
1544,12626747128,455834389,https://shopee.com.br/product/455834389/12626747128
1545,21497493347,281898655,https://shopee.com.br/product/281898655/21497493347
1546,23098525803,1081505086,https://shopee.com.br/product/1081505086/23098525803
1547,22998637461,1242213783,https://shopee.com.br/product/1242213783/22998637461
1548,22898311721,826682830,https://shopee.com.br/product/826682830/22898311721
1549,23794235295,1075271269,https://shopee.com.br/product/1075271269/23794235295
1550,23994136546,442506479,https://shopee.com.br/product/442506479/23994136546
1551,58251061777,1608053305,https://shopee.com.br/product/1608053305/58251061777
1552,19999495499,680601528,https://shopee.com.br/product/680601528/19999495499
1553,23193838344,413680793,https://shopee.com.br/product/413680793/23193838344
1554,22693348672,1072763470,https://shopee.com.br/product/1072763470/22693348672
1555,22697900041,648928964,https://shopee.com.br/product/648928964/22697900041
1556,7794628789,455834389,https://shopee.com.br/product/455834389/7794628789
1557,23527782071,318555124,https://shopee.com.br/product/318555124/23527782071
1558,23096840435,400124163,https://shopee.com.br/product/400124163/23096840435
1559,22092849944,455834389,https://shopee.com.br/product/455834389/22092849944
1560,21598954339,455834389,https://shopee.com.br/product/455834389/21598954339
1561,19099443682,1235923910,https://shopee.com.br/product/1235923910/19099443682
1562,22392642580,1088013647,https://shopee.com.br/product/1088013647/22392642580
1563,22698238868,648928964,https://shopee.com.br/product/648928964/22698238868
1564,42532556319,1177369665,https://shopee.com.br/product/1177369665/42532556319
1565,18963117946,318415041,https://shopee.com.br/product/318415041/18963117946
1566,12131087384,548911108,https://shopee.com.br/product/548911108/12131087384
1567,23394658871,1242213783,https://shopee.com.br/product/1242213783/23394658871
1568,10118946787,356143297,https://shopee.com.br/product/356143297/10118946787
1569,49255526005,869809385,https://shopee.com.br/product/869809385/49255526005
1570,23094208697,1072763470,https://shopee.com.br/product/1072763470/23094208697
1571,16268094829,648928964,https://shopee.com.br/product/648928964/16268094829
1572,46758446244,316557325,https://shopee.com.br/product/316557325/46758446244
1573,23198317153,1462563752,https://shopee.com.br/product/1462563752/23198317153
1574,56904756861,869809385,https://shopee.com.br/product/869809385/56904756861
1575,23428100991,869809385,https://shopee.com.br/product/869809385/23428100991
1576,43380425959,927963980,https://shopee.com.br/product/927963980/43380425959
1577,40480747480,638399297,https://shopee.com.br/product/638399297/40480747480
1578,43972581029,842996464,https://shopee.com.br/product/842996464/43972581029
1579,22799197776,442506479,https://shopee.com.br/product/442506479/22799197776
1580,20998002360,1235923910,https://shopee.com.br/product/1235923910/20998002360
1581,45763232118,1242718651,https://shopee.com.br/product/1242718651/45763232118
1582,22798484030,375188138,https://shopee.com.br/product/375188138/22798484030
1583,23096913980,408653169,https://shopee.com.br/product/408653169/23096913980
1584,23321719942,842996464,https://shopee.com.br/product/842996464/23321719942
1585,23736007464,752849300,https://shopee.com.br/product/752849300/23736007464
1586,57804756803,869809385,https://shopee.com.br/product/869809385/57804756803
1587,4895060989,455834389,https://shopee.com.br/product/455834389/4895060989
1588,11208986758,455834389,https://shopee.com.br/product/455834389/11208986758
1589,58251863127,648928964,https://shopee.com.br/product/648928964/58251863127
1590,10285706764,455834389,https://shopee.com.br/product/455834389/10285706764
1591,44854767379,869809385,https://shopee.com.br/product/869809385/44854767379
1592,51757422485,539054153,https://shopee.com.br/product/539054153/51757422485
1593,9149044508,400124163,https://shopee.com.br/product/400124163/9149044508
1594,57004756795,869809385,https://shopee.com.br/product/869809385/57004756795
1595,18044946167,408128510,https://shopee.com.br/product/408128510/18044946167
1596,21972304565,842996464,https://shopee.com.br/product/842996464/21972304565
1597,22998809097,417707388,https://shopee.com.br/product/417707388/22998809097
1598,22998142764,1235923910,https://shopee.com.br/product/1235923910/22998142764
1599,20199235766,401986069,https://shopee.com.br/product/401986069/20199235766
1600,11254329008,455834389,https://shopee.com.br/product/455834389/11254329008
1601,4677559987,373594761,https://shopee.com.br/product/373594761/4677559987
1602,19498021287,442913304,https://shopee.com.br/product/442913304/19498021287
1603,22792573525,375188138,https://shopee.com.br/product/375188138/22792573525
1604,19599371652,406699478,https://shopee.com.br/product/406699478/19599371652
1605,18799327508,389266749,https://shopee.com.br/product/389266749/18799327508
1606,22322544812,842996464,https://shopee.com.br/product/842996464/22322544812
1607,41921035805,1507942655,https://shopee.com.br/product/1507942655/41921035805
1608,20597751537,752849300,https://shopee.com.br/product/752849300/20597751537
1609,2968262970,455834389,https://shopee.com.br/product/455834389/2968262970
1610,12331226747,548911108,https://shopee.com.br/product/548911108/12331226747
1611,49164147947,1177369665,https://shopee.com.br/product/1177369665/49164147947
1612,54208131727,1177369665,https://shopee.com.br/product/1177369665/54208131727
1613,21199858747,1242213783,https://shopee.com.br/product/1242213783/21199858747
1614,23298347550,1242213783,https://shopee.com.br/product/1242213783/23298347550
1615,58202088478,1316611304,https://shopee.com.br/product/1316611304/58202088478
1616,21499672977,347781606,https://shopee.com.br/product/347781606/21499672977
1617,20897453701,404743073,https://shopee.com.br/product/404743073/20897453701
1618,23599153357,1251967897,https://shopee.com.br/product/1251967897/23599153357
1619,27485461363,572649927,https://shopee.com.br/product/572649927/27485461363
1620,22597304109,750964153,https://shopee.com.br/product/750964153/22597304109
1621,19798202422,349137150,https://shopee.com.br/product/349137150/19798202422
1622,10920152866,455834389,https://shopee.com.br/product/455834389/10920152866
1623,57610304673,637480448,https://shopee.com.br/product/637480448/57610304673
1624,23994287211,1081505086,https://shopee.com.br/product/1081505086/23994287211
1625,57154750620,436723291,https://shopee.com.br/product/436723291/57154750620
1626,23497064581,375188138,https://shopee.com.br/product/375188138/23497064581
1627,23698028729,822103155,https://shopee.com.br/product/822103155/23698028729
1628,22598923633,1541325700,https://shopee.com.br/product/1541325700/22598923633
1629,22292885614,1107280577,https://shopee.com.br/product/1107280577/22292885614
1630,19897680723,1106021667,https://shopee.com.br/product/1106021667/19897680723
1631,58257606786,1082747237,https://shopee.com.br/product/1082747237/58257606786
1632,18999613623,1316611304,https://shopee.com.br/product/1316611304/18999613623
1633,22198253311,648928964,https://shopee.com.br/product/648928964/22198253311
1634,50508027234,826682830,https://shopee.com.br/product/826682830/50508027234
1635,22824957607,842996464,https://shopee.com.br/product/842996464/22824957607
1636,26026300059,436723291,https://shopee.com.br/product/436723291/26026300059
1637,58251881467,1316611304,https://shopee.com.br/product/1316611304/58251881467
1638,12111080343,455834389,https://shopee.com.br/product/455834389/12111080343
1639,23297540288,375188138,https://shopee.com.br/product/375188138/23297540288
1640,3597190123,455834389,https://shopee.com.br/product/455834389/3597190123
1641,6457252508,322399178,https://shopee.com.br/product/322399178/6457252508
1642,21199253685,1107280577,https://shopee.com.br/product/1107280577/21199253685
1643,11308261616,455834389,https://shopee.com.br/product/455834389/11308261616
1644,18399186519,455834389,https://shopee.com.br/product/455834389/18399186519
1645,58212712600,854082976,https://shopee.com.br/product/854082976/58212712600
1646,9278028360,455834389,https://shopee.com.br/product/455834389/9278028360
1647,23691524967,548911108,https://shopee.com.br/product/548911108/23691524967
1648,23993942868,1235923910,https://shopee.com.br/product/1235923910/23993942868
1649,14659909806,674110767,https://shopee.com.br/product/674110767/14659909806
1650,18699888121,316877265,https://shopee.com.br/product/316877265/18699888121
1651,23309398185,376053737,https://shopee.com.br/product/376053737/23309398185
1652,55057950913,534109767,https://shopee.com.br/product/534109767/55057950913
1653,26031976241,572649927,https://shopee.com.br/product/572649927/26031976241
1654,22491090208,334741920,https://shopee.com.br/product/334741920/22491090208
1655,8877568111,455834389,https://shopee.com.br/product/455834389/8877568111
1656,23997294065,648928964,https://shopee.com.br/product/648928964/23997294065
1657,19199367566,1314243679,https://shopee.com.br/product/1314243679/19199367566
1658,58204734772,1106021667,https://shopee.com.br/product/1106021667/58204734772
1659,23697552969,984366979,https://shopee.com.br/product/984366979/23697552969
1660,8580234010,455834389,https://shopee.com.br/product/455834389/8580234010
1661,40628049756,869809385,https://shopee.com.br/product/869809385/40628049756
1662,23193507307,1235923910,https://shopee.com.br/product/1235923910/23193507307
1663,20272128508,842996464,https://shopee.com.br/product/842996464/20272128508
1664,23823946334,842996464,https://shopee.com.br/product/842996464/23823946334
1665,13795479802,810071078,https://shopee.com.br/product/810071078/13795479802
1666,58201879403,1316611304,https://shopee.com.br/product/1316611304/58201879403
1667,40628049770,869809385,https://shopee.com.br/product/869809385/40628049770
1668,58215727323,1333507062,https://shopee.com.br/product/1333507062/58215727323
1669,23892674446,375188138,https://shopee.com.br/product/375188138/23892674446
1670,18899182121,1072763470,https://shopee.com.br/product/1072763470/18899182121
1671,49362783233,638399297,https://shopee.com.br/product/638399297/49362783233
1672,43919258928,674110767,https://shopee.com.br/product/674110767/43919258928
1673,19499201395,1097902002,https://shopee.com.br/product/1097902002/19499201395
1674,58215736155,1333507062,https://shopee.com.br/product/1333507062/58215736155
1675,20299601507,1462563752,https://shopee.com.br/product/1462563752/20299601507
1676,23793110406,412527932,https://shopee.com.br/product/412527932/23793110406
1677,27681778603,299192732,https://shopee.com.br/product/299192732/27681778603
1678,23998127253,1235923910,https://shopee.com.br/product/1235923910/23998127253
1679,18199601897,1316611304,https://shopee.com.br/product/1316611304/18199601897
1680,43413835393,442913304,https://shopee.com.br/product/442913304/43413835393
1681,19197516162,1050213612,https://shopee.com.br/product/1050213612/19197516162
1682,18199330886,375188138,https://shopee.com.br/product/375188138/18199330886
1683,58208571280,648928964,https://shopee.com.br/product/648928964/58208571280
1684,58204257971,1608971773,https://shopee.com.br/product/1608971773/58204257971
1685,23598432845,648928964,https://shopee.com.br/product/648928964/23598432845
1686,19596856042,408653169,https://shopee.com.br/product/408653169/19596856042
1687,22994517098,404743073,https://shopee.com.br/product/404743073/22994517098
1688,22994268428,1097902002,https://shopee.com.br/product/1097902002/22994268428
1689,20398690399,334741920,https://shopee.com.br/product/334741920/20398690399
1690,23398933987,1242213783,https://shopee.com.br/product/1242213783/23398933987
1691,19799894120,1242213783,https://shopee.com.br/product/1242213783/19799894120
1692,58200943284,1558905959,https://shopee.com.br/product/1558905959/58200943284
1693,19397983508,1402904120,https://shopee.com.br/product/1402904120/19397983508
1694,22597296304,1097902002,https://shopee.com.br/product/1097902002/22597296304
1695,44151161971,436723291,https://shopee.com.br/product/436723291/44151161971
1696,51857113627,572649927,https://shopee.com.br/product/572649927/51857113627
1697,23898431480,1075271269,https://shopee.com.br/product/1075271269/23898431480
1698,23993412133,680601528,https://shopee.com.br/product/680601528/23993412133
1699,23997689315,530578890,https://shopee.com.br/product/530578890/23997689315
1700,22194774904,1316611304,https://shopee.com.br/product/1316611304/22194774904
1701,22597988475,404743073,https://shopee.com.br/product/404743073/22597988475
1702,22994065024,1235923910,https://shopee.com.br/product/1235923910/22994065024
1703,10154689075,341754426,https://shopee.com.br/product/341754426/10154689075
1704,22794152778,1242213783,https://shopee.com.br/product/1242213783/22794152778
1705,54705502211,869809385,https://shopee.com.br/product/869809385/54705502211
1706,26294134849,869809385,https://shopee.com.br/product/869809385/26294134849
1707,18799685774,1072763470,https://shopee.com.br/product/1072763470/18799685774
1708,23397727364,1235923910,https://shopee.com.br/product/1235923910/23397727364
1709,22491290166,816806234,https://shopee.com.br/product/816806234/22491290166
1710,18997871215,1235923910,https://shopee.com.br/product/1235923910/18997871215
1711,58254791187,548911108,https://shopee.com.br/product/548911108/58254791187
1712,23893714749,1242213783,https://shopee.com.br/product/1242213783/23893714749
1713,23094653996,413680793,https://shopee.com.br/product/413680793/23094653996
1714,19797746648,400124163,https://shopee.com.br/product/400124163/19797746648
1715,23098142880,1235923910,https://shopee.com.br/product/1235923910/23098142880
1716,58261596244,1645864320,https://shopee.com.br/product/1645864320/58261596244
1717,58200969045,721033344,https://shopee.com.br/product/721033344/58200969045
1718,22793915941,648928964,https://shopee.com.br/product/648928964/22793915941
1719,20299031996,404743073,https://shopee.com.br/product/404743073/20299031996
1720,22993566424,530578890,https://shopee.com.br/product/530578890/22993566424
1721,19897919244,402450553,https://shopee.com.br/product/402450553/19897919244
1722,58201434389,1654079737,https://shopee.com.br/product/1654079737/58201434389
1723,10994923307,752849300,https://shopee.com.br/product/752849300/10994923307
1724,21297973852,386620566,https://shopee.com.br/product/386620566/21297973852
1725,47050847557,869809385,https://shopee.com.br/product/869809385/47050847557
1726,22992488311,310274254,https://shopee.com.br/product/310274254/22992488311
1727,23199347208,404743073,https://shopee.com.br/product/404743073/23199347208
1728,22998142797,1235923910,https://shopee.com.br/product/1235923910/22998142797
1729,58255388906,1608053305,https://shopee.com.br/product/1608053305/58255388906
1730,20699384069,869809385,https://shopee.com.br/product/869809385/20699384069
1731,22498566084,1235923910,https://shopee.com.br/product/1235923910/22498566084
1732,58201034355,1608053305,https://shopee.com.br/product/1608053305/58201034355
1733,54555505351,869809385,https://shopee.com.br/product/869809385/54555505351
1734,22698348174,401986069,https://shopee.com.br/product/401986069/22698348174
1735,20999666233,347781606,https://shopee.com.br/product/347781606/20999666233
1736,11698346831,386114683,https://shopee.com.br/product/386114683/11698346831
1737,58207695812,1720972248,https://shopee.com.br/product/1720972248/58207695812
1738,21299500423,680601528,https://shopee.com.br/product/680601528/21299500423
1739,23097155946,323288678,https://shopee.com.br/product/323288678/23097155946
1740,55717233356,927963980,https://shopee.com.br/product/927963980/55717233356
1741,43531911126,775496126,https://shopee.com.br/product/775496126/43531911126
1742,23794659041,286347381,https://shopee.com.br/product/286347381/23794659041
1743,23992924417,400124163,https://shopee.com.br/product/400124163/23992924417
1744,58206082612,1477305422,https://shopee.com.br/product/1477305422/58206082612
1745,10994823076,704493455,https://shopee.com.br/product/704493455/10994823076
1746,54855497032,869809385,https://shopee.com.br/product/869809385/54855497032
1747,22399030990,680601528,https://shopee.com.br/product/680601528/22399030990
1748,22998142769,1235923910,https://shopee.com.br/product/1235923910/22998142769
1749,21398694775,522316174,https://shopee.com.br/product/522316174/21398694775
1750,54755498250,869809385,https://shopee.com.br/product/869809385/54755498250
1751,19197788717,400124163,https://shopee.com.br/product/400124163/19197788717
1752,23398201128,869809385,https://shopee.com.br/product/869809385/23398201128
1753,22398410433,1075271269,https://shopee.com.br/product/1075271269/22398410433
1754,46757388595,1246535200,https://shopee.com.br/product/1246535200/46757388595
1755,23891111308,719930213,https://shopee.com.br/product/719930213/23891111308
1756,22693957077,648928964,https://shopee.com.br/product/648928964/22693957077
1757,18297751946,412527932,https://shopee.com.br/product/412527932/18297751946
1758,53955853202,842996464,https://shopee.com.br/product/842996464/53955853202
1759,58210389841,965617276,https://shopee.com.br/product/965617276/58210389841
1760,21973546825,842996464,https://shopee.com.br/product/842996464/21973546825
1761,22897295428,400124163,https://shopee.com.br/product/400124163/22897295428
1762,23793006777,822103155,https://shopee.com.br/product/822103155/23793006777
1763,19599895642,1242213783,https://shopee.com.br/product/1242213783/19599895642
1764,8823662777,312703265,https://shopee.com.br/product/312703265/8823662777
1765,22093669716,1235923910,https://shopee.com.br/product/1235923910/22093669716
1766,22897923893,680601528,https://shopee.com.br/product/680601528/22897923893
1767,22898143009,1235923910,https://shopee.com.br/product/1235923910/22898143009
1768,23698465024,1477305422,https://shopee.com.br/product/1477305422/23698465024
1769,8715553035,386620566,https://shopee.com.br/product/386620566/8715553035
1770,18897929432,680601528,https://shopee.com.br/product/680601528/18897929432
1771,23293610188,648928964,https://shopee.com.br/product/648928964/23293610188
1772,22694748192,1316611304,https://shopee.com.br/product/1316611304/22694748192
1773,22893653004,548911108,https://shopee.com.br/product/548911108/22893653004
1774,8815552946,386620566,https://shopee.com.br/product/386620566/8815552946
1775,22899415488,826682830,https://shopee.com.br/product/826682830/22899415488
1776,22497253726,1060724397,https://shopee.com.br/product/1060724397/22497253726
1777,20097795284,1235923910,https://shopee.com.br/product/1235923910/20097795284
1778,58259774104,1083800536,https://shopee.com.br/product/1083800536/58259774104
1779,21998186707,1235923910,https://shopee.com.br/product/1235923910/21998186707
1780,58205685853,1608053305,https://shopee.com.br/product/1608053305/58205685853
1781,15201798074,548911108,https://shopee.com.br/product/548911108/15201798074
1782,52555493286,869809385,https://shopee.com.br/product/869809385/52555493286
1783,48861374828,408653169,https://shopee.com.br/product/408653169/48861374828
1784,21399197430,869809385,https://shopee.com.br/product/869809385/21399197430
1785,19497685762,375188138,https://shopee.com.br/product/375188138/19497685762
1786,22296311672,356143297,https://shopee.com.br/product/356143297/22296311672
1787,28735459741,869809385,https://shopee.com.br/product/869809385/28735459741
1788,44554772437,869809385,https://shopee.com.br/product/869809385/44554772437
1789,41582604654,1051446617,https://shopee.com.br/product/1051446617/41582604654
1790,58250947307,1558905959,https://shopee.com.br/product/1558905959/58250947307
1791,23398910144,1608053305,https://shopee.com.br/product/1608053305/23398910144
1792,23299466904,826682830,https://shopee.com.br/product/826682830/23299466904
1793,23799306807,648928964,https://shopee.com.br/product/648928964/23799306807
1794,50650794755,1507942655,https://shopee.com.br/product/1507942655/50650794755
1795,55860862975,299192732,https://shopee.com.br/product/299192732/55860862975
1796,22594691765,822103155,https://shopee.com.br/product/822103155/22594691765
1797,18320013785,333246733,https://shopee.com.br/product/333246733/18320013785
1798,6177525061,373594761,https://shopee.com.br/product/373594761/6177525061
1799,20899651314,1242213783,https://shopee.com.br/product/1242213783/20899651314
1800,22793072009,951290141,https://shopee.com.br/product/951290141/22793072009
1801,17492538051,842996464,https://shopee.com.br/product/842996464/17492538051
1802,23599136550,1583442620,https://shopee.com.br/product/1583442620/23599136550
1803,58211153802,1033307532,https://shopee.com.br/product/1033307532/58211153802
1804,40152984934,1088013647,https://shopee.com.br/product/1088013647/40152984934
1805,58250746231,648928964,https://shopee.com.br/product/648928964/58250746231
1806,22297604683,404743073,https://shopee.com.br/product/404743073/22297604683
1807,24268724260,236693054,https://shopee.com.br/product/236693054/24268724260
1808,22792142978,349137150,https://shopee.com.br/product/349137150/22792142978
1809,23897958517,318555124,https://shopee.com.br/product/318555124/23897958517
1810,22994056585,952014476,https://shopee.com.br/product/952014476/22994056585
1811,58251291441,443109642,https://shopee.com.br/product/443109642/58251291441
1812,22724053846,842996464,https://shopee.com.br/product/842996464/22724053846
1813,58267274323,1097902002,https://shopee.com.br/product/1097902002/58267274323
1814,22898572536,455103761,https://shopee.com.br/product/455103761/22898572536
1815,23394040385,704493455,https://shopee.com.br/product/704493455/23394040385
1816,22395668460,752849300,https://shopee.com.br/product/752849300/22395668460
1817,22293802020,680601528,https://shopee.com.br/product/680601528/22293802020
1818,22893947546,638399297,https://shopee.com.br/product/638399297/22893947546
1819,20897869599,404743073,https://shopee.com.br/product/404743073/20897869599
1820,58252932709,404743073,https://shopee.com.br/product/404743073/58252932709
1821,23993008490,400124163,https://shopee.com.br/product/400124163/23993008490
1822,21699575559,1235923910,https://shopee.com.br/product/1235923910/21699575559
1823,19459400574,359066629,https://shopee.com.br/product/359066629/19459400574
1824,22392598597,1106802794,https://shopee.com.br/product/1106802794/22392598597
1825,22697721060,1235923910,https://shopee.com.br/product/1235923910/22697721060
1826,22994379684,1229255557,https://shopee.com.br/product/1229255557/22994379684
1827,23497278811,648928964,https://shopee.com.br/product/648928964/23497278811
1828,22093503283,1302727497,https://shopee.com.br/product/1302727497/22093503283
1829,22593286002,775496126,https://shopee.com.br/product/775496126/22593286002
1830,11357213109,357239640,https://shopee.com.br/product/357239640/11357213109
1831,48056469129,373594761,https://shopee.com.br/product/373594761/48056469129
1832,23199563569,1430626556,https://shopee.com.br/product/1430626556/23199563569
1833,23998795595,417707388,https://shopee.com.br/product/417707388/23998795595
1834,23093576215,1051446617,https://shopee.com.br/product/1051446617/23093576215
1835,47954762927,869809385,https://shopee.com.br/product/869809385/47954762927
1836,49162783294,638399297,https://shopee.com.br/product/638399297/49162783294
1837,58200076943,1477305422,https://shopee.com.br/product/1477305422/58200076943
1838,22199485806,822103155,https://shopee.com.br/product/822103155/22199485806
1839,23198395682,1088013647,https://shopee.com.br/product/1088013647/23198395682
1840,10725889454,312703265,https://shopee.com.br/product/312703265/10725889454
1841,9955238200,359066629,https://shopee.com.br/product/359066629/9955238200
1842,18298496929,371036439,https://shopee.com.br/product/371036439/18298496929
1843,47706143565,318555124,https://shopee.com.br/product/318555124/47706143565
1844,22998925603,412527932,https://shopee.com.br/product/412527932/22998925603
1845,55753477381,373594761,https://shopee.com.br/product/373594761/55753477381
1846,58205395774,1608053305,https://shopee.com.br/product/1608053305/58205395774
1847,23498393744,1072763470,https://shopee.com.br/product/1072763470/23498393744
1848,22399129573,1107280577,https://shopee.com.br/product/1107280577/22399129573
1849,23493967115,1500637302,https://shopee.com.br/product/1500637302/23493967115
1850,22993409320,530578890,https://shopee.com.br/product/530578890/22993409320
1851,53761159120,791969908,https://shopee.com.br/product/791969908/53761159120
1852,19997612411,1097902002,https://shopee.com.br/product/1097902002/19997612411
1853,18399555274,1378174009,https://shopee.com.br/product/1378174009/18399555274
1854,52908087500,826682830,https://shopee.com.br/product/826682830/52908087500
1855,23697602126,412527932,https://shopee.com.br/product/412527932/23697602126
1856,47554762842,869809385,https://shopee.com.br/product/869809385/47554762842
1857,19399094602,869809385,https://shopee.com.br/product/869809385/19399094602
1858,19399759283,1235923910,https://shopee.com.br/product/1235923910/19399759283
1859,15784582883,752849300,https://shopee.com.br/product/752849300/15784582883
1860,18398321616,1583442620,https://shopee.com.br/product/1583442620/18398321616
1861,23396785324,413680793,https://shopee.com.br/product/413680793/23396785324
1862,18599771565,455103761,https://shopee.com.br/product/455103761/18599771565
1863,58263933097,1561205436,https://shopee.com.br/product/1561205436/58263933097
1864,23925066516,842996464,https://shopee.com.br/product/842996464/23925066516
1865,27280323485,869809385,https://shopee.com.br/product/869809385/27280323485
1866,21496890654,752849300,https://shopee.com.br/product/752849300/21496890654
1867,20698102789,1075271269,https://shopee.com.br/product/1075271269/20698102789
1868,23999112322,404743073,https://shopee.com.br/product/404743073/23999112322
1869,3977637988,373594761,https://shopee.com.br/product/373594761/3977637988
1870,23697649192,1075271269,https://shopee.com.br/product/1075271269/23697649192
1871,47159456225,1246535200,https://shopee.com.br/product/1246535200/47159456225
1872,23296119728,402076848,https://shopee.com.br/product/402076848/23296119728
1873,22491599051,349137150,https://shopee.com.br/product/349137150/22491599051
1874,22398563249,1235923910,https://shopee.com.br/product/1235923910/22398563249
1875,48860210113,341754426,https://shopee.com.br/product/341754426/48860210113
1876,21099832289,316877265,https://shopee.com.br/product/316877265/21099832289
1877,23892992980,648928964,https://shopee.com.br/product/648928964/23892992980
1878,19999262204,375188138,https://shopee.com.br/product/375188138/19999262204
1879,21397640754,272868574,https://shopee.com.br/product/272868574/21397640754
1880,23992012130,916765392,https://shopee.com.br/product/916765392/23992012130
1881,23693199433,758962502,https://shopee.com.br/product/758962502/23693199433
1882,20972085450,842996464,https://shopee.com.br/product/842996464/20972085450
1883,23599327134,810071078,https://shopee.com.br/product/810071078/23599327134
1884,45214710497,1507942655,https://shopee.com.br/product/1507942655/45214710497
1885,23892671810,1088013647,https://shopee.com.br/product/1088013647/23892671810
1886,58015612493,721033344,https://shopee.com.br/product/721033344/58015612493
1887,53465780348,402598512,https://shopee.com.br/product/402598512/53465780348
1888,20298028290,1462563752,https://shopee.com.br/product/1462563752/20298028290
1889,22295808313,752849300,https://shopee.com.br/product/752849300/22295808313
1890,23498479211,822103155,https://shopee.com.br/product/822103155/23498479211
1891,43726307746,1088013647,https://shopee.com.br/product/1088013647/43726307746
1892,18797740674,1235923910,https://shopee.com.br/product/1235923910/18797740674
1893,16166139492,359066629,https://shopee.com.br/product/359066629/16166139492
1894,8091841443,408128510,https://shopee.com.br/product/408128510/8091841443
1895,18499695961,1235923910,https://shopee.com.br/product/1235923910/18499695961
1896,23425037096,842996464,https://shopee.com.br/product/842996464/23425037096
1897,54054963369,951290141,https://shopee.com.br/product/951290141/54054963369
1898,22496743578,404743073,https://shopee.com.br/product/404743073/22496743578
1899,18099586363,719930213,https://shopee.com.br/product/719930213/18099586363
1900,23694413482,1608053305,https://shopee.com.br/product/1608053305/23694413482
1901,43203396340,428173977,https://shopee.com.br/product/428173977/43203396340
1902,19197138156,400124163,https://shopee.com.br/product/400124163/19197138156
1903,17124668912,704493455,https://shopee.com.br/product/704493455/17124668912
1904,18998647914,313968882,https://shopee.com.br/product/313968882/18998647914
1905,23396982297,752849300,https://shopee.com.br/product/752849300/23396982297
1906,55504783900,1384728500,https://shopee.com.br/product/1384728500/55504783900
1907,19096856086,408653169,https://shopee.com.br/product/408653169/19096856086
1908,44654982442,1242718651,https://shopee.com.br/product/1242718651/44654982442
1909,22393850605,548911108,https://shopee.com.br/product/548911108/22393850605
1910,58215727813,1333507062,https://shopee.com.br/product/1333507062/58215727813
1911,58207756893,719930213,https://shopee.com.br/product/719930213/58207756893
1912,18900827318,752849300,https://shopee.com.br/product/752849300/18900827318
1913,57956746757,341754426,https://shopee.com.br/product/341754426/57956746757
1914,58256631952,1608053305,https://shopee.com.br/product/1608053305/58256631952
1915,22695639757,341754426,https://shopee.com.br/product/341754426/22695639757
1916,18097875408,1246535200,https://shopee.com.br/product/1246535200/18097875408
1917,22398558023,1235923910,https://shopee.com.br/product/1235923910/22398558023
1918,23193646186,1235923910,https://shopee.com.br/product/1235923910/23193646186
1919,11338104303,359066629,https://shopee.com.br/product/359066629/11338104303
1920,22299549457,1388709282,https://shopee.com.br/product/1388709282/22299549457
1921,58201953301,1617519379,https://shopee.com.br/product/1617519379/58201953301
1922,23798396568,648928964,https://shopee.com.br/product/648928964/23798396568
1923,40619464546,359066629,https://shopee.com.br/product/359066629/40619464546
1924,23798746413,359066629,https://shopee.com.br/product/359066629/23798746413
1925,50164655116,534109767,https://shopee.com.br/product/534109767/50164655116
1926,18297635612,356143297,https://shopee.com.br/product/356143297/18297635612
1927,56508353711,373594761,https://shopee.com.br/product/373594761/56508353711
1928,21063109110,318415041,https://shopee.com.br/product/318415041/21063109110
1929,15177034765,359066629,https://shopee.com.br/product/359066629/15177034765
1930,23194145953,1242213783,https://shopee.com.br/product/1242213783/23194145953
1931,20799258044,404743073,https://shopee.com.br/product/404743073/20799258044
1932,23393279774,648928964,https://shopee.com.br/product/648928964/23393279774
1933,8214922988,386114683,https://shopee.com.br/product/386114683/8214922988
1934,22793957269,1079030436,https://shopee.com.br/product/1079030436/22793957269
1935,46610379695,1296760327,https://shopee.com.br/product/1296760327/46610379695
1936,18498350758,874507048,https://shopee.com.br/product/874507048/18498350758
1937,22595786931,816806234,https://shopee.com.br/product/816806234/22595786931
1938,41121435100,572649927,https://shopee.com.br/product/572649927/41121435100
1939,22598544648,1235923910,https://shopee.com.br/product/1235923910/22598544648
1940,17011381128,436723291,https://shopee.com.br/product/436723291/17011381128
1941,10638962767,359066629,https://shopee.com.br/product/359066629/10638962767
1942,22997739124,1302727497,https://shopee.com.br/product/1302727497/22997739124
1943,22837709364,400124163,https://shopee.com.br/product/400124163/22837709364
1944,22692598614,1106802794,https://shopee.com.br/product/1106802794/22692598614
1945,19297686384,1050213612,https://shopee.com.br/product/1050213612/19297686384
1946,49851923158,402076848,https://shopee.com.br/product/402076848/49851923158
1947,6477558010,373594761,https://shopee.com.br/product/373594761/6477558010
1948,22127791862,318555124,https://shopee.com.br/product/318555124/22127791862
1949,22598316500,826682830,https://shopee.com.br/product/826682830/22598316500
1950,4677416988,373594761,https://shopee.com.br/product/373594761/4677416988
1951,22298689438,1553092714,https://shopee.com.br/product/1553092714/22298689438
1952,22102352832,842996464,https://shopee.com.br/product/842996464/22102352832
1953,22694294408,1050213612,https://shopee.com.br/product/1050213612/22694294408
1954,58253127902,1075271269,https://shopee.com.br/product/1075271269/58253127902
1955,22297551129,1220316212,https://shopee.com.br/product/1220316212/22297551129
1956,19399322839,412527932,https://shopee.com.br/product/412527932/19399322839
1957,3017032402,400124163,https://shopee.com.br/product/400124163/3017032402
1958,58205685544,1473114980,https://shopee.com.br/product/1473114980/58205685544
1959,23197988430,404743073,https://shopee.com.br/product/404743073/23197988430
1960,22292246945,404743073,https://shopee.com.br/product/404743073/22292246945
1961,43318208848,236693054,https://shopee.com.br/product/236693054/43318208848
1962,58208295156,648928964,https://shopee.com.br/product/648928964/58208295156
1963,22794027705,1081505086,https://shopee.com.br/product/1081505086/22794027705
1964,19299847958,455103761,https://shopee.com.br/product/455103761/19299847958
1965,46754376101,682804575,https://shopee.com.br/product/682804575/46754376101
1966,15201798898,548911108,https://shopee.com.br/product/548911108/15201798898
1967,21297684801,916172870,https://shopee.com.br/product/916172870/21297684801
1968,23898938158,1583442620,https://shopee.com.br/product/1583442620/23898938158
1969,10537201740,359066629,https://shopee.com.br/product/359066629/10537201740
1970,8155894390,359066629,https://shopee.com.br/product/359066629/8155894390
1971,21697475536,1106802794,https://shopee.com.br/product/1106802794/21697475536
1972,58265319931,1220316212,https://shopee.com.br/product/1220316212/58265319931
1973,58251821758,395742608,https://shopee.com.br/product/395742608/58251821758
1974,22793975217,1081505086,https://shopee.com.br/product/1081505086/22793975217
1975,20162891938,810071078,https://shopee.com.br/product/810071078/20162891938
1976,4377537893,373594761,https://shopee.com.br/product/373594761/4377537893
1977,58200615397,1654079737,https://shopee.com.br/product/1654079737/58200615397
1978,58211620898,952014476,https://shopee.com.br/product/952014476/58211620898
1979,46162761121,455103761,https://shopee.com.br/product/455103761/46162761121
1980,18459172326,648928964,https://shopee.com.br/product/648928964/18459172326
1981,23892731667,648928964,https://shopee.com.br/product/648928964/23892731667
1982,23698660685,404743073,https://shopee.com.br/product/404743073/23698660685
1983,23598648708,548911108,https://shopee.com.br/product/548911108/23598648708
1984,23594675452,1314243679,https://shopee.com.br/product/1314243679/23594675452
1985,58211648745,1083800536,https://shopee.com.br/product/1083800536/58211648745
1986,23693927365,789777799,https://shopee.com.br/product/789777799/23693927365
1987,23593479177,318555124,https://shopee.com.br/product/318555124/23593479177
1988,23997593322,648928964,https://shopee.com.br/product/648928964/23997593322
1989,18798192427,1081505086,https://shopee.com.br/product/1081505086/18798192427
1990,45006139181,373594761,https://shopee.com.br/product/373594761/45006139181
1991,22394199852,1362877346,https://shopee.com.br/product/1362877346/22394199852
1992,23291345538,951290141,https://shopee.com.br/product/951290141/23291345538
1993,51657287659,1507942655,https://shopee.com.br/product/1507942655/51657287659
1994,22793842762,1388709282,https://shopee.com.br/product/1388709282/22793842762
1995,7789613327,359066629,https://shopee.com.br/product/359066629/7789613327
1996,23693667179,443783188,https://shopee.com.br/product/443783188/23693667179
1997,23896493046,359066629,https://shopee.com.br/product/359066629/23896493046
1998,23091260828,389266749,https://shopee.com.br/product/389266749/23091260828
1999,58256076256,412968566,https://shopee.com.br/product/412968566/58256076256
2000,58254970859,412968566,https://shopee.com.br/product/412968566/58254970859
2001,55660729206,359066629,https://shopee.com.br/product/359066629/55660729206
2002,19198277420,1500637302,https://shopee.com.br/product/1500637302/19198277420
2003,49712019359,316557325,https://shopee.com.br/product/316557325/49712019359
2004,23992824399,719930213,https://shopee.com.br/product/719930213/23992824399
2005,58251877502,1316611304,https://shopee.com.br/product/1316611304/58251877502
2006,23322561635,842996464,https://shopee.com.br/product/842996464/23322561635
2007,22898642717,1242213783,https://shopee.com.br/product/1242213783/22898642717
2008,18998647906,313968882,https://shopee.com.br/product/313968882/18998647906
2009,58256604277,680601528,https://shopee.com.br/product/680601528/58256604277
2010,18499919155,1583442620,https://shopee.com.br/product/1583442620/18499919155
2011,21099888692,316877265,https://shopee.com.br/product/316877265/21099888692
2012,23393702917,1362877346,https://shopee.com.br/product/1362877346/23393702917
2013,10438894218,359066629,https://shopee.com.br/product/359066629/10438894218
2014,22893947568,638399297,https://shopee.com.br/product/638399297/22893947568
2015,23296834681,334741920,https://shopee.com.br/product/334741920/23296834681
2016,58207286248,789777799,https://shopee.com.br/product/789777799/58207286248
2017,19299704356,638399297,https://shopee.com.br/product/638399297/19299704356
2018,22998955360,1630032069,https://shopee.com.br/product/1630032069/22998955360
2019,58216539850,1220316212,https://shopee.com.br/product/1220316212/58216539850
2020,13896617729,867958784,https://shopee.com.br/product/867958784/13896617729
2021,52855584612,373594761,https://shopee.com.br/product/373594761/52855584612
2022,23297605965,412527932,https://shopee.com.br/product/412527932/23297605965
2023,23098681412,1553092714,https://shopee.com.br/product/1553092714/23098681412
2024,22593071882,916172870,https://shopee.com.br/product/916172870/22593071882
2025,21998261630,1242213783,https://shopee.com.br/product/1242213783/21998261630
2026,19799358298,1088013647,https://shopee.com.br/product/1088013647/19799358298
2027,20399335151,687950391,https://shopee.com.br/product/687950391/20399335151
2028,22194516417,1561205436,https://shopee.com.br/product/1561205436/22194516417
2029,20232656813,400124163,https://shopee.com.br/product/400124163/20232656813
2030,22798750993,359066629,https://shopee.com.br/product/359066629/22798750993
2031,21699262367,375188138,https://shopee.com.br/product/375188138/21699262367
2032,47510822954,790605924,https://shopee.com.br/product/790605924/47510822954
2033,52362680736,951290141,https://shopee.com.br/product/951290141/52362680736
2034,23794235267,1075271269,https://shopee.com.br/product/1075271269/23794235267
2035,23997738316,648928964,https://shopee.com.br/product/648928964/23997738316
2036,40011288189,428173977,https://shopee.com.br/product/428173977/40011288189
2037,22292031351,359066629,https://shopee.com.br/product/359066629/22292031351
2038,58259774109,1083800536,https://shopee.com.br/product/1083800536/58259774109
2039,22697767793,1316611304,https://shopee.com.br/product/1316611304/22697767793
2040,19598201856,952014476,https://shopee.com.br/product/952014476/19598201856
2041,22394334088,1477305422,https://shopee.com.br/product/1477305422/22394334088
2042,23197676830,442506479,https://shopee.com.br/product/442506479/23197676830
2043,58213792361,826682830,https://shopee.com.br/product/826682830/58213792361
2044,58212546956,1561205436,https://shopee.com.br/product/1561205436/58212546956
2045,53114828417,281898655,https://shopee.com.br/product/281898655/53114828417
2046,23892580472,272868574,https://shopee.com.br/product/272868574/23892580472
2047,45009403092,1029852536,https://shopee.com.br/product/1029852536/45009403092
2048,22794247769,1553092714,https://shopee.com.br/product/1553092714/22794247769
2049,58210086267,286347381,https://shopee.com.br/product/286347381/58210086267
2050,22793477662,318555124,https://shopee.com.br/product/318555124/22793477662
2051,22593969875,1477305422,https://shopee.com.br/product/1477305422/22593969875
2052,16292509480,842996464,https://shopee.com.br/product/842996464/16292509480
2053,58210095908,1645864320,https://shopee.com.br/product/1645864320/58210095908
2054,23898938164,1583442620,https://shopee.com.br/product/1583442620/23898938164
2055,51157816124,775496126,https://shopee.com.br/product/775496126/51157816124
2056,23198819180,648928964,https://shopee.com.br/product/648928964/23198819180
2057,22898221029,648928964,https://shopee.com.br/product/648928964/22898221029
2058,23693532226,822103155,https://shopee.com.br/product/822103155/23693532226
2059,43851251137,333246733,https://shopee.com.br/product/333246733/43851251137
2060,22193191243,357239640,https://shopee.com.br/product/357239640/22193191243
2061,58213318448,1553092714,https://shopee.com.br/product/1553092714/58213318448
2062,8427720685,365257077,https://shopee.com.br/product/365257077/8427720685
2063,42506750492,373594761,https://shopee.com.br/product/373594761/42506750492
2064,20397499746,867958784,https://shopee.com.br/product/867958784/20397499746
2065,47600394692,528273775,https://shopee.com.br/product/528273775/47600394692
2066,23598843490,1242213783,https://shopee.com.br/product/1242213783/23598843490
2067,23994345134,1242213783,https://shopee.com.br/product/1242213783/23994345134
2068,23494860016,427153374,https://shopee.com.br/product/427153374/23494860016
2069,58201012740,1608053305,https://shopee.com.br/product/1608053305/58201012740
2070,23594031648,889942432,https://shopee.com.br/product/889942432/23594031648
2071,22598648688,1242213783,https://shopee.com.br/product/1242213783/22598648688
2072,23294168114,1553092714,https://shopee.com.br/product/1553092714/23294168114
2073,58262358947,412968566,https://shopee.com.br/product/412968566/58262358947
2074,22592598490,1106802794,https://shopee.com.br/product/1106802794/22592598490
2075,20873438180,842996464,https://shopee.com.br/product/842996464/20873438180
2076,23793231151,648928964,https://shopee.com.br/product/648928964/23793231151
2077,19198955627,400124163,https://shopee.com.br/product/400124163/19198955627
2078,19697461197,400124163,https://shopee.com.br/product/400124163/19697461197
2079,22898229808,408653169,https://shopee.com.br/product/408653169/22898229808
2080,46709788572,406894684,https://shopee.com.br/product/406894684/46709788572
2081,23892674531,375188138,https://shopee.com.br/product/375188138/23892674531
2082,41817315852,844004880,https://shopee.com.br/product/844004880/41817315852
2083,19664197747,371036439,https://shopee.com.br/product/371036439/19664197747
2084,26093808951,528273775,https://shopee.com.br/product/528273775/26093808951
2085,42730143192,1371792496,https://shopee.com.br/product/1371792496/42730143192
2086,23098481241,889942432,https://shopee.com.br/product/889942432/23098481241
2087,21397657493,973004594,https://shopee.com.br/product/973004594/21397657493
2088,22798461974,1477305422,https://shopee.com.br/product/1477305422/22798461974
2089,22298864795,1477305422,https://shopee.com.br/product/1477305422/22298864795
2090,22998824735,1229255557,https://shopee.com.br/product/1229255557/22998824735
2091,22498289031,402450553,https://shopee.com.br/product/402450553/22498289031
2092,18598032029,1243712796,https://shopee.com.br/product/1243712796/18598032029
2093,21897495436,1088013647,https://shopee.com.br/product/1088013647/21897495436
2094,23293983770,1404803902,https://shopee.com.br/product/1404803902/23293983770
2095,21099296982,842996464,https://shopee.com.br/product/842996464/21099296982
2096,22797090598,1106802794,https://shopee.com.br/product/1106802794/22797090598
2097,23293263496,333246733,https://shopee.com.br/product/333246733/23293263496
2098,41028698119,1177369665,https://shopee.com.br/product/1177369665/41028698119
2099,22798235945,1050213612,https://shopee.com.br/product/1050213612/22798235945
2100,58253143886,1670290083,https://shopee.com.br/product/1670290083/58253143886
2101,41603010320,400124163,https://shopee.com.br/product/400124163/41603010320
2102,21041541257,687950391,https://shopee.com.br/product/687950391/21041541257
2103,23492881185,504745949,https://shopee.com.br/product/504745949/23492881185
2104,47811554230,436723291,https://shopee.com.br/product/436723291/47811554230
2105,46257047865,1507942655,https://shopee.com.br/product/1507942655/46257047865
2106,23794008439,648928964,https://shopee.com.br/product/648928964/23794008439
2107,27394348402,1494297971,https://shopee.com.br/product/1494297971/27394348402
2108,29967353375,428173977,https://shopee.com.br/product/428173977/29967353375
2109,44951928077,402076848,https://shopee.com.br/product/402076848/44951928077
2110,22197551913,375188138,https://shopee.com.br/product/375188138/22197551913
2111,58262033041,316070154,https://shopee.com.br/product/316070154/58262033041
2112,22293712555,874507048,https://shopee.com.br/product/874507048/22293712555
2113,23519102668,359066629,https://shopee.com.br/product/359066629/23519102668
2114,23698465265,1477305422,https://shopee.com.br/product/1477305422/23698465265
2115,22593916171,867958784,https://shopee.com.br/product/867958784/22593916171
2116,23692649809,816806234,https://shopee.com.br/product/816806234/23692649809
2117,23291695974,522316174,https://shopee.com.br/product/522316174/23291695974
2118,23993470400,404743073,https://shopee.com.br/product/404743073/23993470400
2119,19472860492,842996464,https://shopee.com.br/product/842996464/19472860492
2120,58201072585,1190424233,https://shopee.com.br/product/1190424233/58201072585
2121,22092902707,335244857,https://shopee.com.br/product/335244857/22092902707
2122,56661565556,752849300,https://shopee.com.br/product/752849300/56661565556
2123,18698439331,408653169,https://shopee.com.br/product/408653169/18698439331
2124,22593071866,916172870,https://shopee.com.br/product/916172870/22593071866
2125,23798244531,560644869,https://shopee.com.br/product/560644869/23798244531
2126,21197725145,329672794,https://shopee.com.br/product/329672794/21197725145
2127,21298091955,627750190,https://shopee.com.br/product/627750190/21298091955
2128,22692091794,373594761,https://shopee.com.br/product/373594761/22692091794
2129,15001800822,548911108,https://shopee.com.br/product/548911108/15001800822
2130,58259707701,1788001787,https://shopee.com.br/product/1788001787/58259707701
2131,23197913876,648928964,https://shopee.com.br/product/648928964/23197913876
2132,50106015482,1507942655,https://shopee.com.br/product/1507942655/50106015482
2133,20997684738,404743073,https://shopee.com.br/product/404743073/20997684738
2134,22592998795,1240688238,https://shopee.com.br/product/1240688238/22592998795
2135,23930475350,359066629,https://shopee.com.br/product/359066629/23930475350
2136,21299773617,1226120317,https://shopee.com.br/product/1226120317/21299773617
2137,23092797677,648928964,https://shopee.com.br/product/648928964/23092797677
2138,19297750317,412527932,https://shopee.com.br/product/412527932/19297750317
2139,20997683845,1220316212,https://shopee.com.br/product/1220316212/20997683845
2140,17220351521,704493455,https://shopee.com.br/product/704493455/17220351521
2141,23593529067,404743073,https://shopee.com.br/product/404743073/23593529067
2142,20904814123,648928964,https://shopee.com.br/product/648928964/20904814123
2143,20596969301,816806234,https://shopee.com.br/product/816806234/20596969301
2144,9937880114,376053737,https://shopee.com.br/product/376053737/9937880114
2145,23093005912,752849300,https://shopee.com.br/product/752849300/23093005912
2146,22422556928,842996464,https://shopee.com.br/product/842996464/22422556928
2147,58208447125,752637589,https://shopee.com.br/product/752637589/58208447125
2148,8115755875,386620566,https://shopee.com.br/product/386620566/8115755875
2149,18799851305,1553092714,https://shopee.com.br/product/1553092714/18799851305
2150,23698465386,1477305422,https://shopee.com.br/product/1477305422/23698465386
2151,58255648956,1608053305,https://shopee.com.br/product/1608053305/58255648956
2152,23898181072,874507048,https://shopee.com.br/product/874507048/23898181072
2153,58254791507,548911108,https://shopee.com.br/product/548911108/58254791507
2154,19770036023,504745949,https://shopee.com.br/product/504745949/19770036023
2155,21898262032,1553092714,https://shopee.com.br/product/1553092714/21898262032
2156,22697908396,1033307532,https://shopee.com.br/product/1033307532/22697908396
2157,41425859992,528273775,https://shopee.com.br/product/528273775/41425859992
2158,22696307153,356143297,https://shopee.com.br/product/356143297/22696307153
2159,8615557966,386620566,https://shopee.com.br/product/386620566/8615557966
2160,14085409582,359066629,https://shopee.com.br/product/359066629/14085409582
2161,22797090601,1106802794,https://shopee.com.br/product/1106802794/22797090601
2162,58263478846,1788001787,https://shopee.com.br/product/1788001787/58263478846
2163,22593054080,1220316212,https://shopee.com.br/product/1220316212/22593054080
2164,47263064624,1118395504,https://shopee.com.br/product/1118395504/47263064624
2165,23192649724,1050213612,https://shopee.com.br/product/1050213612/23192649724
2166,54102469691,402450553,https://shopee.com.br/product/402450553/54102469691
2167,23898526432,1075271269,https://shopee.com.br/product/1075271269/23898526432
2168,22394676187,1484933575,https://shopee.com.br/product/1484933575/22394676187
2169,58251693570,648928964,https://shopee.com.br/product/648928964/58251693570
2170,18899900027,1583442620,https://shopee.com.br/product/1583442620/18899900027
2171,19700834271,752849300,https://shopee.com.br/product/752849300/19700834271
2172,22892654215,1050213612,https://shopee.com.br/product/1050213612/22892654215
2173,58204800063,548911108,https://shopee.com.br/product/548911108/58204800063
2174,19697664625,404743073,https://shopee.com.br/product/404743073/19697664625
2175,21298490160,371036439,https://shopee.com.br/product/371036439/21298490160
2176,54700947088,1507942655,https://shopee.com.br/product/1507942655/54700947088
2177,10904562836,359066629,https://shopee.com.br/product/359066629/10904562836
2178,56456084970,297240324,https://shopee.com.br/product/297240324/56456084970
2179,58258137035,826682830,https://shopee.com.br/product/826682830/58258137035
2180,56965785040,436723291,https://shopee.com.br/product/436723291/56965785040
2181,19296985000,359066629,https://shopee.com.br/product/359066629/19296985000
2182,22397629220,438656550,https://shopee.com.br/product/438656550/22397629220
2183,20798542643,816806234,https://shopee.com.br/product/816806234/20798542643
2184,18298671249,356143297,https://shopee.com.br/product/356143297/18298671249
2185,22192397275,1062544851,https://shopee.com.br/product/1062544851/22192397275
2186,18458193214,842996464,https://shopee.com.br/product/842996464/18458193214
2187,22698316348,826682830,https://shopee.com.br/product/826682830/22698316348
2188,23896027184,341754426,https://shopee.com.br/product/341754426/23896027184
2189,18063062073,436682589,https://shopee.com.br/product/436682589/18063062073
2190,22493989221,1477305422,https://shopee.com.br/product/1477305422/22493989221
2191,26644493265,310274254,https://shopee.com.br/product/310274254/26644493265
2192,23720920731,842996464,https://shopee.com.br/product/842996464/23720920731
2193,44761641389,455103761,https://shopee.com.br/product/455103761/44761641389
2194,22798925979,939446263,https://shopee.com.br/product/939446263/22798925979
2195,7358474404,318555124,https://shopee.com.br/product/318555124/7358474404
2196,22298423040,1072763470,https://shopee.com.br/product/1072763470/22298423040
2197,51104555478,404617501,https://shopee.com.br/product/404617501/51104555478
2198,23397975523,404743073,https://shopee.com.br/product/404743073/23397975523
2199,56108587373,410522123,https://shopee.com.br/product/410522123/56108587373
2200,23094455619,1583442620,https://shopee.com.br/product/1583442620/23094455619
2201,14268185944,373594761,https://shopee.com.br/product/373594761/14268185944
2202,23594345996,1242213783,https://shopee.com.br/product/1242213783/23594345996
2203,8015560681,386620566,https://shopee.com.br/product/386620566/8015560681
2204,22694302424,648928964,https://shopee.com.br/product/648928964/22694302424
2205,18999255330,704493455,https://shopee.com.br/product/704493455/18999255330
2206,23591624169,504745949,https://shopee.com.br/product/504745949/23591624169
2207,22492691896,816806234,https://shopee.com.br/product/816806234/22492691896
2208,23897642671,442506479,https://shopee.com.br/product/442506479/23897642671
2209,21199257374,1220316212,https://shopee.com.br/product/1220316212/21199257374
2210,22698113326,844004880,https://shopee.com.br/product/844004880/22698113326
2211,23394139573,1081505086,https://shopee.com.br/product/1081505086/23394139573
2212,21599722478,822103155,https://shopee.com.br/product/822103155/21599722478
2213,22891479678,548911108,https://shopee.com.br/product/548911108/22891479678
2214,22698856734,316070154,https://shopee.com.br/product/316070154/22698856734
2215,23394433426,1242213783,https://shopee.com.br/product/1242213783/23394433426
2216,23897547866,1050213612,https://shopee.com.br/product/1050213612/23897547866
2217,8912119392,318555124,https://shopee.com.br/product/318555124/8912119392
2218,41050642292,400124163,https://shopee.com.br/product/400124163/41050642292
2219,23893011749,404743073,https://shopee.com.br/product/404743073/23893011749
2220,23793412543,404743073,https://shopee.com.br/product/404743073/23793412543
2221,58054792929,341754426,https://shopee.com.br/product/341754426/58054792929
2222,18298308390,1362877346,https://shopee.com.br/product/1362877346/18298308390
2223,23298228890,408653169,https://shopee.com.br/product/408653169/23298228890
2224,22793118549,1226120317,https://shopee.com.br/product/1226120317/22793118549
2225,22192822539,335160199,https://shopee.com.br/product/335160199/22192822539
2226,42451152224,530578890,https://shopee.com.br/product/530578890/42451152224
2227,21299597363,662618933,https://shopee.com.br/product/662618933/21299597363
2228,20899840406,1553092714,https://shopee.com.br/product/1553092714/20899840406
2229,22098671841,455103761,https://shopee.com.br/product/455103761/22098671841
2230,58205202274,1050213612,https://shopee.com.br/product/1050213612/58205202274
2231,11719912668,356143297,https://shopee.com.br/product/356143297/11719912668
2232,27631916064,400124163,https://shopee.com.br/product/400124163/27631916064
2233,22098666212,444869236,https://shopee.com.br/product/444869236/22098666212
2234,22496742316,404743073,https://shopee.com.br/product/404743073/22496742316
2235,5282597463,402093902,https://shopee.com.br/product/402093902/5282597463
2236,20399073051,867958784,https://shopee.com.br/product/867958784/20399073051
2237,47166313711,721033344,https://shopee.com.br/product/721033344/47166313711
2238,22497686291,272868574,https://shopee.com.br/product/272868574/22497686291
2239,22893264899,444869236,https://shopee.com.br/product/444869236/22893264899
2240,48700264133,601021305,https://shopee.com.br/product/601021305/48700264133
2241,19998671085,384950713,https://shopee.com.br/product/384950713/19998671085
2242,41128820832,638399297,https://shopee.com.br/product/638399297/41128820832
2243,45402978520,341754426,https://shopee.com.br/product/341754426/45402978520
2244,22798462028,1477305422,https://shopee.com.br/product/1477305422/22798462028
2245,51913385335,1314243679,https://shopee.com.br/product/1314243679/51913385335
2246,18964175257,371036439,https://shopee.com.br/product/371036439/18964175257
2247,14881797204,752849300,https://shopee.com.br/product/752849300/14881797204
2248,58257220008,1033307532,https://shopee.com.br/product/1033307532/58257220008
2249,22598684658,1553092714,https://shopee.com.br/product/1553092714/22598684658
2250,51517650277,400124163,https://shopee.com.br/product/400124163/51517650277
2251,44118586779,400124163,https://shopee.com.br/product/400124163/44118586779
2252,7887674762,337570318,https://shopee.com.br/product/337570318/7887674762
2253,22493792144,648928964,https://shopee.com.br/product/648928964/22493792144
2254,22693987938,822103155,https://shopee.com.br/product/822103155/22693987938
2255,23697542938,822103155,https://shopee.com.br/product/822103155/23697542938
2256,23697542927,822103155,https://shopee.com.br/product/822103155/23697542927
2257,18198665100,800925303,https://shopee.com.br/product/800925303/18198665100
2258,23095102076,826682830,https://shopee.com.br/product/826682830/23095102076
2259,11761999505,373594761,https://shopee.com.br/product/373594761/11761999505
2260,20098275329,1050213612,https://shopee.com.br/product/1050213612/20098275329
2261,22098961915,638399297,https://shopee.com.br/product/638399297/22098961915
2262,48600271743,1088013647,https://shopee.com.br/product/1088013647/48600271743
2263,22224973988,842996464,https://shopee.com.br/product/842996464/22224973988
2264,12811210115,359066629,https://shopee.com.br/product/359066629/12811210115
2265,22398519445,889942432,https://shopee.com.br/product/889942432/22398519445
2266,22498208932,1462563752,https://shopee.com.br/product/1462563752/22498208932
2267,56663334895,601021305,https://shopee.com.br/product/601021305/56663334895
2268,40169244448,373594761,https://shopee.com.br/product/373594761/40169244448
2269,22698184183,400124163,https://shopee.com.br/product/400124163/22698184183
2270,23993219711,400124163,https://shopee.com.br/product/400124163/23993219711
2271,23193866081,357239640,https://shopee.com.br/product/357239640/23193866081
2272,23093626080,680601528,https://shopee.com.br/product/680601528/23093626080
2273,20251671942,356143297,https://shopee.com.br/product/356143297/20251671942
2274,15562564150,318555124,https://shopee.com.br/product/318555124/15562564150
2275,23193728965,1368997878,https://shopee.com.br/product/1368997878/23193728965
2276,23117250011,638399297,https://shopee.com.br/product/638399297/23117250011
2277,22898460249,1500637302,https://shopee.com.br/product/1500637302/22898460249
2278,22893947564,638399297,https://shopee.com.br/product/638399297/22893947564
2279,58262358993,412968566,https://shopee.com.br/product/412968566/58262358993
2280,20899262915,822103155,https://shopee.com.br/product/822103155/20899262915
2281,21399257358,349137150,https://shopee.com.br/product/349137150/21399257358
2282,21999608384,648928964,https://shopee.com.br/product/648928964/21999608384
2283,48312355453,1608053305,https://shopee.com.br/product/1608053305/48312355453
2284,23598913937,1608053305,https://shopee.com.br/product/1608053305/23598913937
2285,18799233048,359066629,https://shopee.com.br/product/359066629/18799233048
2286,18564176670,371036439,https://shopee.com.br/product/371036439/18564176670
2287,19497524436,444869236,https://shopee.com.br/product/444869236/19497524436
2288,23298014213,951290141,https://shopee.com.br/product/951290141/23298014213
2289,18198800531,359066629,https://shopee.com.br/product/359066629/18198800531
2290,22694874435,1082747237,https://shopee.com.br/product/1082747237/22694874435
2291,20698462029,400124163,https://shopee.com.br/product/400124163/20698462029
2292,46705873219,842996464,https://shopee.com.br/product/842996464/46705873219
2293,23692824524,719930213,https://shopee.com.br/product/719930213/23692824524
2294,44753488704,373594761,https://shopee.com.br/product/373594761/44753488704
2295,58262721228,1561205436,https://shopee.com.br/product/1561205436/58262721228
2296,48116041464,1759813503,https://shopee.com.br/product/1759813503/48116041464
2297,23938798242,674110767,https://shopee.com.br/product/674110767/23938798242
2298,23097461819,1106021667,https://shopee.com.br/product/1106021667/23097461819
2299,19997521669,1106021667,https://shopee.com.br/product/1106021667/19997521669
2300,20297127369,429392805,https://shopee.com.br/product/429392805/20297127369
2301,22094483651,1583442620,https://shopee.com.br/product/1583442620/22094483651
2302,23494437277,1242213783,https://shopee.com.br/product/1242213783/23494437277
2303,50402540410,400124163,https://shopee.com.br/product/400124163/50402540410
2304,22698008299,1344250083,https://shopee.com.br/product/1344250083/22698008299
2305,11404557292,359066629,https://shopee.com.br/product/359066629/11404557292
2306,23293110602,412527932,https://shopee.com.br/product/412527932/23293110602
2307,19299704368,638399297,https://shopee.com.br/product/638399297/19299704368
2308,22093496972,680601528,https://shopee.com.br/product/680601528/22093496972
2309,53667659008,534109767,https://shopee.com.br/product/534109767/53667659008
2310,58265574923,1477305422,https://shopee.com.br/product/1477305422/58265574923
2311,22893234081,572649927,https://shopee.com.br/product/572649927/22893234081
2312,19399589861,648928964,https://shopee.com.br/product/648928964/19399589861
2313,50106284168,775496126,https://shopee.com.br/product/775496126/50106284168
2314,23993514985,965617276,https://shopee.com.br/product/965617276/23993514985
2315,22194212206,752849300,https://shopee.com.br/product/752849300/22194212206
2316,21297684822,916172870,https://shopee.com.br/product/916172870/21297684822
2317,40374940343,1163157664,https://shopee.com.br/product/1163157664/40374940343
2318,22692598482,1106802794,https://shopee.com.br/product/1106802794/22692598482
2319,23895558429,400124163,https://shopee.com.br/product/400124163/23895558429
2320,23198537028,704493455,https://shopee.com.br/product/704493455/23198537028
2321,51401658468,1088013647,https://shopee.com.br/product/1088013647/51401658468
2322,19099867260,548911108,https://shopee.com.br/product/548911108/19099867260
2323,18597823236,1228411998,https://shopee.com.br/product/1228411998/18597823236
2324,23993778509,1229024585,https://shopee.com.br/product/1229024585/23993778509
2325,16301910795,400124163,https://shopee.com.br/product/400124163/16301910795
2326,40706721646,373594761,https://shopee.com.br/product/373594761/40706721646
2327,13706915289,400736454,https://shopee.com.br/product/400736454/13706915289
2328,23693717024,365257077,https://shopee.com.br/product/365257077/23693717024
2329,22095620188,356143297,https://shopee.com.br/product/356143297/22095620188
2330,10682277350,373594761,https://shopee.com.br/product/373594761/10682277350
2331,23298321541,400124163,https://shopee.com.br/product/400124163/23298321541
2332,58202201843,1541325700,https://shopee.com.br/product/1541325700/58202201843
2333,23097984349,413680793,https://shopee.com.br/product/413680793/23097984349
2334,22097765171,795711540,https://shopee.com.br/product/795711540/22097765171
2335,23093576738,1050213612,https://shopee.com.br/product/1050213612/23093576738
2336,58208295160,648928964,https://shopee.com.br/product/648928964/58208295160
2337,48708324441,1088013647,https://shopee.com.br/product/1088013647/48708324441
2338,21352562625,333246733,https://shopee.com.br/product/333246733/21352562625
2339,18699909397,1583442620,https://shopee.com.br/product/1583442620/18699909397
2340,22898815035,648928964,https://shopee.com.br/product/648928964/22898815035
2341,22697099135,1106802794,https://shopee.com.br/product/1106802794/22697099135
2342,19999871596,638399297,https://shopee.com.br/product/638399297/19999871596
2343,22794139202,349137150,https://shopee.com.br/product/349137150/22794139202
2344,23494280700,1050213612,https://shopee.com.br/product/1050213612/23494280700
2345,22993043848,1220316212,https://shopee.com.br/product/1220316212/22993043848
2346,22493586414,371036439,https://shopee.com.br/product/371036439/22493586414
2347,23398676190,1553092714,https://shopee.com.br/product/1553092714/23398676190
2348,58210530560,379103154,https://shopee.com.br/product/379103154/58210530560
2349,23798699252,1553092714,https://shopee.com.br/product/1553092714/23798699252
2350,22124987370,842996464,https://shopee.com.br/product/842996464/22124987370
2351,23197641507,648928964,https://shopee.com.br/product/648928964/23197641507
2352,23593661821,1459408293,https://shopee.com.br/product/1459408293/23593661821
2353,23794923992,301983687,https://shopee.com.br/product/301983687/23794923992
2354,22793225471,1328711923,https://shopee.com.br/product/1328711923/22793225471
2355,23993516323,404743073,https://shopee.com.br/product/404743073/23993516323
2356,22198080910,1075271269,https://shopee.com.br/product/1075271269/22198080910
2357,22697159521,1106021667,https://shopee.com.br/product/1106021667/22697159521
2358,21196966970,400124163,https://shopee.com.br/product/400124163/21196966970
2359,45306308055,400124163,https://shopee.com.br/product/400124163/45306308055
2360,58209125187,1083800536,https://shopee.com.br/product/1083800536/58209125187
2361,20796969322,816806234,https://shopee.com.br/product/816806234/20796969322
2362,27890656545,436723291,https://shopee.com.br/product/436723291/27890656545
2363,22694045582,1081505086,https://shopee.com.br/product/1081505086/22694045582
2364,23994192761,1553092714,https://shopee.com.br/product/1553092714/23994192761
2365,22898706741,1553092714,https://shopee.com.br/product/1553092714/22898706741
2366,22197943781,318555124,https://shopee.com.br/product/318555124/22197943781
2367,53356058045,582386382,https://shopee.com.br/product/582386382/53356058045
2368,22798649133,1242213783,https://shopee.com.br/product/1242213783/22798649133
2369,42406438707,530578890,https://shopee.com.br/product/530578890/42406438707
2370,23198664860,1553092714,https://shopee.com.br/product/1553092714/23198664860
2371,21898599654,951290141,https://shopee.com.br/product/951290141/21898599654
2372,20451671438,356143297,https://shopee.com.br/product/356143297/20451671438
2373,47813299575,373594761,https://shopee.com.br/product/373594761/47813299575
2374,23793575872,349137150,https://shopee.com.br/product/349137150/23793575872
2375,9915555230,386620566,https://shopee.com.br/product/386620566/9915555230
2376,51657708366,400124163,https://shopee.com.br/product/400124163/51657708366
2377,22994534145,976704374,https://shopee.com.br/product/976704374/22994534145
2378,23294180382,404743073,https://shopee.com.br/product/404743073/23294180382
2379,58254791239,548911108,https://shopee.com.br/product/548911108/58254791239
2380,22998951847,1583442620,https://shopee.com.br/product/1583442620/22998951847
2381,58211532900,1645864320,https://shopee.com.br/product/1645864320/58211532900
2382,51851205413,506112052,https://shopee.com.br/product/506112052/51851205413
2383,58200521095,349137150,https://shopee.com.br/product/349137150/58200521095
2384,51815556093,1242718651,https://shopee.com.br/product/1242718651/51815556093
2385,23123340572,752849300,https://shopee.com.br/product/752849300/23123340572
2386,20797661857,349137150,https://shopee.com.br/product/349137150/20797661857
2387,55960061041,441209003,https://shopee.com.br/product/441209003/55960061041
2388,19199563851,341754426,https://shopee.com.br/product/341754426/19199563851
2389,22098554464,524728336,https://shopee.com.br/product/524728336/22098554464
2390,23294964523,349137150,https://shopee.com.br/product/349137150/23294964523
2391,22894198441,1553092714,https://shopee.com.br/product/1553092714/22894198441
2392,58263923291,1561205436,https://shopee.com.br/product/1561205436/58263923291
2393,22897427934,404743073,https://shopee.com.br/product/404743073/22897427934
2394,19999542268,1106802794,https://shopee.com.br/product/1106802794/19999542268
2395,20897987721,648928964,https://shopee.com.br/product/648928964/20897987721
2396,22902804172,436682589,https://shopee.com.br/product/436682589/22902804172
2397,23497461015,373745451,https://shopee.com.br/product/373745451/23497461015
2398,18598683363,371036439,https://shopee.com.br/product/371036439/18598683363
2399,22495787028,816806234,https://shopee.com.br/product/816806234/22495787028
2400,58250366052,1242213783,https://shopee.com.br/product/1242213783/58250366052
2401,58261151053,1033307532,https://shopee.com.br/product/1033307532/58261151053
2402,45165429472,908280603,https://shopee.com.br/product/908280603/45165429472
2403,22698863467,1477305422,https://shopee.com.br/product/1477305422/22698863467
2404,23793231137,648928964,https://shopee.com.br/product/648928964/23793231137
2405,15591048160,400124163,https://shopee.com.br/product/400124163/15591048160
2406,19699197076,400124163,https://shopee.com.br/product/400124163/19699197076
2407,22121473607,400124163,https://shopee.com.br/product/400124163/22121473607
2408,42150102944,400124163,https://shopee.com.br/product/400124163/42150102944
2409,22894675172,1561205436,https://shopee.com.br/product/1561205436/22894675172
2410,42923040760,373594761,https://shopee.com.br/product/373594761/42923040760
2411,22498368969,404743073,https://shopee.com.br/product/404743073/22498368969
2412,20397419657,413680793,https://shopee.com.br/product/413680793/20397419657
2413,58259847315,1788001787,https://shopee.com.br/product/1788001787/58259847315
2414,20698318321,1477305422,https://shopee.com.br/product/1477305422/20698318321
2415,58201613133,638399297,https://shopee.com.br/product/638399297/58201613133
2416,22197435192,752849300,https://shopee.com.br/product/752849300/22197435192
2417,22197551129,1220316212,https://shopee.com.br/product/1220316212/22197551129
2418,22793968956,1477305422,https://shopee.com.br/product/1477305422/22793968956
2419,43557194681,400124163,https://shopee.com.br/product/400124163/43557194681
2420,12837135082,489001115,https://shopee.com.br/product/489001115/12837135082
2421,20796969349,816806234,https://shopee.com.br/product/816806234/20796969349
2422,23693532224,822103155,https://shopee.com.br/product/822103155/23693532224
2423,56309389146,638399297,https://shopee.com.br/product/638399297/56309389146
2424,23693928590,611215864,https://shopee.com.br/product/611215864/23693928590
2425,23098224173,648928964,https://shopee.com.br/product/648928964/23098224173
2426,10638111117,359066629,https://shopee.com.br/product/359066629/10638111117
2427,58261043694,1242213783,https://shopee.com.br/product/1242213783/58261043694
2428,22599162165,1654079737,https://shopee.com.br/product/1654079737/22599162165
2429,41402336687,357239640,https://shopee.com.br/product/357239640/41402336687
2430,23994005102,822103155,https://shopee.com.br/product/822103155/23994005102
2431,58201028560,1608053305,https://shopee.com.br/product/1608053305/58201028560
2432,20899322234,648928964,https://shopee.com.br/product/648928964/20899322234
2433,18897981010,816806234,https://shopee.com.br/product/816806234/18897981010
2434,53402615040,1507942655,https://shopee.com.br/product/1507942655/53402615040
2435,58265623279,404743073,https://shopee.com.br/product/404743073/58265623279
2436,50116768394,316749752,https://shopee.com.br/product/316749752/50116768394
2437,22092603746,1106802794,https://shopee.com.br/product/1106802794/22092603746
2438,18299328562,412527932,https://shopee.com.br/product/412527932/18299328562
2439,19499359044,1328711923,https://shopee.com.br/product/1328711923/19499359044
2440,20526261880,408128510,https://shopee.com.br/product/408128510/20526261880
2441,15649069635,357239640,https://shopee.com.br/product/357239640/15649069635
2442,22495589194,371036439,https://shopee.com.br/product/371036439/22495589194
2443,22698516513,822103155,https://shopee.com.br/product/822103155/22698516513
2444,22593719383,402450553,https://shopee.com.br/product/402450553/22593719383
2445,22797446331,1007842724,https://shopee.com.br/product/1007842724/22797446331
2446,20298262972,1553092714,https://shopee.com.br/product/1553092714/20298262972
2447,22194371211,1477305422,https://shopee.com.br/product/1477305422/22194371211
2448,56251751651,341754426,https://shopee.com.br/product/341754426/56251751651
2449,58203261957,1106021667,https://shopee.com.br/product/1106021667/58203261957
2450,22794141353,1242213783,https://shopee.com.br/product/1242213783/22794141353
2451,58215217587,816806234,https://shopee.com.br/product/816806234/58215217587
2452,40772795888,281898655,https://shopee.com.br/product/281898655/40772795888
2453,42760659136,371036439,https://shopee.com.br/product/371036439/42760659136
2454,23997544382,356143297,https://shopee.com.br/product/356143297/23997544382
2455,22997608603,648928964,https://shopee.com.br/product/648928964/22997608603
2456,22192607557,1106802794,https://shopee.com.br/product/1106802794/22192607557
2457,23393581968,404743073,https://shopee.com.br/product/404743073/23393581968
2458,23598671062,1050213612,https://shopee.com.br/product/1050213612/23598671062
2459,23797491517,704493455,https://shopee.com.br/product/704493455/23797491517
2460,58211835598,1050213612,https://shopee.com.br/product/1050213612/58211835598
2461,18598288778,1553092714,https://shopee.com.br/product/1553092714/18598288778
2462,22593262508,822103155,https://shopee.com.br/product/822103155/22593262508
2463,22197702165,1050227476,https://shopee.com.br/product/1050227476/22197702165
2464,19899665239,627750190,https://shopee.com.br/product/627750190/19899665239
2465,42372577435,842996464,https://shopee.com.br/product/842996464/42372577435
2466,15790792559,810071078,https://shopee.com.br/product/810071078/15790792559
2467,58260938119,1788001787,https://shopee.com.br/product/1788001787/58260938119
2468,26343579738,1088013647,https://shopee.com.br/product/1088013647/26343579738
2469,22097376851,400124163,https://shopee.com.br/product/400124163/22097376851
2470,58215600630,1477305422,https://shopee.com.br/product/1477305422/58215600630
2471,22898002949,1088013647,https://shopee.com.br/product/1088013647/22898002949
2472,22393986432,822103155,https://shopee.com.br/product/822103155/22393986432
2473,22491290197,816806234,https://shopee.com.br/product/816806234/22491290197
2474,23195696064,400124163,https://shopee.com.br/product/400124163/23195696064
2475,23398328025,1291412465,https://shopee.com.br/product/1291412465/23398328025
2476,44608775503,1507942655,https://shopee.com.br/product/1507942655/44608775503
2477,45201587544,951290141,https://shopee.com.br/product/951290141/45201587544
2478,57959918310,1177369665,https://shopee.com.br/product/1177369665/57959918310
2479,58213139729,412968566,https://shopee.com.br/product/412968566/58213139729
2480,18497686422,752849300,https://shopee.com.br/product/752849300/18497686422
2481,22298071156,1316611304,https://shopee.com.br/product/1316611304/22298071156
2482,28944479780,436723291,https://shopee.com.br/product/436723291/28944479780
2483,9715555206,386620566,https://shopee.com.br/product/386620566/9715555206
2484,22298908778,442506479,https://shopee.com.br/product/442506479/22298908778
2485,22794210423,1553092714,https://shopee.com.br/product/1553092714/22794210423
2486,22893683344,349137150,https://shopee.com.br/product/349137150/22893683344
2487,23292978979,1075271269,https://shopee.com.br/product/1075271269/23292978979
2488,23119412512,400124163,https://shopee.com.br/product/400124163/23119412512
2489,45856756999,842996464,https://shopee.com.br/product/842996464/45856756999
2490,22191087442,371036439,https://shopee.com.br/product/371036439/22191087442
2491,22420913249,842996464,https://shopee.com.br/product/842996464/22420913249
2492,58204800270,548911108,https://shopee.com.br/product/548911108/58204800270
2493,22593916182,867958784,https://shopee.com.br/product/867958784/22593916182
2494,17862856186,752849300,https://shopee.com.br/product/752849300/17862856186
2495,23798036263,390327339,https://shopee.com.br/product/390327339/23798036263
2496,18542989968,376053737,https://shopee.com.br/product/376053737/18542989968
2497,21099263036,371036439,https://shopee.com.br/product/371036439/21099263036
2498,22697095292,1106802794,https://shopee.com.br/product/1106802794/22697095292
2499,21398149451,1287093777,https://shopee.com.br/product/1287093777/21398149451
2500,48708596739,1088013647,https://shopee.com.br/product/1088013647/48708596739
2501,20798927453,408653169,https://shopee.com.br/product/408653169/20798927453
2502,23698390272,408653169,https://shopee.com.br/product/408653169/23698390272
2503,42126274681,842996464,https://shopee.com.br/product/842996464/42126274681
2504,41301469272,400124163,https://shopee.com.br/product/400124163/41301469272
2505,21623282030,400124163,https://shopee.com.br/product/400124163/21623282030
2506,15396810877,951290141,https://shopee.com.br/product/951290141/15396810877
2507,22797125566,1050213612,https://shopee.com.br/product/1050213612/22797125566
2508,45300139609,506112052,https://shopee.com.br/product/506112052/45300139609
2509,23098219436,333246733,https://shopee.com.br/product/333246733/23098219436
2510,21199086970,1088013647,https://shopee.com.br/product/1088013647/21199086970
2511,55356689340,1246535200,https://shopee.com.br/product/1246535200/55356689340
2512,41106756068,297240324,https://shopee.com.br/product/297240324/41106756068
2513,22094203202,402450553,https://shopee.com.br/product/402450553/22094203202
2514,22194736691,1462563752,https://shopee.com.br/product/1462563752/22194736691
2515,21699048893,1106802794,https://shopee.com.br/product/1106802794/21699048893
2516,18899069151,1075271269,https://shopee.com.br/product/1075271269/18899069151
2517,18397463532,400124163,https://shopee.com.br/product/400124163/18397463532
2518,23493656465,400124163,https://shopee.com.br/product/400124163/23493656465
2519,42159772427,400124163,https://shopee.com.br/product/400124163/42159772427
2520,22328615927,220800578,https://shopee.com.br/product/220800578/22328615927
2521,20197748842,412527932,https://shopee.com.br/product/412527932/20197748842
2522,23897383047,272868574,https://shopee.com.br/product/272868574/23897383047
2523,9915555302,386620566,https://shopee.com.br/product/386620566/9915555302
2524,6077525110,373594761,https://shopee.com.br/product/373594761/6077525110
2525,23197539833,281898655,https://shopee.com.br/product/281898655/23197539833
2526,58210342009,1329429906,https://shopee.com.br/product/1329429906/58210342009
2527,20375430974,359066629,https://shopee.com.br/product/359066629/20375430974
2528,22397511601,400124163,https://shopee.com.br/product/400124163/22397511601
2529,40901163529,400124163,https://shopee.com.br/product/400124163/40901163529
2530,17092537563,842996464,https://shopee.com.br/product/842996464/17092537563
2531,22398849834,1291412465,https://shopee.com.br/product/1291412465/22398849834
2532,22492498585,1075271269,https://shopee.com.br/product/1075271269/22492498585
2533,22694062991,1507942655,https://shopee.com.br/product/1507942655/22694062991
2534,42575344559,1507942655,https://shopee.com.br/product/1507942655/42575344559
2535,22894782963,404743073,https://shopee.com.br/product/404743073/22894782963
2536,22993071217,379103154,https://shopee.com.br/product/379103154/22993071217
2537,54855857151,842996464,https://shopee.com.br/product/842996464/54855857151
2538,21597684806,916172870,https://shopee.com.br/product/916172870/21597684806
2539,55365272295,721033344,https://shopee.com.br/product/721033344/55365272295
2540,58256257575,548911108,https://shopee.com.br/product/548911108/58256257575
2541,22299330809,1670290083,https://shopee.com.br/product/1670290083/22299330809
2542,22898694873,1553092714,https://shopee.com.br/product/1553092714/22898694873
2543,20899889817,1608971773,https://shopee.com.br/product/1608971773/20899889817
2544,22693689356,1368997878,https://shopee.com.br/product/1368997878/22693689356
2545,23095560336,309237167,https://shopee.com.br/product/309237167/23095560336
2546,20397675235,580791382,https://shopee.com.br/product/580791382/20397675235
2547,18699074225,373150829,https://shopee.com.br/product/373150829/18699074225
2548,23497478855,855489892,https://shopee.com.br/product/855489892/23497478855
2549,23792664674,373150829,https://shopee.com.br/product/373150829/23792664674
2550,22793404318,952014476,https://shopee.com.br/product/952014476/22793404318
2551,23197593259,395742608,https://shopee.com.br/product/395742608/23197593259
2552,20064341583,522316174,https://shopee.com.br/product/522316174/20064341583
2553,18877591073,582386382,https://shopee.com.br/product/582386382/18877591073
2554,22297318342,296813643,https://shopee.com.br/product/296813643/22297318342
2555,23792664638,373150829,https://shopee.com.br/product/373150829/23792664638
2556,20767109537,401986069,https://shopee.com.br/product/401986069/20767109537
2557,23997760143,872473112,https://shopee.com.br/product/872473112/23997760143
2558,23196963753,952014476,https://shopee.com.br/product/952014476/23196963753
2559,23793883549,872473112,https://shopee.com.br/product/872473112/23793883549
2560,22797916366,1033307532,https://shopee.com.br/product/1033307532/22797916366
2561,19799034521,296093764,https://shopee.com.br/product/296093764/19799034521
2562,19497317941,687950391,https://shopee.com.br/product/687950391/19497317941
2563,20655409426,522316174,https://shopee.com.br/product/522316174/20655409426
2564,13097420855,872473112,https://shopee.com.br/product/872473112/13097420855
2565,20897110990,874507048,https://shopee.com.br/product/874507048/20897110990
2566,21098746793,401986069,https://shopee.com.br/product/401986069/21098746793
2567,14094744396,872473112,https://shopee.com.br/product/872473112/14094744396
2568,19464233334,874507048,https://shopee.com.br/product/874507048/19464233334
2569,16988441343,308628919,https://shopee.com.br/product/308628919/16988441343
2570,19898074358,855489892,https://shopee.com.br/product/855489892/19898074358
2571,23197483747,855489892,https://shopee.com.br/product/855489892/23197483747
2572,19055408948,522316174,https://shopee.com.br/product/522316174/19055408948
2573,23792806620,296813643,https://shopee.com.br/product/296813643/23792806620
2574,18897619811,347781606,https://shopee.com.br/product/347781606/18897619811
2575,22093649301,1063922972,https://shopee.com.br/product/1063922972/22093649301
2576,23204301557,872473112,https://shopee.com.br/product/872473112/23204301557
2577,23493529204,402598512,https://shopee.com.br/product/402598512/23493529204
2578,23498045450,1344250083,https://shopee.com.br/product/1344250083/23498045450
2579,40124125897,308628919,https://shopee.com.br/product/308628919/40124125897
2580,23392947838,580791382,https://shopee.com.br/product/580791382/23392947838
2581,19164233483,874507048,https://shopee.com.br/product/874507048/19164233483
2582,23197839575,316070154,https://shopee.com.br/product/316070154/23197839575
2583,22993044459,1226105437,https://shopee.com.br/product/1226105437/22993044459
2584,22897376551,373150829,https://shopee.com.br/product/373150829/22897376551
2585,22992841682,522316174,https://shopee.com.br/product/522316174/22992841682
2586,23798192668,580791382,https://shopee.com.br/product/580791382/23798192668
2587,20497673909,855489892,https://shopee.com.br/product/855489892/20497673909
2588,23896929543,952014476,https://shopee.com.br/product/952014476/23896929543
2589,23293006902,1246535200,https://shopee.com.br/product/1246535200/23293006902
2590,20497748405,1095160737,https://shopee.com.br/product/1095160737/20497748405
2591,12397219444,308628919,https://shopee.com.br/product/308628919/12397219444
2592,23097602752,580791382,https://shopee.com.br/product/580791382/23097602752
2593,22692986231,855489892,https://shopee.com.br/product/855489892/22692986231
2594,19799076692,1097902002,https://shopee.com.br/product/1097902002/19799076692
2595,20060749952,872473112,https://shopee.com.br/product/872473112/20060749952
2596,23593932401,1177369665,https://shopee.com.br/product/1177369665/23593932401
2597,29487011120,1246535200,https://shopee.com.br/product/1246535200/29487011120
2598,22634260749,682804575,https://shopee.com.br/product/682804575/22634260749
2599,21799603100,378940206,https://shopee.com.br/product/378940206/21799603100
2600,20999310901,401986069,https://shopee.com.br/product/401986069/20999310901
2601,22592981496,855489892,https://shopee.com.br/product/855489892/22592981496
2602,20699299281,580791382,https://shopee.com.br/product/580791382/20699299281
2603,22693935826,872473112,https://shopee.com.br/product/872473112/22693935826
2604,21399553259,580791382,https://shopee.com.br/product/580791382/21399553259
2605,20998684281,874507048,https://shopee.com.br/product/874507048/20998684281
2606,23698639305,627750190,https://shopee.com.br/product/627750190/23698639305
2607,23402192983,308628919,https://shopee.com.br/product/308628919/23402192983
2608,21099377605,882904544,https://shopee.com.br/product/882904544/21099377605
2609,22193705465,1226120317,https://shopee.com.br/product/1226120317/22193705465
2610,22800736017,522316174,https://shopee.com.br/product/522316174/22800736017
2611,23792664617,373150829,https://shopee.com.br/product/373150829/23792664617
2612,22193054100,1226105437,https://shopee.com.br/product/1226105437/22193054100
2613,21360746583,872473112,https://shopee.com.br/product/872473112/21360746583
2614,23196930629,952014476,https://shopee.com.br/product/952014476/23196930629
2615,21097294554,872473112,https://shopee.com.br/product/872473112/21097294554
2616,22593276086,1226120317,https://shopee.com.br/product/1226120317/22593276086
2617,23197357328,952014476,https://shopee.com.br/product/952014476/23197357328
2618,18260761880,872473112,https://shopee.com.br/product/872473112/18260761880
2619,22692692259,1096487236,https://shopee.com.br/product/1096487236/22692692259
2620,19260759881,872473112,https://shopee.com.br/product/872473112/19260759881
2621,22898730701,952014476,https://shopee.com.br/product/952014476/22898730701
2622,23992515185,357239640,https://shopee.com.br/product/357239640/23992515185
2623,23893077561,1344250083,https://shopee.com.br/product/1344250083/23893077561
2624,22192997777,855489892,https://shopee.com.br/product/855489892/22192997777
2625,21997213701,296813643,https://shopee.com.br/product/296813643/21997213701
2626,18799093609,373150829,https://shopee.com.br/product/373150829/18799093609
2627,21898132986,1316611304,https://shopee.com.br/product/1316611304/21898132986
2628,23597473286,855489892,https://shopee.com.br/product/855489892/23597473286
2629,58257181085,1707832186,https://shopee.com.br/product/1707832186/58257181085
2630,18699501353,882904544,https://shopee.com.br/product/882904544/18699501353
2631,20099864201,391672269,https://shopee.com.br/product/391672269/20099864201
2632,19299198797,1177369665,https://shopee.com.br/product/1177369665/19299198797
2633,23697446018,308628919,https://shopee.com.br/product/308628919/23697446018
2634,23397309084,522316174,https://shopee.com.br/product/522316174/23397309084
2635,18597751652,1107280577,https://shopee.com.br/product/1107280577/18597751652
2636,22094165892,952014476,https://shopee.com.br/product/952014476/22094165892
2637,55900808945,402598512,https://shopee.com.br/product/402598512/55900808945
2638,51805035973,1242718651,https://shopee.com.br/product/1242718651/51805035973
2639,19160743185,872473112,https://shopee.com.br/product/872473112/19160743185
2640,20178255914,444869236,https://shopee.com.br/product/444869236/20178255914
2641,20199096139,1097902002,https://shopee.com.br/product/1097902002/20199096139
2642,20964320806,308628919,https://shopee.com.br/product/308628919/20964320806
2643,23199142567,1316611304,https://shopee.com.br/product/1316611304/23199142567
2644,23694358864,855448900,https://shopee.com.br/product/855448900/23694358864
2645,23136699037,309237167,https://shopee.com.br/product/309237167/23136699037
2646,23198537569,1329429906,https://shopee.com.br/product/1329429906/23198537569
2647,22692992099,855489892,https://shopee.com.br/product/855489892/22692992099
2648,23193485868,1114000786,https://shopee.com.br/product/1114000786/23193485868
2649,17788440360,308628919,https://shopee.com.br/product/308628919/17788440360
2650,20499187065,296813643,https://shopee.com.br/product/296813643/20499187065
2651,58250629464,375188138,https://shopee.com.br/product/375188138/58250629464
2652,22594563174,309237167,https://shopee.com.br/product/309237167/22594563174
2653,18699718436,1226105437,https://shopee.com.br/product/1226105437/18699718436
2654,23594072013,1226105437,https://shopee.com.br/product/1226105437/23594072013
2655,21199256524,580791382,https://shopee.com.br/product/580791382/21199256524
2656,47606412173,1095160737,https://shopee.com.br/product/1095160737/47606412173
2657,20298274978,627750190,https://shopee.com.br/product/627750190/20298274978
2658,21997459976,758814499,https://shopee.com.br/product/758814499/21997459976
2659,23698634267,627750190,https://shopee.com.br/product/627750190/23698634267
2660,23700739891,522316174,https://shopee.com.br/product/522316174/23700739891
2661,22693938350,789777799,https://shopee.com.br/product/789777799/22693938350
2662,19055410904,522316174,https://shopee.com.br/product/522316174/19055410904
2663,23897345170,1177369665,https://shopee.com.br/product/1177369665/23897345170
2664,20999497091,1107280577,https://shopee.com.br/product/1107280577/20999497091
2665,22492981509,855489892,https://shopee.com.br/product/855489892/22492981509
2666,23893077539,1344250083,https://shopee.com.br/product/1344250083/23893077539
2667,20097083699,582386382,https://shopee.com.br/product/582386382/20097083699
2668,22107277814,842544500,https://shopee.com.br/product/842544500/22107277814
2669,21164286586,308628919,https://shopee.com.br/product/308628919/21164286586
2670,22697183021,1097902002,https://shopee.com.br/product/1097902002/22697183021
2671,22097483110,855489892,https://shopee.com.br/product/855489892/22097483110
2672,28637804348,1246535200,https://shopee.com.br/product/1246535200/28637804348
2673,23698134341,1379077822,https://shopee.com.br/product/1379077822/23698134341
2674,22606959403,874507048,https://shopee.com.br/product/874507048/22606959403
2675,19699673266,1379077822,https://shopee.com.br/product/1379077822/19699673266
2676,13009681616,357239640,https://shopee.com.br/product/357239640/13009681616
2677,23793086059,874507048,https://shopee.com.br/product/874507048/23793086059
2678,22892817274,296813643,https://shopee.com.br/product/296813643/22892817274
2679,22397483536,855489892,https://shopee.com.br/product/855489892/22397483536
2680,22492841852,347781606,https://shopee.com.br/product/347781606/22492841852
2681,23319532491,648124788,https://shopee.com.br/product/648124788/23319532491
2682,22193188420,1215229492,https://shopee.com.br/product/1215229492/22193188420
2683,20699262630,1097902002,https://shopee.com.br/product/1097902002/20699262630
2684,21364274917,842544500,https://shopee.com.br/product/842544500/21364274917
2685,19799252494,855489892,https://shopee.com.br/product/855489892/19799252494
2686,18296945166,952014476,https://shopee.com.br/product/952014476/18296945166
2687,22297491661,1246535200,https://shopee.com.br/product/1246535200/22297491661
2688,23298856389,306878488,https://shopee.com.br/product/306878488/23298856389
2689,21799577543,402598512,https://shopee.com.br/product/402598512/21799577543
2690,21497218563,296813643,https://shopee.com.br/product/296813643/21497218563
2691,23897993642,855489892,https://shopee.com.br/product/855489892/23897993642
2692,21398791966,296813643,https://shopee.com.br/product/296813643/21398791966
2693,23492851369,1177369665,https://shopee.com.br/product/1177369665/23492851369
2694,23097915746,882904544,https://shopee.com.br/product/882904544/23097915746
2695,23898061626,1215229492,https://shopee.com.br/product/1215229492/23898061626
2696,23493059166,408578430,https://shopee.com.br/product/408578430/23493059166
2697,18860768849,872473112,https://shopee.com.br/product/872473112/18860768849
2698,22193705535,1226120317,https://shopee.com.br/product/1226120317/22193705535
2699,18799097235,1097902002,https://shopee.com.br/product/1097902002/18799097235
2700,22793142514,390327339,https://shopee.com.br/product/390327339/22793142514
2701,19455381483,522316174,https://shopee.com.br/product/522316174/19455381483
2702,18199253164,401986069,https://shopee.com.br/product/401986069/18199253164
2703,22497313218,296813643,https://shopee.com.br/product/296813643/22497313218
2704,21197655096,1107280577,https://shopee.com.br/product/1107280577/21197655096
2705,23998515199,855489892,https://shopee.com.br/product/855489892/23998515199
2706,22097499928,1033307532,https://shopee.com.br/product/1033307532/22097499928
2707,23398439093,1177369665,https://shopee.com.br/product/1177369665/23398439093
2708,20555657747,401986069,https://shopee.com.br/product/401986069/20555657747
2709,19497659907,580791382,https://shopee.com.br/product/580791382/19497659907
2710,19699321437,408578430,https://shopee.com.br/product/408578430/19699321437
2711,18997727477,444869236,https://shopee.com.br/product/444869236/18997727477
2712,23692986966,855489892,https://shopee.com.br/product/855489892/23692986966
2713,21998787062,296813643,https://shopee.com.br/product/296813643/21998787062
2714,18098074654,489001115,https://shopee.com.br/product/489001115/18098074654
2715,19766486884,872473112,https://shopee.com.br/product/872473112/19766486884
2716,23995519732,308628919,https://shopee.com.br/product/308628919/23995519732
2717,47808330116,408578430,https://shopee.com.br/product/408578430/47808330116
2718,22598896102,882904544,https://shopee.com.br/product/882904544/22598896102
2719,23197588025,580791382,https://shopee.com.br/product/580791382/23197588025
2720,21867107147,401986069,https://shopee.com.br/product/401986069/21867107147
2721,20799377710,882904544,https://shopee.com.br/product/882904544/20799377710
2722,21899597309,347781606,https://shopee.com.br/product/347781606/21899597309
2723,22897602579,444869236,https://shopee.com.br/product/444869236/22897602579
2724,21197655094,1107280577,https://shopee.com.br/product/1107280577/21197655094
2725,23994329382,601021305,https://shopee.com.br/product/601021305/23994329382
2726,23098841193,882904544,https://shopee.com.br/product/882904544/23098841193
2727,21452822336,791969908,https://shopee.com.br/product/791969908/21452822336
2728,22392635817,1072763470,https://shopee.com.br/product/1072763470/22392635817
2729,19865085052,872473112,https://shopee.com.br/product/872473112/19865085052
2730,20197516334,1072763470,https://shopee.com.br/product/1072763470/20197516334
2731,22794142251,1467752495,https://shopee.com.br/product/1467752495/22794142251
2732,22092992293,855489892,https://shopee.com.br/product/855489892/22092992293
2733,21166488858,872473112,https://shopee.com.br/product/872473112/21166488858
2734,21760749841,872473112,https://shopee.com.br/product/872473112/21760749841
2735,19197981361,855489892,https://shopee.com.br/product/855489892/19197981361
2736,20857610554,308628919,https://shopee.com.br/product/308628919/20857610554
2737,23197840375,451273707,https://shopee.com.br/product/451273707/23197840375
2738,22897069761,375188138,https://shopee.com.br/product/375188138/22897069761
2739,22094490346,855489892,https://shopee.com.br/product/855489892/22094490346
2740,23493006972,855489892,https://shopee.com.br/product/855489892/23493006972
2741,27389415722,408578430,https://shopee.com.br/product/408578430/27389415722
2742,19099237212,580791382,https://shopee.com.br/product/580791382/19099237212
2743,22097597417,580791382,https://shopee.com.br/product/580791382/22097597417
2744,23897478258,855489892,https://shopee.com.br/product/855489892/23897478258
2745,22294188778,1372644554,https://shopee.com.br/product/1372644554/22294188778
2746,23197508235,1107280577,https://shopee.com.br/product/1107280577/23197508235
2747,23198526452,653044811,https://shopee.com.br/product/653044811/23198526452
2748,22096458638,296813643,https://shopee.com.br/product/296813643/22096458638
2749,22693062163,855489892,https://shopee.com.br/product/855489892/22693062163
2750,19399850668,855489892,https://shopee.com.br/product/855489892/19399850668
2751,23997156555,373150829,https://shopee.com.br/product/373150829/23997156555
2752,22393885739,872473112,https://shopee.com.br/product/872473112/22393885739
2753,22693523083,882904544,https://shopee.com.br/product/882904544/22693523083
2754,18097493914,1082747237,https://shopee.com.br/product/1082747237/18097493914
2755,22496458477,296813643,https://shopee.com.br/product/296813643/22496458477
2756,18197819467,378940206,https://shopee.com.br/product/378940206/18197819467
2757,22098361576,855489892,https://shopee.com.br/product/855489892/22098361576
2758,22593494233,882904544,https://shopee.com.br/product/882904544/22593494233
2759,23793538890,855489892,https://shopee.com.br/product/855489892/23793538890
2760,20299246892,855489892,https://shopee.com.br/product/855489892/20299246892
2761,41257673545,1371792496,https://shopee.com.br/product/1371792496/41257673545
2762,21998787089,296813643,https://shopee.com.br/product/296813643/21998787089
2763,23598006072,855489892,https://shopee.com.br/product/855489892/23598006072
2764,18597682899,522316174,https://shopee.com.br/product/522316174/18597682899
2765,17190231681,874507048,https://shopee.com.br/product/874507048/17190231681
2766,23997478209,855489892,https://shopee.com.br/product/855489892/23997478209
2767,18299035408,375188138,https://shopee.com.br/product/375188138/18299035408
2768,20098548291,308628919,https://shopee.com.br/product/308628919/20098548291
2769,19597738796,1215229492,https://shopee.com.br/product/1215229492/19597738796
2770,19597681659,580791382,https://shopee.com.br/product/580791382/19597681659
2771,17488440878,308628919,https://shopee.com.br/product/308628919/17488440878
2772,23593086096,874507048,https://shopee.com.br/product/874507048/23593086096
2773,20299089582,1072763470,https://shopee.com.br/product/1072763470/20299089582
2774,22792993918,1033307532,https://shopee.com.br/product/1033307532/22792993918
2775,18397832139,580791382,https://shopee.com.br/product/580791382/18397832139
2776,49250905490,390327339,https://shopee.com.br/product/390327339/49250905490
2777,55506991319,308628919,https://shopee.com.br/product/308628919/55506991319
2778,21699885625,842544500,https://shopee.com.br/product/842544500/21699885625
2779,20996883981,309237167,https://shopee.com.br/product/309237167/20996883981
2780,42761054827,378940206,https://shopee.com.br/product/378940206/42761054827
2781,23293653632,627750190,https://shopee.com.br/product/627750190/23293653632
2782,22893903517,952014476,https://shopee.com.br/product/952014476/22893903517
2783,23792664686,373150829,https://shopee.com.br/product/373150829/23792664686
2784,23697894831,1242718651,https://shopee.com.br/product/1242718651/23697894831
2785,23093255526,882904544,https://shopee.com.br/product/882904544/23093255526
2786,23498468868,1177369665,https://shopee.com.br/product/1177369665/23498468868
2787,18399184491,889942432,https://shopee.com.br/product/889942432/18399184491
2788,23198518003,391672269,https://shopee.com.br/product/391672269/23198518003
2789,23999538845,391672269,https://shopee.com.br/product/391672269/23999538845
2790,42255688288,791969908,https://shopee.com.br/product/791969908/42255688288
2791,23194408230,580791382,https://shopee.com.br/product/580791382/23194408230
2792,23030831904,378940206,https://shopee.com.br/product/378940206/23030831904
2793,20299253805,1107280577,https://shopee.com.br/product/1107280577/20299253805
2794,58209370397,1707832186,https://shopee.com.br/product/1707832186/58209370397
2795,22992779575,1096487236,https://shopee.com.br/product/1096487236/22992779575
2796,58210081817,882904544,https://shopee.com.br/product/882904544/58210081817
2797,22193271785,1316611304,https://shopee.com.br/product/1316611304/22193271785
2798,21360747107,872473112,https://shopee.com.br/product/872473112/21360747107
2799,54105884194,464586953,https://shopee.com.br/product/464586953/54105884194
2800,16289287890,872473112,https://shopee.com.br/product/872473112/16289287890
2801,22194515486,1552226494,https://shopee.com.br/product/1552226494/22194515486
2802,23093116196,842544500,https://shopee.com.br/product/842544500/23093116196
2803,55966579092,373150829,https://shopee.com.br/product/373150829/55966579092
2804,23792664653,373150829,https://shopee.com.br/product/373150829/23792664653
2805,21867107145,401986069,https://shopee.com.br/product/401986069/21867107145
2806,58211909347,882904544,https://shopee.com.br/product/882904544/58211909347
2807,48656999913,444869236,https://shopee.com.br/product/444869236/48656999913
2808,57416038895,373150829,https://shopee.com.br/product/373150829/57416038895
2809,19457609067,308628919,https://shopee.com.br/product/308628919/19457609067
2810,22697482406,855489892,https://shopee.com.br/product/855489892/22697482406
2811,19357609018,308628919,https://shopee.com.br/product/308628919/19357609018
2812,22096458718,296813643,https://shopee.com.br/product/296813643/22096458718
2813,21298791969,296813643,https://shopee.com.br/product/296813643/21298791969
2814,23697439707,580791382,https://shopee.com.br/product/580791382/23697439707
2815,23098136582,952014476,https://shopee.com.br/product/952014476/23098136582
2816,42260809163,408578430,https://shopee.com.br/product/408578430/42260809163
2817,57306814664,444869236,https://shopee.com.br/product/444869236/57306814664
2818,22998199205,580791382,https://shopee.com.br/product/580791382/22998199205
2819,23993175698,580791382,https://shopee.com.br/product/580791382/23993175698
2820,20998810642,296813643,https://shopee.com.br/product/296813643/20998810642
2821,20699185573,1097902002,https://shopee.com.br/product/1097902002/20699185573
2822,23393740736,580791382,https://shopee.com.br/product/580791382/23393740736
2823,52856995317,308628919,https://shopee.com.br/product/308628919/52856995317
2824,19998089762,1372644554,https://shopee.com.br/product/1372644554/19998089762
2825,21497975505,855489892,https://shopee.com.br/product/855489892/21497975505
2826,21997971630,316070154,https://shopee.com.br/product/316070154/21997971630
2827,22697760976,408578430,https://shopee.com.br/product/408578430/22697760976
2828,21497455304,375188138,https://shopee.com.br/product/375188138/21497455304
2829,5677410913,296093764,https://shopee.com.br/product/296093764/5677410913
2830,22493523093,882904544,https://shopee.com.br/product/882904544/22493523093
2831,21397673622,855489892,https://shopee.com.br/product/855489892/21397673622
2832,22710785439,648124788,https://shopee.com.br/product/648124788/22710785439
2833,21397974642,916172870,https://shopee.com.br/product/916172870/21397974642
2834,22292991687,855489892,https://shopee.com.br/product/855489892/22292991687
2835,22192468171,406699478,https://shopee.com.br/product/406699478/22192468171
2836,23793727551,855489892,https://shopee.com.br/product/855489892/23793727551
2837,23297758968,1316611304,https://shopee.com.br/product/1316611304/23297758968
2838,23892721120,580791382,https://shopee.com.br/product/580791382/23892721120
2839,23594063520,375188138,https://shopee.com.br/product/375188138/23594063520
2840,18000364671,638399297,https://shopee.com.br/product/638399297/18000364671
2841,58252150533,1541325700,https://shopee.com.br/product/1541325700/58252150533
2842,58200001268,855489892,https://shopee.com.br/product/855489892/58200001268
2843,22995697008,306878488,https://shopee.com.br/product/306878488/22995697008
2844,22292991460,855489892,https://shopee.com.br/product/855489892/22292991460
2845,19097680419,855489892,https://shopee.com.br/product/855489892/19097680419
2846,19399186416,1097902002,https://shopee.com.br/product/1097902002/19399186416
2847,23097992091,1329429906,https://shopee.com.br/product/1329429906/23097992091
2848,19699549720,855489892,https://shopee.com.br/product/855489892/19699549720
2849,23197540975,1226105437,https://shopee.com.br/product/1226105437/23197540975
2850,23997069518,375188138,https://shopee.com.br/product/375188138/23997069518
2851,58258810274,1563516628,https://shopee.com.br/product/1563516628/58258810274
2852,23498560286,375188138,https://shopee.com.br/product/375188138/23498560286
2853,23497610454,1226120317,https://shopee.com.br/product/1226120317/23497610454
2854,21599757171,1316611304,https://shopee.com.br/product/1316611304/21599757171
2855,10992342161,412482669,https://shopee.com.br/product/412482669/10992342161
2856,21397976416,1329429906,https://shopee.com.br/product/1329429906/21397976416
2857,22293712525,874507048,https://shopee.com.br/product/874507048/22293712525
2858,22897069750,375188138,https://shopee.com.br/product/375188138/22897069750
2859,44607195001,444869236,https://shopee.com.br/product/444869236/44607195001
2860,22192991626,855489892,https://shopee.com.br/product/855489892/22192991626
2861,22197776328,1246535200,https://shopee.com.br/product/1246535200/22197776328
2862,22906992282,842544500,https://shopee.com.br/product/842544500/22906992282
2863,23593195836,1215229492,https://shopee.com.br/product/1215229492/23593195836
2864,23792787082,638399297,https://shopee.com.br/product/638399297/23792787082
2865,23297483712,855489892,https://shopee.com.br/product/855489892/23297483712
2866,23793502157,855489892,https://shopee.com.br/product/855489892/23793502157
2867,22536706195,309237167,https://shopee.com.br/product/309237167/22536706195
2868,23598671984,1334294037,https://shopee.com.br/product/1334294037/23598671984
2869,18299307170,1243712796,https://shopee.com.br/product/1243712796/18299307170
2870,22792982276,855489892,https://shopee.com.br/product/855489892/22792982276
2871,22316614591,357239640,https://shopee.com.br/product/357239640/22316614591
2872,23498854659,1563516628,https://shopee.com.br/product/1563516628/23498854659
2873,20748952776,791969908,https://shopee.com.br/product/791969908/20748952776
2874,22193279447,855489892,https://shopee.com.br/product/855489892/22193279447
2875,22192581993,758814499,https://shopee.com.br/product/758814499/22192581993
2876,22297482946,855489892,https://shopee.com.br/product/855489892/22297482946
2877,18298242909,1072763470,https://shopee.com.br/product/1072763470/18298242909
2878,23697773711,308628919,https://shopee.com.br/product/308628919/23697773711
2879,22093958273,758814499,https://shopee.com.br/product/758814499/22093958273
2880,22499038099,1334294037,https://shopee.com.br/product/1334294037/22499038099
2881,23297751990,882904544,https://shopee.com.br/product/882904544/23297751990
2882,18799395064,390327339,https://shopee.com.br/product/390327339/18799395064
2883,23193255489,952014476,https://shopee.com.br/product/952014476/23193255489
2884,23796929636,952014476,https://shopee.com.br/product/952014476/23796929636
2885,22792986686,580791382,https://shopee.com.br/product/580791382/22792986686
2886,23398644942,1235923910,https://shopee.com.br/product/1235923910/23398644942
2887,21699356862,1215229492,https://shopee.com.br/product/1215229492/21699356862
2888,22998310642,855489892,https://shopee.com.br/product/855489892/22998310642
2889,22692986434,855489892,https://shopee.com.br/product/855489892/22692986434
2890,18097425602,410522123,https://shopee.com.br/product/410522123/18097425602
2891,23693892097,855489892,https://shopee.com.br/product/855489892/23693892097
2892,19797613430,1072763470,https://shopee.com.br/product/1072763470/19797613430
2893,58256409318,1083800536,https://shopee.com.br/product/1083800536/58256409318
2894,23794683693,1215229492,https://shopee.com.br/product/1215229492/23794683693
2895,40915198267,401986069,https://shopee.com.br/product/401986069/40915198267
2896,41878934545,1177369665,https://shopee.com.br/product/1177369665/41878934545
2897,21797522602,1097902002,https://shopee.com.br/product/1097902002/21797522602
2898,58251365235,1097902002,https://shopee.com.br/product/1097902002/58251365235
2899,23297473303,855489892,https://shopee.com.br/product/855489892/23297473303
2900,22698008363,1344250083,https://shopee.com.br/product/1344250083/22698008363
2901,22297316433,1072763470,https://shopee.com.br/product/1072763470/22297316433
2902,19299248244,855489892,https://shopee.com.br/product/855489892/19299248244
2903,19797738004,375188138,https://shopee.com.br/product/375188138/19797738004
2904,23697557096,874507048,https://shopee.com.br/product/874507048/23697557096
2905,23494229327,1215229492,https://shopee.com.br/product/1215229492/23494229327
2906,23097483685,855489892,https://shopee.com.br/product/855489892/23097483685
2907,18055408842,522316174,https://shopee.com.br/product/522316174/18055408842
2908,56912708483,1782039369,https://shopee.com.br/product/1782039369/56912708483
2909,7954010618,306878488,https://shopee.com.br/product/306878488/7954010618
2910,42901959694,572649927,https://shopee.com.br/product/572649927/42901959694
2911,22994060794,375188138,https://shopee.com.br/product/375188138/22994060794
2912,22091962090,296813643,https://shopee.com.br/product/296813643/22091962090
2913,22594449397,1423420147,https://shopee.com.br/product/1423420147/22594449397
2914,23993489233,316070154,https://shopee.com.br/product/316070154/23993489233
2915,22497488739,855489892,https://shopee.com.br/product/855489892/22497488739
2916,23497347918,1177369665,https://shopee.com.br/product/1177369665/23497347918
2917,23091946184,522316174,https://shopee.com.br/product/522316174/23091946184
2918,23597356855,952014476,https://shopee.com.br/product/952014476/23597356855
2919,22892998295,1033307532,https://shopee.com.br/product/1033307532/22892998295
2920,20497473921,375188138,https://shopee.com.br/product/375188138/20497473921
2921,23697557895,874507048,https://shopee.com.br/product/874507048/23697557895
2922,23194973767,1243712796,https://shopee.com.br/product/1243712796/23194973767
2923,22397781366,1226105437,https://shopee.com.br/product/1226105437/22397781366
2924,23097183473,1097902002,https://shopee.com.br/product/1097902002/23097183473
2925,20899320977,1177369665,https://shopee.com.br/product/1177369665/20899320977
2926,22794291182,1344250083,https://shopee.com.br/product/1344250083/22794291182
2927,22997064722,375188138,https://shopee.com.br/product/375188138/22997064722
2928,22194185852,855489892,https://shopee.com.br/product/855489892/22194185852
2929,19057821517,308628919,https://shopee.com.br/product/308628919/19057821517
2930,20497674007,855489892,https://shopee.com.br/product/855489892/20497674007
2931,23492986967,855489892,https://shopee.com.br/product/855489892/23492986967
2932,23192987841,855489892,https://shopee.com.br/product/855489892/23192987841
2933,23397478399,855489892,https://shopee.com.br/product/855489892/23397478399
2934,22592150364,789777799,https://shopee.com.br/product/789777799/22592150364
2935,22098450504,789777799,https://shopee.com.br/product/789777799/22098450504
2936,49703242971,1242718651,https://shopee.com.br/product/1242718651/49703242971
2937,22092992321,855489892,https://shopee.com.br/product/855489892/22092992321
2938,23793042041,1226105437,https://shopee.com.br/product/1226105437/23793042041
2939,23492987451,855489892,https://shopee.com.br/product/855489892/23492987451
2940,58211588406,1655406395,https://shopee.com.br/product/1655406395/58211588406
2941,19557608441,308628919,https://shopee.com.br/product/308628919/19557608441
2942,23497452636,1107280577,https://shopee.com.br/product/1107280577/23497452636
2943,23991652452,874507048,https://shopee.com.br/product/874507048/23991652452
2944,23192987240,855489892,https://shopee.com.br/product/855489892/23192987240
2945,26483721552,373745451,https://shopee.com.br/product/373745451/26483721552
2946,58257215198,1707832186,https://shopee.com.br/product/1707832186/58257215198
2947,19799322667,855489892,https://shopee.com.br/product/855489892/19799322667
2948,22298394927,855489892,https://shopee.com.br/product/855489892/22298394927
2949,18797807209,1316611304,https://shopee.com.br/product/1316611304/18797807209
2950,19999237013,580791382,https://shopee.com.br/product/580791382/19999237013
2951,18355442847,648124788,https://shopee.com.br/product/648124788/18355442847
2952,18099273483,855489892,https://shopee.com.br/product/855489892/18099273483
2953,18799379344,1316611304,https://shopee.com.br/product/1316611304/18799379344
2954,23897478518,855489892,https://shopee.com.br/product/855489892/23897478518
2955,22697763579,1316611304,https://shopee.com.br/product/1316611304/22697763579
2956,23593400576,1226120317,https://shopee.com.br/product/1226120317/23593400576
2957,25845201303,791969908,https://shopee.com.br/product/791969908/25845201303
2958,23397484482,1033307532,https://shopee.com.br/product/1033307532/23397484482
2959,22297615773,1107280577,https://shopee.com.br/product/1107280577/22297615773
2960,23293863935,682804575,https://shopee.com.br/product/682804575/23293863935
2961,19197667563,952014476,https://shopee.com.br/product/952014476/19197667563
2962,23399026679,646888142,https://shopee.com.br/product/646888142/23399026679
2963,22498398040,882904544,https://shopee.com.br/product/882904544/22498398040
2964,23497743832,1334294037,https://shopee.com.br/product/1334294037/23497743832
2965,21899333357,1215229492,https://shopee.com.br/product/1215229492/21899333357
2966,23097494624,1107280577,https://shopee.com.br/product/1107280577/23097494624
2967,21197655088,1107280577,https://shopee.com.br/product/1107280577/21197655088
2968,20697405212,952014476,https://shopee.com.br/product/952014476/20697405212
2969,23993061268,874507048,https://shopee.com.br/product/874507048/23993061268
2970,23997684500,412482669,https://shopee.com.br/product/412482669/23997684500
2971,18571527686,795711540,https://shopee.com.br/product/795711540/18571527686
2972,19097672571,952014476,https://shopee.com.br/product/952014476/19097672571
2973,6985933261,306878488,https://shopee.com.br/product/306878488/6985933261
2974,20999253383,580791382,https://shopee.com.br/product/580791382/20999253383
2975,21099713918,1316611304,https://shopee.com.br/product/1316611304/21099713918
2976,22197624551,1226120317,https://shopee.com.br/product/1226120317/22197624551
2977,19796986559,889942432,https://shopee.com.br/product/889942432/19796986559
2978,23297773034,390327339,https://shopee.com.br/product/390327339/23297773034
2979,23297639563,758814499,https://shopee.com.br/product/758814499/23297639563
2980,19197923615,882904544,https://shopee.com.br/product/882904544/19197923615
2981,58200865577,1107280577,https://shopee.com.br/product/1107280577/58200865577
2982,22295747430,648124788,https://shopee.com.br/product/648124788/22295747430
2983,18699249891,580791382,https://shopee.com.br/product/580791382/18699249891
2984,22592811418,296813643,https://shopee.com.br/product/296813643/22592811418
2985,22702204572,308628919,https://shopee.com.br/product/308628919/22702204572
2986,23337901624,444869236,https://shopee.com.br/product/444869236/23337901624
2987,23594326471,1242218284,https://shopee.com.br/product/1242218284/23594326471
2988,20999378035,1235923910,https://shopee.com.br/product/1235923910/20999378035
2989,23993600326,952014476,https://shopee.com.br/product/952014476/23993600326
2990,22697763580,1316611304,https://shopee.com.br/product/1316611304/22697763580
2991,22992654552,682804575,https://shopee.com.br/product/682804575/22992654552
2992,23397595485,1246535200,https://shopee.com.br/product/1246535200/23397595485
2993,21599369074,952014476,https://shopee.com.br/product/952014476/21599369074
2994,20099092905,296813643,https://shopee.com.br/product/296813643/20099092905
2995,20654201790,347781606,https://shopee.com.br/product/347781606/20654201790
2996,20899542110,1329429906,https://shopee.com.br/product/1329429906/20899542110
2997,23794504476,1372644554,https://shopee.com.br/product/1372644554/23794504476
2998,23792976803,378940206,https://shopee.com.br/product/378940206/23792976803
2999,22993280013,889942432,https://shopee.com.br/product/889942432/22993280013
3000,23593393179,1242718651,https://shopee.com.br/product/1242718651/23593393179
3001,22497684477,1302727497,https://shopee.com.br/product/1302727497/22497684477
3002,22006958494,874507048,https://shopee.com.br/product/874507048/22006958494
3003,58256406421,1083800536,https://shopee.com.br/product/1083800536/58256406421
3004,22892985694,580791382,https://shopee.com.br/product/580791382/22892985694
3005,23492944193,580791382,https://shopee.com.br/product/580791382/23492944193
3006,18799379346,1316611304,https://shopee.com.br/product/1316611304/18799379346
3007,20198099914,874507048,https://shopee.com.br/product/874507048/20198099914
3008,23194058891,375188138,https://shopee.com.br/product/375188138/23194058891
3009,22393002746,1033307532,https://shopee.com.br/product/1033307532/22393002746
3010,22492303866,296813643,https://shopee.com.br/product/296813643/22492303866
3011,22798022727,1396162916,https://shopee.com.br/product/1396162916/22798022727
3012,22293712547,874507048,https://shopee.com.br/product/874507048/22293712547
3013,22330337974,944577712,https://shopee.com.br/product/944577712/22330337974
3014,16488436159,308628919,https://shopee.com.br/product/308628919/16488436159
3015,20857608184,308628919,https://shopee.com.br/product/308628919/20857608184
3016,18199881429,653044811,https://shopee.com.br/product/653044811/18199881429
3017,22498434716,306878488,https://shopee.com.br/product/306878488/22498434716
3018,19398270770,580791382,https://shopee.com.br/product/580791382/19398270770
3019,23397174585,730226632,https://shopee.com.br/product/730226632/23397174585
3020,24446589284,373150829,https://shopee.com.br/product/373150829/24446589284
3021,22493907127,952014476,https://shopee.com.br/product/952014476/22493907127
3022,22192582094,758814499,https://shopee.com.br/product/758814499/22192582094
3023,58207883130,580791382,https://shopee.com.br/product/580791382/58207883130
3024,22998557511,375188138,https://shopee.com.br/product/375188138/22998557511
3025,22197768466,1316611304,https://shopee.com.br/product/1316611304/22197768466
3026,21397218569,296813643,https://shopee.com.br/product/296813643/21397218569
3027,22294680000,1563516628,https://shopee.com.br/product/1563516628/22294680000
3028,22093514378,316070154,https://shopee.com.br/product/316070154/22093514378
3029,18798516376,952014476,https://shopee.com.br/product/952014476/18798516376
3030,21599829501,842544500,https://shopee.com.br/product/842544500/21599829501
3031,21364230682,874507048,https://shopee.com.br/product/874507048/21364230682
3032,23492968336,952014476,https://shopee.com.br/product/952014476/23492968336
3033,22294029950,1316611304,https://shopee.com.br/product/1316611304/22294029950
3034,58250317341,1563516628,https://shopee.com.br/product/1563516628/58250317341
3035,58256749830,1334294037,https://shopee.com.br/product/1334294037/58256749830
3036,23606987215,842544500,https://shopee.com.br/product/842544500/23606987215
3037,18557590329,308628919,https://shopee.com.br/product/308628919/18557590329
3038,22794466689,309237167,https://shopee.com.br/product/309237167/22794466689
3039,23592291849,296813643,https://shopee.com.br/product/296813643/23592291849
3040,20999889484,638399297,https://shopee.com.br/product/638399297/20999889484
3041,22997996431,1329429906,https://shopee.com.br/product/1329429906/22997996431
3042,22797419759,1107280577,https://shopee.com.br/product/1107280577/22797419759
3043,22491385640,916172870,https://shopee.com.br/product/916172870/22491385640
3044,23499143004,1215229492,https://shopee.com.br/product/1215229492/23499143004
3045,23793489885,1329429906,https://shopee.com.br/product/1329429906/23793489885
3046,23191732605,638399297,https://shopee.com.br/product/638399297/23191732605
3047,58255785433,1329429906,https://shopee.com.br/product/1329429906/58255785433
3048,58206416242,1083800536,https://shopee.com.br/product/1083800536/58206416242
3049,22593494232,882904544,https://shopee.com.br/product/882904544/22593494232
3050,58258810275,1563516628,https://shopee.com.br/product/1563516628/58258810275
3051,58253214473,1541406826,https://shopee.com.br/product/1541406826/58253214473
3052,22098127515,378940206,https://shopee.com.br/product/378940206/22098127515
3053,23394234161,1215229492,https://shopee.com.br/product/1215229492/23394234161
3054,22398319356,1372644554,https://shopee.com.br/product/1372644554/22398319356
3055,58213381287,391672269,https://shopee.com.br/product/391672269/58213381287
3056,19198133967,400973800,https://shopee.com.br/product/400973800/19198133967
3057,22793058951,580791382,https://shopee.com.br/product/580791382/22793058951
3058,18598516804,952014476,https://shopee.com.br/product/952014476/18598516804
3059,15694559037,400973800,https://shopee.com.br/product/400973800/15694559037
3060,20897660227,1107280577,https://shopee.com.br/product/1107280577/20897660227
3061,22191957787,296813643,https://shopee.com.br/product/296813643/22191957787
3062,23698539028,1396162916,https://shopee.com.br/product/1396162916/23698539028
3063,23993489774,1329429906,https://shopee.com.br/product/1329429906/23993489774
3064,46650974707,1314813681,https://shopee.com.br/product/1314813681/46650974707
3065,19497928062,1033307532,https://shopee.com.br/product/1033307532/19497928062
3066,16988441337,308628919,https://shopee.com.br/product/308628919/16988441337
3067,22393525314,1215229492,https://shopee.com.br/product/1215229492/22393525314
3068,23393499624,1177836673,https://shopee.com.br/product/1177836673/23393499624
3069,22795742115,306878488,https://shopee.com.br/product/306878488/22795742115
3070,18078451411,944577712,https://shopee.com.br/product/944577712/18078451411
3071,23393419775,882904544,https://shopee.com.br/product/882904544/23393419775
3072,19997678346,580791382,https://shopee.com.br/product/580791382/19997678346
3073,23997069669,375188138,https://shopee.com.br/product/375188138/23997069669
3074,22593864038,1033307532,https://shopee.com.br/product/1033307532/22593864038
3075,18699563078,1226120317,https://shopee.com.br/product/1226120317/18699563078
3076,22800736084,522316174,https://shopee.com.br/product/522316174/22800736084
3077,22299007601,1563516628,https://shopee.com.br/product/1563516628/22299007601
3078,23207006996,308628919,https://shopee.com.br/product/308628919/23207006996
3079,22997482467,580791382,https://shopee.com.br/product/580791382/22997482467
3080,13697204918,308628919,https://shopee.com.br/product/308628919/13697204918
3081,21398872897,296813643,https://shopee.com.br/product/296813643/21398872897
3082,19797278147,789777799,https://shopee.com.br/product/789777799/19797278147
3083,22393093755,580791382,https://shopee.com.br/product/580791382/22393093755
3084,23492811669,296813643,https://shopee.com.br/product/296813643/23492811669
3085,21998787090,296813643,https://shopee.com.br/product/296813643/21998787090
3086,23593191353,272868574,https://shopee.com.br/product/272868574/23593191353
3087,23197340445,1177369665,https://shopee.com.br/product/1177369665/23197340445
3088,52162503564,374148566,https://shopee.com.br/product/374148566/52162503564
3089,18255398085,522316174,https://shopee.com.br/product/522316174/18255398085
3090,12397220477,308628919,https://shopee.com.br/product/308628919/12397220477
3091,58217628432,1767767311,https://shopee.com.br/product/1767767311/58217628432
3092,19199319280,1107280577,https://shopee.com.br/product/1107280577/19199319280
3093,58206350434,1083800536,https://shopee.com.br/product/1083800536/58206350434
3094,22495178339,1220316212,https://shopee.com.br/product/1220316212/22495178339
3095,44178562682,373150829,https://shopee.com.br/product/373150829/44178562682
3096,18597298143,296813643,https://shopee.com.br/product/296813643/18597298143
3097,21297805234,444869236,https://shopee.com.br/product/444869236/21297805234
3098,22693052965,1220316212,https://shopee.com.br/product/1220316212/22693052965
3099,23393525338,1220316212,https://shopee.com.br/product/1220316212/23393525338
3100,20273316859,401986069,https://shopee.com.br/product/401986069/20273316859
3101,20099092906,296813643,https://shopee.com.br/product/296813643/20099092906
3102,22292965006,1097902002,https://shopee.com.br/product/1097902002/22292965006
3103,22997080321,375188138,https://shopee.com.br/product/375188138/22997080321
3104,21999557116,308628919,https://shopee.com.br/product/308628919/21999557116
3105,23097602808,580791382,https://shopee.com.br/product/580791382/23097602808
3106,23593400569,1226120317,https://shopee.com.br/product/1226120317/23593400569
3107,23593815010,1215229492,https://shopee.com.br/product/1215229492/23593815010
3108,19999245019,1107280577,https://shopee.com.br/product/1107280577/19999245019
3109,21298791951,296813643,https://shopee.com.br/product/296813643/21298791951
3110,23694213108,1316611304,https://shopee.com.br/product/1316611304/23694213108
3111,22997178135,1097902002,https://shopee.com.br/product/1097902002/22997178135
3112,19357590118,308628919,https://shopee.com.br/product/308628919/19357590118
3113,22197646006,1107280577,https://shopee.com.br/product/1107280577/22197646006
3114,58251676469,1215229492,https://shopee.com.br/product/1215229492/58251676469
3115,23897494965,1033307532,https://shopee.com.br/product/1033307532/23897494965
3116,16590241075,842544500,https://shopee.com.br/product/842544500/16590241075
3117,21897410380,406699478,https://shopee.com.br/product/406699478/21897410380
3118,22398319324,1372644554,https://shopee.com.br/product/1372644554/22398319324
3119,14418211804,306878488,https://shopee.com.br/product/306878488/14418211804
3120,57056765041,1371792496,https://shopee.com.br/product/1371792496/57056765041
3121,58258200302,1208859337,https://shopee.com.br/product/1208859337/58258200302
3122,23798666717,1215229492,https://shopee.com.br/product/1215229492/23798666717
3123,22198726652,1215229492,https://shopee.com.br/product/1215229492/22198726652
3124,56255116479,1242718651,https://shopee.com.br/product/1242718651/56255116479
3125,58202021832,1107280577,https://shopee.com.br/product/1107280577/58202021832
3126,18499394350,1215229492,https://shopee.com.br/product/1215229492/18499394350
3127,20797787778,1215229492,https://shopee.com.br/product/1215229492/20797787778
3128,22392990926,580791382,https://shopee.com.br/product/580791382/22392990926
3129,23392992478,1107280577,https://shopee.com.br/product/1107280577/23392992478
3130,23592291856,296813643,https://shopee.com.br/product/296813643/23592291856
3131,22393053300,1226105437,https://shopee.com.br/product/1226105437/22393053300
3132,23193257393,1079030436,https://shopee.com.br/product/1079030436/23193257393
3133,22293279162,1226120317,https://shopee.com.br/product/1226120317/22293279162
3134,22397777233,1215229492,https://shopee.com.br/product/1215229492/22397777233
3135,23097178273,1097902002,https://shopee.com.br/product/1097902002/23097178273
3136,23398791722,1344250083,https://shopee.com.br/product/1344250083/23398791722
3137,19997680171,580791382,https://shopee.com.br/product/580791382/19997680171
3138,19698296511,601021305,https://shopee.com.br/product/601021305/19698296511
3139,20098266523,580791382,https://shopee.com.br/product/580791382/20098266523
3140,19864573647,308628919,https://shopee.com.br/product/308628919/19864573647
3141,19573316331,401986069,https://shopee.com.br/product/401986069/19573316331
3142,22197768445,1316611304,https://shopee.com.br/product/1316611304/22197768445
3143,23793088750,580791382,https://shopee.com.br/product/580791382/23793088750
3144,19357590207,308628919,https://shopee.com.br/product/308628919/19357590207
3145,22997308382,296813643,https://shopee.com.br/product/296813643/22997308382
3146,20299253834,1107280577,https://shopee.com.br/product/1107280577/20299253834
3147,22293509758,1329429906,https://shopee.com.br/product/1329429906/22293509758
3148,22992568234,375188138,https://shopee.com.br/product/375188138/22992568234
3149,22399148416,882904544,https://shopee.com.br/product/882904544/22399148416
3150,22997493955,1107280577,https://shopee.com.br/product/1107280577/22997493955
3151,21697673246,378940206,https://shopee.com.br/product/378940206/21697673246
3152,22594651666,882904544,https://shopee.com.br/product/882904544/22594651666
3153,20697749703,1226120317,https://shopee.com.br/product/1226120317/20697749703
3154,21064305708,308628919,https://shopee.com.br/product/308628919/21064305708
3155,23197540912,1226105437,https://shopee.com.br/product/1226105437/23197540912
3156,22897283917,400973800,https://shopee.com.br/product/400973800/22897283917
3157,20599548043,939446263,https://shopee.com.br/product/939446263/20599548043
3158,23293498749,427153374,https://shopee.com.br/product/427153374/23293498749
3159,23797744288,1316611304,https://shopee.com.br/product/1316611304/23797744288
3160,23298913994,627750190,https://shopee.com.br/product/627750190/23298913994
3161,22393049057,1226105437,https://shopee.com.br/product/1226105437/22393049057
3162,21497218571,296813643,https://shopee.com.br/product/296813643/21497218571
3163,19357609019,308628919,https://shopee.com.br/product/308628919/19357609019
3164,22692667761,522316174,https://shopee.com.br/product/522316174/22692667761
3165,56105775173,373150829,https://shopee.com.br/product/373150829/56105775173
3166,20697926436,1033307532,https://shopee.com.br/product/1033307532/20697926436
3167,21398791962,296813643,https://shopee.com.br/product/296813643/21398791962
3168,22995002848,882904544,https://shopee.com.br/product/882904544/22995002848
3169,23897545222,1226105437,https://shopee.com.br/product/1226105437/23897545222
3170,22206958622,874507048,https://shopee.com.br/product/874507048/22206958622
3171,20397499825,296813643,https://shopee.com.br/product/296813643/20397499825
3172,21998787086,296813643,https://shopee.com.br/product/296813643/21998787086
3173,19899680015,390327339,https://shopee.com.br/product/390327339/19899680015
3174,58252341730,1107280577,https://shopee.com.br/product/1107280577/58252341730
3175,22598339026,308628919,https://shopee.com.br/product/308628919/22598339026
3176,19464295768,308628919,https://shopee.com.br/product/308628919/19464295768
3177,22393870846,1097902002,https://shopee.com.br/product/1097902002/22393870846
3178,58205049601,580791382,https://shopee.com.br/product/580791382/58205049601
3179,22193271773,1316611304,https://shopee.com.br/product/1316611304/22193271773
3180,18799557758,1226120317,https://shopee.com.br/product/1226120317/18799557758
3181,14894558088,400973800,https://shopee.com.br/product/400973800/14894558088
3182,43700210394,377074801,https://shopee.com.br/product/377074801/43700210394
3183,20699185522,1097902002,https://shopee.com.br/product/1097902002/20699185522
3184,22593693918,357239640,https://shopee.com.br/product/357239640/22593693918
3185,22993646216,1235923910,https://shopee.com.br/product/1235923910/22993646216
3186,58261497181,1372644554,https://shopee.com.br/product/1372644554/58261497181
3187,23293276494,390327339,https://shopee.com.br/product/390327339/23293276494
3188,22397494739,1033307532,https://shopee.com.br/product/1033307532/22397494739
3189,22493053926,1226105437,https://shopee.com.br/product/1226105437/22493053926
3190,58257023098,1541406826,https://shopee.com.br/product/1541406826/58257023098
3191,23393090239,580791382,https://shopee.com.br/product/580791382/23393090239
3192,23996635002,653044811,https://shopee.com.br/product/653044811/23996635002
3193,22195090327,1767767311,https://shopee.com.br/product/1767767311/22195090327
3194,23792568068,375188138,https://shopee.com.br/product/375188138/23792568068
3195,23394362131,1563516628,https://shopee.com.br/product/1563516628/23394362131
3196,19999334106,638399297,https://shopee.com.br/product/638399297/19999334106
3197,55856798602,752849300,https://shopee.com.br/product/752849300/55856798602
3198,58256405501,1083800536,https://shopee.com.br/product/1083800536/58256405501
3199,22798067533,1226120317,https://shopee.com.br/product/1226120317/22798067533
3200,23494041412,842544500,https://shopee.com.br/product/842544500/23494041412
3201,22797555391,580791382,https://shopee.com.br/product/580791382/22797555391
3202,22197768463,1316611304,https://shopee.com.br/product/1316611304/22197768463
3203,22206959760,874507048,https://shopee.com.br/product/874507048/22206959760
3204,19899587207,580791382,https://shopee.com.br/product/580791382/19899587207
3205,22694308990,309237167,https://shopee.com.br/product/309237167/22694308990
3206,22993064479,580791382,https://shopee.com.br/product/580791382/22993064479
3207,23193059632,308628919,https://shopee.com.br/product/308628919/23193059632
3208,9609521786,306878488,https://shopee.com.br/product/306878488/9609521786
3209,22392995943,580791382,https://shopee.com.br/product/580791382/22392995943
3210,58261920198,1832284196,https://shopee.com.br/product/1832284196/58261920198
3211,21999573474,1316611304,https://shopee.com.br/product/1316611304/21999573474
3212,19297676716,580791382,https://shopee.com.br/product/580791382/19297676716
3213,21697454430,522316174,https://shopee.com.br/product/522316174/21697454430
3214,21599380804,390327339,https://shopee.com.br/product/390327339/21599380804
3215,48812517956,401986069,https://shopee.com.br/product/401986069/48812517956
3216,20298034197,580791382,https://shopee.com.br/product/580791382/20298034197
3217,18299592565,882904544,https://shopee.com.br/product/882904544/18299592565
3218,20998003650,952014476,https://shopee.com.br/product/952014476/20998003650
3219,20599387001,1243712796,https://shopee.com.br/product/1243712796/20599387001
3220,19597993549,580791382,https://shopee.com.br/product/580791382/19597993549
3221,23992986322,580791382,https://shopee.com.br/product/580791382/23992986322
3222,18299352176,390327339,https://shopee.com.br/product/390327339/18299352176
3223,23294018707,375188138,https://shopee.com.br/product/375188138/23294018707
3224,22897624112,1107280577,https://shopee.com.br/product/1107280577/22897624112
3225,22496977068,952014476,https://shopee.com.br/product/952014476/22496977068
3226,23797744299,1316611304,https://shopee.com.br/product/1316611304/23797744299
3227,22897725147,1215229492,https://shopee.com.br/product/1215229492/22897725147
3228,21497455329,375188138,https://shopee.com.br/product/375188138/21497455329
3229,22592990780,580791382,https://shopee.com.br/product/580791382/22592990780
3230,20397499817,296813643,https://shopee.com.br/product/296813643/20397499817
3231,58204150985,1334294037,https://shopee.com.br/product/1334294037/58204150985
3232,23697696459,1215229492,https://shopee.com.br/product/1215229492/23697696459
3233,20799088442,308628919,https://shopee.com.br/product/308628919/20799088442
3234,18799336216,580791382,https://shopee.com.br/product/580791382/18799336216
3235,19397613872,1097902002,https://shopee.com.br/product/1097902002/19397613872
3236,22693414216,1177369665,https://shopee.com.br/product/1177369665/22693414216
3237,18499403612,1316611304,https://shopee.com.br/product/1316611304/18499403612
3238,23993391338,1226120317,https://shopee.com.br/product/1226120317/23993391338
3239,22797436614,308628919,https://shopee.com.br/product/308628919/22797436614
3240,22193108240,580791382,https://shopee.com.br/product/580791382/22193108240
3241,23793262661,1226120317,https://shopee.com.br/product/1226120317/23793262661
3242,23494202933,1553092714,https://shopee.com.br/product/1553092714/23494202933
3243,19759399709,400973800,https://shopee.com.br/product/400973800/19759399709
3244,21298791965,296813643,https://shopee.com.br/product/296813643/21298791965
3245,14094323525,308628919,https://shopee.com.br/product/308628919/14094323525
3246,21159683774,400973800,https://shopee.com.br/product/400973800/21159683774
3247,22898579839,1329429906,https://shopee.com.br/product/1329429906/22898579839
3248,22394304859,309237167,https://shopee.com.br/product/309237167/22394304859
3249,17188441375,308628919,https://shopee.com.br/product/308628919/17188441375
3250,58256372786,1083800536,https://shopee.com.br/product/1083800536/58256372786
3251,19831583738,357239640,https://shopee.com.br/product/357239640/19831583738
3252,20597612278,1097902002,https://shopee.com.br/product/1097902002/20597612278
3253,18066663759,842544500,https://shopee.com.br/product/842544500/18066663759
3254,22997992786,1215229492,https://shopee.com.br/product/1215229492/22997992786
3255,47657720518,1242718651,https://shopee.com.br/product/1242718651/47657720518
3256,23797744297,1316611304,https://shopee.com.br/product/1316611304/23797744297
3257,58262260111,1081505086,https://shopee.com.br/product/1081505086/58262260111
3258,23398463902,1215229492,https://shopee.com.br/product/1215229492/23398463902
3259,21357589205,308628919,https://shopee.com.br/product/308628919/21357589205
3260,58256405831,1083800536,https://shopee.com.br/product/1083800536/58256405831
3261,20957593045,308628919,https://shopee.com.br/product/308628919/20957593045
3262,19399073401,373150829,https://shopee.com.br/product/373150829/19399073401
3263,22697763516,1316611304,https://shopee.com.br/product/1316611304/22697763516
3264,58259889663,1097902002,https://shopee.com.br/product/1097902002/58259889663
3265,23194301268,789777799,https://shopee.com.br/product/789777799/23194301268
3266,20997804962,1316611304,https://shopee.com.br/product/1316611304/20997804962
3267,23234414791,378940206,https://shopee.com.br/product/378940206/23234414791
3268,23697614235,1226120317,https://shopee.com.br/product/1226120317/23697614235
3269,23197064724,375188138,https://shopee.com.br/product/375188138/23197064724
3270,58209726730,1083800536,https://shopee.com.br/product/1083800536/58209726730
3271,22693214952,1215229492,https://shopee.com.br/product/1215229492/22693214952
3272,23598010438,1226120317,https://shopee.com.br/product/1226120317/23598010438
3273,18699564632,401986069,https://shopee.com.br/product/401986069/18699564632
3274,25748223829,308628919,https://shopee.com.br/product/308628919/25748223829
3275,22193271766,1316611304,https://shopee.com.br/product/1316611304/22193271766
3276,19997685041,916172870,https://shopee.com.br/product/916172870/19997685041
3277,19699664747,1107280577,https://shopee.com.br/product/1107280577/19699664747
3278,22598945915,1423420147,https://shopee.com.br/product/1423420147/22598945915
3279,23897959793,916172870,https://shopee.com.br/product/916172870/23897959793
3280,58259554564,1316611304,https://shopee.com.br/product/1316611304/58259554564
3281,23992012777,296813643,https://shopee.com.br/product/296813643/23992012777
3282,23093337281,653044811,https://shopee.com.br/product/653044811/23093337281
3283,23797732451,1334294037,https://shopee.com.br/product/1334294037/23797732451
3284,19697749329,1243712796,https://shopee.com.br/product/1243712796/19697749329
3285,23492968333,952014476,https://shopee.com.br/product/952014476/23492968333
3286,23698473096,1033307532,https://shopee.com.br/product/1033307532/23698473096
3287,21697811241,308628919,https://shopee.com.br/product/308628919/21697811241
3288,18699559124,882904544,https://shopee.com.br/product/882904544/18699559124
3289,19099215346,272868574,https://shopee.com.br/product/272868574/19099215346
3290,17588440849,308628919,https://shopee.com.br/product/308628919/17588440849
3291,22897913998,791969908,https://shopee.com.br/product/791969908/22897913998
3292,23293714557,1344250083,https://shopee.com.br/product/1344250083/23293714557
3293,22097621019,1226120317,https://shopee.com.br/product/1226120317/22097621019
3294,23997069641,375188138,https://shopee.com.br/product/375188138/23997069641
3295,22298739703,1215229492,https://shopee.com.br/product/1215229492/22298739703
3296,23899230282,1215229492,https://shopee.com.br/product/1215229492/23899230282
3297,22493267992,390327339,https://shopee.com.br/product/390327339/22493267992
3298,21199679927,952014476,https://shopee.com.br/product/952014476/21199679927
3299,18399194314,296813643,https://shopee.com.br/product/296813643/18399194314
3300,22698545804,1107280577,https://shopee.com.br/product/1107280577/22698545804
3301,22697707360,1215229492,https://shopee.com.br/product/1215229492/22697707360
3302,23793086060,874507048,https://shopee.com.br/product/874507048/23793086060
3303,8112040550,306878488,https://shopee.com.br/product/306878488/8112040550
3304,18298306016,580791382,https://shopee.com.br/product/580791382/18298306016
3305,23693422039,680601528,https://shopee.com.br/product/680601528/23693422039
3306,20099092919,296813643,https://shopee.com.br/product/296813643/20099092919
3307,18899379341,1316611304,https://shopee.com.br/product/1316611304/18899379341
3308,29144805992,390327339,https://shopee.com.br/product/390327339/29144805992
3309,23294018646,375188138,https://shopee.com.br/product/375188138/23294018646
3310,22893897628,390327339,https://shopee.com.br/product/390327339/22893897628
3311,20372692045,378940206,https://shopee.com.br/product/378940206/20372692045
3312,22593832730,1107280577,https://shopee.com.br/product/1107280577/22593832730
3313,23294296681,1334294037,https://shopee.com.br/product/1334294037/23294296681
3314,21198754495,752849300,https://shopee.com.br/product/752849300/21198754495
3315,19756645783,347781606,https://shopee.com.br/product/347781606/19756645783
3316,42952453087,1246535200,https://shopee.com.br/product/1246535200/42952453087
3317,58209723206,1083800536,https://shopee.com.br/product/1083800536/58209723206
3318,18899548165,1215229492,https://shopee.com.br/product/1215229492/18899548165
3319,23797744332,1316611304,https://shopee.com.br/product/1316611304/23797744332
3320,23497765046,1246535200,https://shopee.com.br/product/1246535200/23497765046
3321,23993215080,580791382,https://shopee.com.br/product/580791382/23993215080
3322,22096351494,308628919,https://shopee.com.br/product/308628919/22096351494
3323,20099757717,1316611304,https://shopee.com.br/product/1316611304/20099757717
3324,23398715881,1215229492,https://shopee.com.br/product/1215229492/23398715881
3325,16988441385,308628919,https://shopee.com.br/product/308628919/16988441385
3326,22399018157,580791382,https://shopee.com.br/product/580791382/22399018157
3327,23298649902,1235923910,https://shopee.com.br/product/1235923910/23298649902
3328,18198032824,916172870,https://shopee.com.br/product/916172870/18198032824
3329,22298922398,882904544,https://shopee.com.br/product/882904544/22298922398
3330,18197654155,272868574,https://shopee.com.br/product/272868574/18197654155
3331,23598014362,580791382,https://shopee.com.br/product/580791382/23598014362
3332,20455443077,648124788,https://shopee.com.br/product/648124788/20455443077
3333,17590247233,308628919,https://shopee.com.br/product/308628919/17590247233
3334,22193271780,1316611304,https://shopee.com.br/product/1316611304/22193271780
3335,18697750904,1114000786,https://shopee.com.br/product/1114000786/18697750904
3336,17690245975,308628919,https://shopee.com.br/product/308628919/17690245975
3337,22206958831,874507048,https://shopee.com.br/product/874507048/22206958831
3338,57556519110,1379077822,https://shopee.com.br/product/1379077822/57556519110
3339,18797807207,1316611304,https://shopee.com.br/product/1316611304/18797807207
3340,58256413617,1083800536,https://shopee.com.br/product/1083800536/58256413617
3341,16290246892,308628919,https://shopee.com.br/product/308628919/16290246892
3342,22493206187,390327339,https://shopee.com.br/product/390327339/22493206187
3343,48111554583,1177369665,https://shopee.com.br/product/1177369665/48111554583
3344,58259712960,1083800536,https://shopee.com.br/product/1083800536/58259712960
3345,22899448133,1072763470,https://shopee.com.br/product/1072763470/22899448133
3346,22198911587,580791382,https://shopee.com.br/product/580791382/22198911587
3347,22994525470,522316174,https://shopee.com.br/product/522316174/22994525470
3348,20699046876,308628919,https://shopee.com.br/product/308628919/20699046876
3349,22193535711,1215229492,https://shopee.com.br/product/1215229492/22193535711
3350,23297580385,408578430,https://shopee.com.br/product/408578430/23297580385
3351,22393122938,1226120317,https://shopee.com.br/product/1226120317/22393122938
3352,22297615765,1107280577,https://shopee.com.br/product/1107280577/22297615765
3353,23394219174,1215229492,https://shopee.com.br/product/1215229492/23394219174
3354,19498142233,1012623059,https://shopee.com.br/product/1012623059/19498142233
3355,22098338603,1107280577,https://shopee.com.br/product/1107280577/22098338603
3356,22598896128,882904544,https://shopee.com.br/product/882904544/22598896128
3357,23793512497,375188138,https://shopee.com.br/product/375188138/23793512497
3358,22096227775,444869236,https://shopee.com.br/product/444869236/22096227775
3359,18564233247,874507048,https://shopee.com.br/product/874507048/18564233247
3360,22993518891,1226120317,https://shopee.com.br/product/1226120317/22993518891
3361,21497808940,1235923910,https://shopee.com.br/product/1235923910/21497808940
3362,22893228783,1215229492,https://shopee.com.br/product/1215229492/22893228783
3363,22894552516,309237167,https://shopee.com.br/product/309237167/22894552516
3364,22994810574,1561901020,https://shopee.com.br/product/1561901020/22994810574
3365,22538119463,942805673,https://shopee.com.br/product/942805673/22538119463
3366,58211903965,1832284196,https://shopee.com.br/product/1832284196/58211903965
3367,22298922396,882904544,https://shopee.com.br/product/882904544/22298922396
3368,22599501278,1372644554,https://shopee.com.br/product/1372644554/22599501278
3369,23597745776,1235923910,https://shopee.com.br/product/1235923910/23597745776
3370,23992664665,373150829,https://shopee.com.br/product/373150829/23992664665
3371,22897553943,378940206,https://shopee.com.br/product/378940206/22897553943
3372,22594937673,580791382,https://shopee.com.br/product/580791382/22594937673
3373,22694471108,309237167,https://shopee.com.br/product/309237167/22694471108
3374,18064233246,874507048,https://shopee.com.br/product/874507048/18064233246
3375,21597747626,580791382,https://shopee.com.br/product/580791382/21597747626
3376,21499253172,580791382,https://shopee.com.br/product/580791382/21499253172
3377,21198091168,1388709282,https://shopee.com.br/product/1388709282/21198091168
3378,22397979856,680601528,https://shopee.com.br/product/680601528/22397979856
3379,19897660309,1107280577,https://shopee.com.br/product/1107280577/19897660309
3380,23798545327,1072763470,https://shopee.com.br/product/1072763470/23798545327
3381,22698950427,882904544,https://shopee.com.br/product/882904544/22698950427
3382,19973438360,347781606,https://shopee.com.br/product/347781606/19973438360
3383,58259263701,1782039369,https://shopee.com.br/product/1782039369/58259263701
3384,20496936930,952014476,https://shopee.com.br/product/952014476/20496936930
3385,23793142827,1226105437,https://shopee.com.br/product/1226105437/23793142827
3386,52161098979,401986069,https://shopee.com.br/product/401986069/52161098979
3387,55056645713,1379077822,https://shopee.com.br/product/1379077822/55056645713
3388,22794291217,1344250083,https://shopee.com.br/product/1344250083/22794291217
3389,58250181640,1334294037,https://shopee.com.br/product/1334294037/58250181640
3390,23692844455,1177369665,https://shopee.com.br/product/1177369665/23692844455
3391,18399368550,1215229492,https://shopee.com.br/product/1215229492/18399368550
3392,23793086034,874507048,https://shopee.com.br/product/874507048/23793086034
3393,20498710963,952014476,https://shopee.com.br/product/952014476/20498710963
3394,23497155679,306878488,https://shopee.com.br/product/306878488/23497155679
3395,23694289724,1097902002,https://shopee.com.br/product/1097902002/23694289724
3396,22392437731,952014476,https://shopee.com.br/product/952014476/22392437731
3397,58205642588,1082747237,https://shopee.com.br/product/1082747237/58205642588
3398,23398214648,347781606,https://shopee.com.br/product/347781606/23398214648
3399,22599056063,1060724397,https://shopee.com.br/product/1060724397/22599056063
3400,18597982851,939446263,https://shopee.com.br/product/939446263/18597982851
3401,19198019934,347781606,https://shopee.com.br/product/347781606/19198019934
3402,22998792758,1215229492,https://shopee.com.br/product/1215229492/22998792758
3403,22194477505,306878488,https://shopee.com.br/product/306878488/22194477505
3404,23597592154,522316174,https://shopee.com.br/product/522316174/23597592154
3405,22697981791,882904544,https://shopee.com.br/product/882904544/22697981791
3406,22693262107,1246535200,https://shopee.com.br/product/1246535200/22693262107
3407,22091962085,296813643,https://shopee.com.br/product/296813643/22091962085
3408,23298364785,874507048,https://shopee.com.br/product/874507048/23298364785
3409,23497754883,1215229492,https://shopee.com.br/product/1215229492/23497754883
3410,23197062341,682804575,https://shopee.com.br/product/682804575/23197062341
3411,23294408113,580791382,https://shopee.com.br/product/580791382/23294408113
3412,22197468913,952014476,https://shopee.com.br/product/952014476/22197468913
3413,21551688332,791969908,https://shopee.com.br/product/791969908/21551688332
3414,22892627990,308628919,https://shopee.com.br/product/308628919/22892627990
3415,22493266691,1316611304,https://shopee.com.br/product/1316611304/22493266691
3416,19357608476,308628919,https://shopee.com.br/product/308628919/19357608476
3417,20199495329,882904544,https://shopee.com.br/product/882904544/20199495329
3418,22098012497,451273707,https://shopee.com.br/product/451273707/22098012497
3419,19897417271,805449066,https://shopee.com.br/product/805449066/19897417271
3420,20998032836,1423420147,https://shopee.com.br/product/1423420147/20998032836
3421,22099031762,580791382,https://shopee.com.br/product/580791382/22099031762
3422,22399148413,882904544,https://shopee.com.br/product/882904544/22399148413
3423,22096458661,296813643,https://shopee.com.br/product/296813643/22096458661
3424,23892852628,375188138,https://shopee.com.br/product/375188138/23892852628
3425,22894552074,309237167,https://shopee.com.br/product/309237167/22894552074
3426,23993199974,1215229492,https://shopee.com.br/product/1215229492/23993199974
3427,23497558180,874507048,https://shopee.com.br/product/874507048/23497558180
3428,19999543589,1329429906,https://shopee.com.br/product/1329429906/19999543589
3429,23197456801,1097902002,https://shopee.com.br/product/1097902002/23197456801
3430,17188441358,308628919,https://shopee.com.br/product/308628919/17188441358
3431,23592572141,758814499,https://shopee.com.br/product/758814499/23592572141
3432,21264230698,874507048,https://shopee.com.br/product/874507048/21264230698
3433,23898650014,375188138,https://shopee.com.br/product/375188138/23898650014
3434,58210339236,1329429906,https://shopee.com.br/product/1329429906/58210339236
3435,22297918313,1226120317,https://shopee.com.br/product/1226120317/22297918313
3436,23592692372,1097902002,https://shopee.com.br/product/1097902002/23592692372
3437,23098159235,1246535200,https://shopee.com.br/product/1246535200/23098159235
3438,58258831251,1097902002,https://shopee.com.br/product/1097902002/58258831251
3439,23497692019,1215229492,https://shopee.com.br/product/1215229492/23497692019
3440,22993486868,882904544,https://shopee.com.br/product/882904544/22993486868
3441,23394242328,1561901020,https://shopee.com.br/product/1561901020/23394242328
3442,23997069659,375188138,https://shopee.com.br/product/375188138/23997069659
3443,23998329082,1107280577,https://shopee.com.br/product/1107280577/23998329082
3444,18297678999,1033307532,https://shopee.com.br/product/1033307532/18297678999
3445,23094516986,1552226494,https://shopee.com.br/product/1552226494/23094516986
3446,21097682201,952014476,https://shopee.com.br/product/952014476/21097682201
3447,21114092741,791969908,https://shopee.com.br/product/791969908/21114092741
3448,22995036420,1563516628,https://shopee.com.br/product/1563516628/22995036420
3449,22697918347,580791382,https://shopee.com.br/product/580791382/22697918347
3450,23992683567,296813643,https://shopee.com.br/product/296813643/23992683567
3451,20099664927,1107280577,https://shopee.com.br/product/1107280577/20099664927
3452,22198694831,580791382,https://shopee.com.br/product/580791382/22198694831
3453,20299379916,1107280577,https://shopee.com.br/product/1107280577/20299379916
3454,22897316170,296813643,https://shopee.com.br/product/296813643/22897316170
3455,21398872852,296813643,https://shopee.com.br/product/296813643/21398872852
3456,22794440815,882904544,https://shopee.com.br/product/882904544/22794440815
3457,21999890897,1372644554,https://shopee.com.br/product/1372644554/21999890897
3458,21797675088,580791382,https://shopee.com.br/product/580791382/21797675088
3459,23493110906,638399297,https://shopee.com.br/product/638399297/23493110906
3460,6953849879,306878488,https://shopee.com.br/product/306878488/6953849879
3461,18399237946,401986069,https://shopee.com.br/product/401986069/18399237946
3462,23497779586,1316611304,https://shopee.com.br/product/1316611304/23497779586
3463,19199377841,1107280577,https://shopee.com.br/product/1107280577/19199377841
3464,11549894534,296093764,https://shopee.com.br/product/296093764/11549894534
3465,21597455331,375188138,https://shopee.com.br/product/375188138/21597455331
3466,20497804413,882904544,https://shopee.com.br/product/882904544/20497804413
3467,22797488028,580791382,https://shopee.com.br/product/580791382/22797488028
3468,23793048449,1226105437,https://shopee.com.br/product/1226105437/23793048449
3469,42324144803,601021305,https://shopee.com.br/product/601021305/42324144803
3470,23897759210,1226120317,https://shopee.com.br/product/1226120317/23897759210
3471,23593086106,874507048,https://shopee.com.br/product/874507048/23593086106
3472,22091962094,296813643,https://shopee.com.br/product/296813643/22091962094
3473,22992568146,375188138,https://shopee.com.br/product/375188138/22992568146
3474,58261901932,795711540,https://shopee.com.br/product/795711540/58261901932
3475,58256405808,1083800536,https://shopee.com.br/product/1083800536/58256405808
3476,21699254101,1033307532,https://shopee.com.br/product/1033307532/21699254101
3477,18398285784,1215229492,https://shopee.com.br/product/1215229492/18398285784
3478,57456547768,791969908,https://shopee.com.br/product/791969908/57456547768
3479,58265132407,1673525976,https://shopee.com.br/product/1673525976/58265132407
3480,16787856958,648124788,https://shopee.com.br/product/648124788/16787856958
3481,18597994384,882904544,https://shopee.com.br/product/882904544/18597994384
3482,58204657378,1485004225,https://shopee.com.br/product/1485004225/58204657378
3483,23196963774,952014476,https://shopee.com.br/product/952014476/23196963774
3484,18198242046,1316611304,https://shopee.com.br/product/1316611304/18198242046
3485,21764286222,308628919,https://shopee.com.br/product/308628919/21764286222
3486,16988441355,308628919,https://shopee.com.br/product/308628919/16988441355
3487,22193550470,1396162916,https://shopee.com.br/product/1396162916/22193550470
3488,18566203105,874507048,https://shopee.com.br/product/874507048/18566203105
3489,18599337568,952014476,https://shopee.com.br/product/952014476/18599337568
3490,22394403112,882904544,https://shopee.com.br/product/882904544/22394403112
3491,23397453546,356560587,https://shopee.com.br/product/356560587/23397453546
3492,22797616044,1226120317,https://shopee.com.br/product/1226120317/22797616044
3493,20997795178,1235923910,https://shopee.com.br/product/1235923910/20997795178
3494,22892935656,1097902002,https://shopee.com.br/product/1097902002/22892935656
3495,18899181753,1097902002,https://shopee.com.br/product/1097902002/18899181753
3496,22594352687,309237167,https://shopee.com.br/product/309237167/22594352687
3497,23194422391,1316611304,https://shopee.com.br/product/1316611304/23194422391
3498,19357608397,308628919,https://shopee.com.br/product/308628919/19357608397
3499,21699185831,401986069,https://shopee.com.br/product/401986069/21699185831
3500,22497499979,1033307532,https://shopee.com.br/product/1033307532/22497499979
3501,53107018335,1371792496,https://shopee.com.br/product/1371792496/53107018335
3502,22293272771,1107280577,https://shopee.com.br/product/1107280577/22293272771
3503,23694267755,789777799,https://shopee.com.br/product/789777799/23694267755
3504,23194362321,1563516628,https://shopee.com.br/product/1563516628/23194362321
3505,22497615837,1226120317,https://shopee.com.br/product/1226120317/22497615837
3506,22794291212,1344250083,https://shopee.com.br/product/1344250083/22794291212
3507,19099835556,580791382,https://shopee.com.br/product/580791382/19099835556
3508,49957735180,582386382,https://shopee.com.br/product/582386382/49957735180
3509,44605102986,308628919,https://shopee.com.br/product/308628919/44605102986
3510,18099664665,1246535200,https://shopee.com.br/product/1246535200/18099664665
3511,22091962038,296813643,https://shopee.com.br/product/296813643/22091962038
3512,23499416944,1316611304,https://shopee.com.br/product/1316611304/23499416944
3513,19999300956,1226120317,https://shopee.com.br/product/1226120317/19999300956
3514,21697924454,1226120317,https://shopee.com.br/product/1226120317/21697924454
3515,22197912068,1226120317,https://shopee.com.br/product/1226120317/22197912068
3516,23597988334,882904544,https://shopee.com.br/product/882904544/23597988334
3517,23798373321,1107280577,https://shopee.com.br/product/1107280577/23798373321
3518,18467394138,687950391,https://shopee.com.br/product/687950391/18467394138
3519,58255536195,580791382,https://shopee.com.br/product/580791382/58255536195
3520,19455381440,522316174,https://shopee.com.br/product/522316174/19455381440
3521,21297299519,296813643,https://shopee.com.br/product/296813643/21297299519
3522,58210516722,789777799,https://shopee.com.br/product/789777799/58210516722
3523,22494052644,1316611304,https://shopee.com.br/product/1316611304/22494052644
3524,22997064763,375188138,https://shopee.com.br/product/375188138/22997064763
3525,22393280474,1215229492,https://shopee.com.br/product/1215229492/22393280474
3526,22494315922,789777799,https://shopee.com.br/product/789777799/22494315922
3527,20599096059,1097902002,https://shopee.com.br/product/1097902002/20599096059
3528,58251687421,1617519379,https://shopee.com.br/product/1617519379/58251687421
3529,22193492260,1246535200,https://shopee.com.br/product/1246535200/22193492260
3530,18799379343,1316611304,https://shopee.com.br/product/1316611304/18799379343
3531,20099322121,1243712796,https://shopee.com.br/product/1243712796/20099322121
3532,21498139296,1334294037,https://shopee.com.br/product/1334294037/21498139296
3533,22592229137,648124788,https://shopee.com.br/product/648124788/22592229137
3534,23393513299,882904544,https://shopee.com.br/product/882904544/23393513299
3535,20997804952,1316611304,https://shopee.com.br/product/1316611304/20997804952
3536,22693266779,1316611304,https://shopee.com.br/product/1316611304/22693266779
3537,22798825553,1107280577,https://shopee.com.br/product/1107280577/22798825553
3538,58209565896,1316611304,https://shopee.com.br/product/1316611304/58209565896
3539,22994432096,1541406826,https://shopee.com.br/product/1541406826/22994432096
3540,22897776839,1215229492,https://shopee.com.br/product/1215229492/22897776839
3541,22493053682,580791382,https://shopee.com.br/product/580791382/22493053682
3542,22297312517,1096487236,https://shopee.com.br/product/1096487236/22297312517
3543,23397540292,1220316212,https://shopee.com.br/product/1220316212/23397540292
3544,20599299321,580791382,https://shopee.com.br/product/580791382/20599299321
3545,23393091935,1107280577,https://shopee.com.br/product/1107280577/23393091935
3546,22106959521,874507048,https://shopee.com.br/product/874507048/22106959521
3547,19599263063,1220316212,https://shopee.com.br/product/1220316212/19599263063
3548,22193220137,1215229492,https://shopee.com.br/product/1215229492/22193220137
3549,22298050715,580791382,https://shopee.com.br/product/580791382/22298050715
3550,22897458024,1107280577,https://shopee.com.br/product/1107280577/22897458024
3551,23597968802,791969908,https://shopee.com.br/product/791969908/23597968802
3552,23498818254,627750190,https://shopee.com.br/product/627750190/23498818254
3553,22498388598,1107280577,https://shopee.com.br/product/1107280577/22498388598
3554,22098202314,1226120317,https://shopee.com.br/product/1226120317/22098202314
3555,22694207450,1553092714,https://shopee.com.br/product/1553092714/22694207450
3556,22897974528,882904544,https://shopee.com.br/product/882904544/22897974528
3557,19297994327,1215229492,https://shopee.com.br/product/1215229492/19297994327
3558,23893590780,1215229492,https://shopee.com.br/product/1215229492/23893590780
3559,19799321469,1243712796,https://shopee.com.br/product/1243712796/19799321469
3560,23298863331,1372644554,https://shopee.com.br/product/1372644554/23298863331
3561,23498517334,653044811,https://shopee.com.br/product/653044811/23498517334
3562,22997725097,1215229492,https://shopee.com.br/product/1215229492/22997725097
3563,19697681667,580791382,https://shopee.com.br/product/580791382/19697681667
3564,58208431935,1541406826,https://shopee.com.br/product/1541406826/58208431935
3565,48455113724,1242718651,https://shopee.com.br/product/1242718651/48455113724
3566,20596885422,758814499,https://shopee.com.br/product/758814499/20596885422
3567,19298187476,375188138,https://shopee.com.br/product/375188138/19298187476
3568,22494383559,1372644554,https://shopee.com.br/product/1372644554/22494383559
3569,22294087650,1226120317,https://shopee.com.br/product/1226120317/22294087650
3570,22597700975,580791382,https://shopee.com.br/product/580791382/22597700975
3571,20298019341,984366979,https://shopee.com.br/product/984366979/20298019341
3572,22994038931,952014476,https://shopee.com.br/product/952014476/22994038931
3573,19999369938,1215229492,https://shopee.com.br/product/1215229492/19999369938
3574,20997804919,1316611304,https://shopee.com.br/product/1316611304/20997804919
3575,58210350091,874507048,https://shopee.com.br/product/874507048/58210350091
3576,22297703083,390327339,https://shopee.com.br/product/390327339/22297703083
3577,22898715810,1215229492,https://shopee.com.br/product/1215229492/22898715810
3578,18299651638,1302727497,https://shopee.com.br/product/1302727497/18299651638
3579,19799028840,758814499,https://shopee.com.br/product/758814499/19799028840
3580,21897410381,406699478,https://shopee.com.br/product/406699478/21897410381
3581,58205872901,882904544,https://shopee.com.br/product/882904544/58205872901
3582,23197064693,375188138,https://shopee.com.br/product/375188138/23197064693
3583,18964284094,874507048,https://shopee.com.br/product/874507048/18964284094
3584,22993089074,580791382,https://shopee.com.br/product/580791382/22993089074
3585,18197463743,375188138,https://shopee.com.br/product/375188138/18197463743
3586,23893590784,1215229492,https://shopee.com.br/product/1215229492/23893590784
3587,58264846045,1097902002,https://shopee.com.br/product/1097902002/58264846045
3588,18999690010,1329429906,https://shopee.com.br/product/1329429906/18999690010
3589,58258421259,1097902002,https://shopee.com.br/product/1097902002/58258421259
3590,23193983853,1316611304,https://shopee.com.br/product/1316611304/23193983853
3591,58207571813,1563516628,https://shopee.com.br/product/1563516628/58207571813
3592,22792588844,375188138,https://shopee.com.br/product/375188138/22792588844
3593,21999598798,580791382,https://shopee.com.br/product/580791382/21999598798
3594,23593045580,580791382,https://shopee.com.br/product/580791382/23593045580
3595,22096458724,296813643,https://shopee.com.br/product/296813643/22096458724
3596,22993396781,1235923910,https://shopee.com.br/product/1235923910/22993396781
3597,18997796669,1235923910,https://shopee.com.br/product/1235923910/18997796669
3598,22797487473,580791382,https://shopee.com.br/product/580791382/22797487473
3599,22994373530,1423420147,https://shopee.com.br/product/1423420147/22994373530
3600,22398679851,1097902002,https://shopee.com.br/product/1097902002/22398679851
3601,22298735906,1215229492,https://shopee.com.br/product/1215229492/22298735906
3602,22798439056,1316611304,https://shopee.com.br/product/1316611304/22798439056
3603,22293111859,580791382,https://shopee.com.br/product/580791382/22293111859
3604,22093720123,357239640,https://shopee.com.br/product/357239640/22093720123
3605,43654041378,1186779187,https://shopee.com.br/product/1186779187/43654041378
3606,20964234189,874507048,https://shopee.com.br/product/874507048/20964234189
3607,23697557872,874507048,https://shopee.com.br/product/874507048/23697557872
3608,19898138541,789777799,https://shopee.com.br/product/789777799/19898138541
3609,21697660133,1107280577,https://shopee.com.br/product/1107280577/21697660133
3610,23997692220,1215229492,https://shopee.com.br/product/1215229492/23997692220
3611,25098001528,1371792496,https://shopee.com.br/product/1371792496/25098001528
3612,23493045529,1220316212,https://shopee.com.br/product/1220316212/23493045529
3613,22193271782,1316611304,https://shopee.com.br/product/1316611304/22193271782
3614,43904920902,401986069,https://shopee.com.br/product/401986069/43904920902
3615,21398317726,1372644554,https://shopee.com.br/product/1372644554/21398317726
3616,18599581610,580791382,https://shopee.com.br/product/580791382/18599581610
3617,19299368513,1215229492,https://shopee.com.br/product/1215229492/19299368513
3618,22794291239,1344250083,https://shopee.com.br/product/1344250083/22794291239
3619,23893007728,680601528,https://shopee.com.br/product/680601528/23893007728
3620,18998193525,1235923910,https://shopee.com.br/product/1235923910/18998193525
3621,22792573545,375188138,https://shopee.com.br/product/375188138/22792573545
3622,18897729301,412527932,https://shopee.com.br/product/412527932/18897729301
3623,21297660117,1107280577,https://shopee.com.br/product/1107280577/21297660117
3624,18497658297,604489889,https://shopee.com.br/product/604489889/18497658297
3625,9715743301,305108896,https://shopee.com.br/product/305108896/9715743301
3626,22697607260,412527932,https://shopee.com.br/product/412527932/22697607260
3627,22297560153,375188138,https://shopee.com.br/product/375188138/22297560153
3628,23094070704,1372644554,https://shopee.com.br/product/1372644554/23094070704
3629,22997992766,1215229492,https://shopee.com.br/product/1215229492/22997992766
3630,40105321896,1246535200,https://shopee.com.br/product/1246535200/40105321896
3631,23393967430,1215229492,https://shopee.com.br/product/1215229492/23393967430
3632,23794275154,627750190,https://shopee.com.br/product/627750190/23794275154
3633,22097766258,580791382,https://shopee.com.br/product/580791382/22097766258
3634,58255739306,882904544,https://shopee.com.br/product/882904544/58255739306
3635,58212695099,1226105437,https://shopee.com.br/product/1226105437/58212695099
3636,18497748227,1107280577,https://shopee.com.br/product/1107280577/18497748227
3637,23792991038,580791382,https://shopee.com.br/product/580791382/23792991038
3638,23593235833,378940206,https://shopee.com.br/product/378940206/23593235833
3639,23997974931,1329429906,https://shopee.com.br/product/1329429906/23997974931
3640,58200948797,1226120317,https://shopee.com.br/product/1226120317/58200948797
3641,18097780072,1215229492,https://shopee.com.br/product/1215229492/18097780072
3642,41730094011,1490123401,https://shopee.com.br/product/1490123401/41730094011
3643,22091962146,296813643,https://shopee.com.br/product/296813643/22091962146
3644,18699663379,580791382,https://shopee.com.br/product/580791382/18699663379
3645,40622942154,601021305,https://shopee.com.br/product/601021305/40622942154
3646,23394417112,1541406826,https://shopee.com.br/product/1541406826/23394417112
3647,20498267990,648124788,https://shopee.com.br/product/648124788/20498267990
3648,18599549621,939446263,https://shopee.com.br/product/939446263/18599549621
3649,58257289388,1243712796,https://shopee.com.br/product/1243712796/58257289388
3650,58211427624,1334294037,https://shopee.com.br/product/1334294037/58211427624
3651,20373316284,401986069,https://shopee.com.br/product/401986069/20373316284
3652,22498871494,1563516628,https://shopee.com.br/product/1563516628/22498871494
3653,21599028669,375188138,https://shopee.com.br/product/375188138/21599028669
3654,23092568227,375188138,https://shopee.com.br/product/375188138/23092568227
3655,22997064737,375188138,https://shopee.com.br/product/375188138/22997064737
3656,18398511979,312703265,https://shopee.com.br/product/312703265/18398511979
3657,23293862536,378940206,https://shopee.com.br/product/378940206/23293862536
3658,58257488754,1243712796,https://shopee.com.br/product/1243712796/58257488754
3659,23993199803,1215229492,https://shopee.com.br/product/1215229492/23993199803
3660,22394526979,580791382,https://shopee.com.br/product/580791382/22394526979
3661,58200719575,1215229492,https://shopee.com.br/product/1215229492/58200719575
3662,22097550990,1226105437,https://shopee.com.br/product/1226105437/22097550990
3663,22593050156,1220316212,https://shopee.com.br/product/1220316212/22593050156
3664,18598021282,489001115,https://shopee.com.br/product/489001115/18598021282
3665,22598202384,580791382,https://shopee.com.br/product/580791382/22598202384
3666,44900905146,390327339,https://shopee.com.br/product/390327339/44900905146
3667,58216493778,1329429906,https://shopee.com.br/product/1329429906/58216493778
3668,22098477632,1235923910,https://shopee.com.br/product/1235923910/22098477632
3669,58259746989,306878488,https://shopee.com.br/product/306878488/58259746989
3670,18097704103,1097902002,https://shopee.com.br/product/1097902002/18097704103
3671,22499534013,316070154,https://shopee.com.br/product/316070154/22499534013
3672,22693242951,390327339,https://shopee.com.br/product/390327339/22693242951
3673,23997692128,1215229492,https://shopee.com.br/product/1215229492/23997692128
3674,22098161890,1235923910,https://shopee.com.br/product/1235923910/22098161890
3675,23193513576,882904544,https://shopee.com.br/product/882904544/23193513576
3676,20198099913,874507048,https://shopee.com.br/product/874507048/20198099913
3677,20199092905,296813643,https://shopee.com.br/product/296813643/20199092905
3678,23593525813,1396162916,https://shopee.com.br/product/1396162916/23593525813
3679,6652432271,306878488,https://shopee.com.br/product/306878488/6652432271
3680,23118230262,648124788,https://shopee.com.br/product/648124788/23118230262
3681,22997671931,638399297,https://shopee.com.br/product/638399297/22997671931
3682,22193217924,1215229492,https://shopee.com.br/product/1215229492/22193217924
3683,46408373460,390327339,https://shopee.com.br/product/390327339/46408373460
3684,44959465941,1246535200,https://shopee.com.br/product/1246535200/44959465941
3685,20398315698,1215229492,https://shopee.com.br/product/1215229492/20398315698
3686,20997680643,1033307532,https://shopee.com.br/product/1033307532/20997680643
3687,58261588961,1082747237,https://shopee.com.br/product/1082747237/58261588961
3688,21299758090,1371792496,https://shopee.com.br/product/1371792496/21299758090
3689,22393280517,1215229492,https://shopee.com.br/product/1215229492/22393280517
3690,21499601166,1146529360,https://shopee.com.br/product/1146529360/21499601166
3691,23997552555,916172870,https://shopee.com.br/product/916172870/23997552555
3692,22294035028,1423420147,https://shopee.com.br/product/1423420147/22294035028
3693,22593411713,1226120317,https://shopee.com.br/product/1226120317/22593411713
3694,20599304384,296813643,https://shopee.com.br/product/296813643/20599304384
3695,22498717211,952014476,https://shopee.com.br/product/952014476/22498717211
3696,21297924395,1235923910,https://shopee.com.br/product/1235923910/21297924395
3697,42378231566,1242718651,https://shopee.com.br/product/1242718651/42378231566
3698,22598806769,1097902002,https://shopee.com.br/product/1097902002/22598806769
3699,20597787735,1215229492,https://shopee.com.br/product/1215229492/20597787735
3700,22897776721,889942432,https://shopee.com.br/product/889942432/22897776721
3701,23494339335,451273707,https://shopee.com.br/product/451273707/23494339335
3702,23497751730,882904544,https://shopee.com.br/product/882904544/23497751730
3703,22193705459,1226120317,https://shopee.com.br/product/1226120317/22193705459
3704,47757355230,390327339,https://shopee.com.br/product/390327339/47757355230
3705,23592956074,1107280577,https://shopee.com.br/product/1107280577/23592956074
3706,21198141083,1215229492,https://shopee.com.br/product/1215229492/21198141083
3707,22194243149,1215229492,https://shopee.com.br/product/1215229492/22194243149
3708,54205035969,1242718651,https://shopee.com.br/product/1242718651/54205035969
3709,22693291602,1226120317,https://shopee.com.br/product/1226120317/22693291602
3710,20699185525,1097902002,https://shopee.com.br/product/1097902002/20699185525
3711,22093434826,1033307532,https://shopee.com.br/product/1033307532/22093434826
3712,23398791712,1344250083,https://shopee.com.br/product/1344250083/23398791712
3713,23194450847,1563516628,https://shopee.com.br/product/1563516628/23194450847
3714,22794291144,1344250083,https://shopee.com.br/product/1344250083/22794291144
3715,23697557874,874507048,https://shopee.com.br/product/874507048/23697557874
3716,19999595677,758814499,https://shopee.com.br/product/758814499/19999595677
3717,22093054318,1226105437,https://shopee.com.br/product/1226105437/22093054318
3718,21098031891,378940206,https://shopee.com.br/product/378940206/21098031891
3719,22898352810,390327339,https://shopee.com.br/product/390327339/22898352810
3720,46616195020,1423372949,https://shopee.com.br/product/1423372949/46616195020
3721,23793881907,882904544,https://shopee.com.br/product/882904544/23793881907
3722,23793881875,882904544,https://shopee.com.br/product/882904544/23793881875
3723,23799487073,758814499,https://shopee.com.br/product/758814499/23799487073
3724,23093521293,758814499,https://shopee.com.br/product/758814499/23093521293
3725,40370776498,401986069,https://shopee.com.br/product/401986069/40370776498
3726,23898112163,1226120317,https://shopee.com.br/product/1226120317/23898112163
3727,23398163760,1246535200,https://shopee.com.br/product/1246535200/23398163760
3728,23797297894,795711540,https://shopee.com.br/product/795711540/23797297894
3729,22799046965,1630032069,https://shopee.com.br/product/1630032069/22799046965
3730,23993732609,378940206,https://shopee.com.br/product/378940206/23993732609
3731,21264229279,874507048,https://shopee.com.br/product/874507048/21264229279
3732,23793085992,874507048,https://shopee.com.br/product/874507048/23793085992
3733,21350036933,296114884,https://shopee.com.br/product/296114884/21350036933
3734,21899847419,406699478,https://shopee.com.br/product/406699478/21899847419
3735,23598230227,1243712796,https://shopee.com.br/product/1243712796/23598230227
3736,20399333482,874507048,https://shopee.com.br/product/874507048/20399333482
3737,22198726782,1215229492,https://shopee.com.br/product/1215229492/22198726782
3738,18369565483,889942432,https://shopee.com.br/product/889942432/18369565483
3739,23393087725,1107280577,https://shopee.com.br/product/1107280577/23393087725
3740,18399035394,375188138,https://shopee.com.br/product/375188138/18399035394
3741,22697072080,1096487236,https://shopee.com.br/product/1096487236/22697072080
3742,58210346975,874507048,https://shopee.com.br/product/874507048/58210346975
3743,22193277371,1316611304,https://shopee.com.br/product/1316611304/22193277371
3744,23918087778,916172870,https://shopee.com.br/product/916172870/23918087778
3745,22618242929,916172870,https://shopee.com.br/product/916172870/22618242929
3746,22997064775,375188138,https://shopee.com.br/product/375188138/22997064775
3747,19272692178,378940206,https://shopee.com.br/product/378940206/19272692178
3748,22193271792,1316611304,https://shopee.com.br/product/1316611304/22193271792
3749,23094082308,1372644554,https://shopee.com.br/product/1372644554/23094082308
3750,23297601380,412527932,https://shopee.com.br/product/412527932/23297601380
3751,22093514785,489001115,https://shopee.com.br/product/489001115/22093514785
3752,58251138348,1630032069,https://shopee.com.br/product/1630032069/58251138348
3753,22693405241,1226120317,https://shopee.com.br/product/1226120317/22693405241
3754,22194892414,882904544,https://shopee.com.br/product/882904544/22194892414
3755,58206097290,1082747237,https://shopee.com.br/product/1082747237/58206097290
3756,23398644896,1235923910,https://shopee.com.br/product/1235923910/23398644896
3757,21399380792,390327339,https://shopee.com.br/product/390327339/21399380792
3758,7583478390,400973800,https://shopee.com.br/product/400973800/7583478390
3759,19898704270,296093764,https://shopee.com.br/product/296093764/19898704270
3760,22298458413,1177369665,https://shopee.com.br/product/1177369665/22298458413
3761,22894767548,316070154,https://shopee.com.br/product/316070154/22894767548
3762,23993270082,1107280577,https://shopee.com.br/product/1107280577/23993270082
3763,23593656125,1316611304,https://shopee.com.br/product/1316611304/23593656125
3764,21198139566,789777799,https://shopee.com.br/product/789777799/21198139566
3765,18698155247,1235923910,https://shopee.com.br/product/1235923910/18698155247
3766,23193911334,789777799,https://shopee.com.br/product/789777799/23193911334
3767,23297892304,1226120317,https://shopee.com.br/product/1226120317/23297892304
3768,51200326583,401986069,https://shopee.com.br/product/401986069/51200326583
3769,19175264425,942805673,https://shopee.com.br/product/942805673/19175264425
3770,58262044058,316070154,https://shopee.com.br/product/316070154/58262044058
3771,23293498681,882904544,https://shopee.com.br/product/882904544/23293498681
3772,22093054291,1226105437,https://shopee.com.br/product/1226105437/22093054291
3773,23599341937,1334294037,https://shopee.com.br/product/1334294037/23599341937
3774,28435299837,1246535200,https://shopee.com.br/product/1246535200/28435299837
3775,22692048067,371036439,https://shopee.com.br/product/371036439/22692048067
3776,23597998538,1344250083,https://shopee.com.br/product/1344250083/23597998538
3777,22398769942,1215229492,https://shopee.com.br/product/1215229492/22398769942
3778,22894073162,1372644554,https://shopee.com.br/product/1372644554/22894073162
3779,40322459795,401986069,https://shopee.com.br/product/401986069/40322459795
3780,18999378967,1316611304,https://shopee.com.br/product/1316611304/18999378967
3781,58260911583,1808635108,https://shopee.com.br/product/1808635108/58260911583
3782,19899680383,758814499,https://shopee.com.br/product/758814499/19899680383
3783,20197691231,916172870,https://shopee.com.br/product/916172870/20197691231
3784,19599758055,1316611304,https://shopee.com.br/product/1316611304/19599758055
3785,19297622739,795711540,https://shopee.com.br/product/795711540/19297622739
3786,18797614621,1097902002,https://shopee.com.br/product/1097902002/18797614621
3787,23898415327,789777799,https://shopee.com.br/product/789777799/23898415327
3788,23594198187,648124788,https://shopee.com.br/product/648124788/23594198187
3789,21299335991,1243712796,https://shopee.com.br/product/1243712796/21299335991
3790,21498029765,378940206,https://shopee.com.br/product/378940206/21498029765
3791,23892994224,1226120317,https://shopee.com.br/product/1226120317/23892994224
3792,23398311377,1226120317,https://shopee.com.br/product/1226120317/23398311377
3793,23799140112,1215229492,https://shopee.com.br/product/1215229492/23799140112
3794,20099599315,357239640,https://shopee.com.br/product/357239640/20099599315
3795,23393098619,874507048,https://shopee.com.br/product/874507048/23393098619
3796,58200948843,1226120317,https://shopee.com.br/product/1226120317/58200948843
3797,23993268873,1316611304,https://shopee.com.br/product/1316611304/23993268873
3798,20397990108,1215229492,https://shopee.com.br/product/1215229492/20397990108
3799,20599706439,1215229492,https://shopee.com.br/product/1215229492/20599706439
3800,23293884668,442506479,https://shopee.com.br/product/442506479/23293884668
3801,23797744319,1316611304,https://shopee.com.br/product/1316611304/23797744319
3802,23693195645,1215229492,https://shopee.com.br/product/1215229492/23693195645
3803,23798929638,1215229492,https://shopee.com.br/product/1215229492/23798929638
3804,58256406770,1083800536,https://shopee.com.br/product/1083800536/58256406770
3805,22897614751,1226120317,https://shopee.com.br/product/1226120317/22897614751
3806,58209767145,1083800536,https://shopee.com.br/product/1083800536/58209767145
3807,58259073234,1083800536,https://shopee.com.br/product/1083800536/58259073234
3808,23394153147,1235923910,https://shopee.com.br/product/1235923910/23394153147
3809,58214231344,1220316212,https://shopee.com.br/product/1220316212/58214231344
3810,58256334478,1083800536,https://shopee.com.br/product/1083800536/58256334478
3811,58257925730,1485004225,https://shopee.com.br/product/1485004225/58257925730
3812,23897557865,1114000786,https://shopee.com.br/product/1114000786/23897557865
3813,22592197572,296813643,https://shopee.com.br/product/296813643/22592197572
3814,20299835579,1553092714,https://shopee.com.br/product/1553092714/20299835579
3815,58214329241,1270199189,https://shopee.com.br/product/1270199189/58214329241
3816,41877967186,378940206,https://shopee.com.br/product/378940206/41877967186
3817,23498866115,646888142,https://shopee.com.br/product/646888142/23498866115
3818,18799557784,1226120317,https://shopee.com.br/product/1226120317/18799557784
3819,21498791939,296813643,https://shopee.com.br/product/296813643/21498791939
3820,19131535630,687950391,https://shopee.com.br/product/687950391/19131535630
3821,23898563933,1372644554,https://shopee.com.br/product/1372644554/23898563933
3822,21799551856,1226120317,https://shopee.com.br/product/1226120317/21799551856
3823,21597972854,1226120317,https://shopee.com.br/product/1226120317/21597972854
3824,21199843531,522316174,https://shopee.com.br/product/522316174/21199843531
3825,13562399219,306878488,https://shopee.com.br/product/306878488/13562399219
3826,23997069546,375188138,https://shopee.com.br/product/375188138/23997069546
3827,58250361818,952014476,https://shopee.com.br/product/952014476/58250361818
3828,22592847328,357239640,https://shopee.com.br/product/357239640/22592847328
3829,12211699190,296093764,https://shopee.com.br/product/296093764/12211699190
3830,22998512561,444869236,https://shopee.com.br/product/444869236/22998512561
3831,58257215639,1033307532,https://shopee.com.br/product/1033307532/58257215639
3832,18797983535,653044811,https://shopee.com.br/product/653044811/18797983535
3833,21497869930,451273707,https://shopee.com.br/product/451273707/21497869930
3834,23394690965,1215229492,https://shopee.com.br/product/1215229492/23394690965
3835,19997972403,653044811,https://shopee.com.br/product/653044811/19997972403
3836,16587855623,648124788,https://shopee.com.br/product/648124788/16587855623
3837,23198439822,682804575,https://shopee.com.br/product/682804575/23198439822
3838,58214041954,1226105437,https://shopee.com.br/product/1226105437/58214041954
3839,22093762974,390327339,https://shopee.com.br/product/390327339/22093762974
3840,22193129810,1226120317,https://shopee.com.br/product/1226120317/22193129810
3841,23792573132,375188138,https://shopee.com.br/product/375188138/23792573132
3842,23892311450,375188138,https://shopee.com.br/product/375188138/23892311450
3843,22298031538,1215229492,https://shopee.com.br/product/1215229492/22298031538
3844,18999498925,680601528,https://shopee.com.br/product/680601528/18999498925
3845,22593071938,916172870,https://shopee.com.br/product/916172870/22593071938
3846,56666170495,1509845472,https://shopee.com.br/product/1509845472/56666170495
3847,22091962143,296813643,https://shopee.com.br/product/296813643/22091962143
3848,21497455307,375188138,https://shopee.com.br/product/375188138/21497455307
3849,58259652991,646888142,https://shopee.com.br/product/646888142/58259652991
3850,23593517610,390327339,https://shopee.com.br/product/390327339/23593517610
3851,23098313007,375188138,https://shopee.com.br/product/375188138/23098313007
3852,23293518764,1226120317,https://shopee.com.br/product/1226120317/23293518764
3853,22093123378,1226120317,https://shopee.com.br/product/1226120317/22093123378
3854,23693247721,1316611304,https://shopee.com.br/product/1316611304/23693247721
3855,23098557522,375188138,https://shopee.com.br/product/375188138/23098557522
3856,21299831551,1215229492,https://shopee.com.br/product/1215229492/21299831551
3857,28340263378,401986069,https://shopee.com.br/product/401986069/28340263378
3858,58257133593,1107280577,https://shopee.com.br/product/1107280577/58257133593
3859,8611137363,306878488,https://shopee.com.br/product/306878488/8611137363
3860,22997064757,375188138,https://shopee.com.br/product/375188138/22997064757
3861,22992573166,375188138,https://shopee.com.br/product/375188138/22992573166
3862,22898737895,1215229492,https://shopee.com.br/product/1215229492/22898737895
3863,6676394986,296093764,https://shopee.com.br/product/296093764/6676394986
3864,23793112368,653044811,https://shopee.com.br/product/653044811/23793112368
3865,23293929449,758814499,https://shopee.com.br/product/758814499/23293929449
3866,22498398064,882904544,https://shopee.com.br/product/882904544/22498398064
3867,23493195320,375188138,https://shopee.com.br/product/375188138/23493195320
3868,9211008260,296093764,https://shopee.com.br/product/296093764/9211008260
3869,56965012722,401986069,https://shopee.com.br/product/401986069/56965012722
3870,23592582158,375188138,https://shopee.com.br/product/375188138/23592582158
3871,20297669638,404743073,https://shopee.com.br/product/404743073/20297669638
3872,23993062708,1107280577,https://shopee.com.br/product/1107280577/23993062708
3873,58251952393,1617519379,https://shopee.com.br/product/1617519379/58251952393
3874,58259105451,1083800536,https://shopee.com.br/product/1083800536/58259105451
3875,18197463755,375188138,https://shopee.com.br/product/375188138/18197463755
3876,21199208271,944577712,https://shopee.com.br/product/944577712/21199208271
3877,23300758369,648124788,https://shopee.com.br/product/648124788/23300758369
3878,58251676476,1215229492,https://shopee.com.br/product/1215229492/58251676476
3879,23898074365,1215229492,https://shopee.com.br/product/1215229492/23898074365
3880,23199532982,1316611304,https://shopee.com.br/product/1316611304/23199532982
3881,18899262209,401986069,https://shopee.com.br/product/401986069/18899262209
3882,23593086117,874507048,https://shopee.com.br/product/874507048/23593086117
3883,23935173789,653044811,https://shopee.com.br/product/653044811/23935173789
3884,22897564001,916172870,https://shopee.com.br/product/916172870/22897564001
3885,58256413526,1083800536,https://shopee.com.br/product/1083800536/58256413526
3886,23293498673,882904544,https://shopee.com.br/product/882904544/23293498673
3887,23092637841,296093764,https://shopee.com.br/product/296093764/23092637841
3888,23194428463,1423420147,https://shopee.com.br/product/1423420147/23194428463
3889,22193095548,653044811,https://shopee.com.br/product/653044811/22193095548
3890,23594916666,1215229492,https://shopee.com.br/product/1215229492/23594916666
3891,22997064787,375188138,https://shopee.com.br/product/375188138/22997064787
3892,22597757250,1215229492,https://shopee.com.br/product/1215229492/22597757250
3893,23794738389,1215229492,https://shopee.com.br/product/1215229492/23794738389
3894,58256408761,1083800536,https://shopee.com.br/product/1083800536/58256408761
3895,22893067736,916172870,https://shopee.com.br/product/916172870/22893067736
3896,23598842308,1226105437,https://shopee.com.br/product/1226105437/23598842308
3897,20998032830,1423420147,https://shopee.com.br/product/1423420147/20998032830
3898,22494167863,1509845472,https://shopee.com.br/product/1509845472/22494167863
3899,22397688352,1302727497,https://shopee.com.br/product/1302727497/22397688352
3900,20998141244,1215229492,https://shopee.com.br/product/1215229492/20998141244
3901,23593487360,1246535200,https://shopee.com.br/product/1246535200/23593487360
3902,22697916305,316070154,https://shopee.com.br/product/316070154/22697916305
3903,58200401920,1097902002,https://shopee.com.br/product/1097902002/58200401920
3904,22728107673,365257077,https://shopee.com.br/product/365257077/22728107673
3905,22994423822,1605250258,https://shopee.com.br/product/1605250258/22994423822
3906,22597568596,916172870,https://shopee.com.br/product/916172870/22597568596
3907,23099200810,391672269,https://shopee.com.br/product/391672269/23099200810
3908,49004690750,1242718651,https://shopee.com.br/product/1242718651/49004690750
3909,23397727329,1235923910,https://shopee.com.br/product/1235923910/23397727329
3910,58211614699,1097902002,https://shopee.com.br/product/1097902002/58211614699
3911,20367113315,401986069,https://shopee.com.br/product/401986069/20367113315
3912,22098406221,1423420147,https://shopee.com.br/product/1423420147/22098406221
3913,22593425105,1371792496,https://shopee.com.br/product/1371792496/22593425105
3914,23893365422,401986069,https://shopee.com.br/product/401986069/23893365422
3915,22598896124,882904544,https://shopee.com.br/product/882904544/22598896124
3916,58202400791,1107280577,https://shopee.com.br/product/1107280577/58202400791
3917,23997069655,375188138,https://shopee.com.br/product/375188138/23997069655
3918,23791573377,648124788,https://shopee.com.br/product/648124788/23791573377
3919,23292939476,406699478,https://shopee.com.br/product/406699478/23292939476
3920,10611940674,401986069,https://shopee.com.br/product/401986069/10611940674
3921,48150564386,347781606,https://shopee.com.br/product/347781606/48150564386
3922,23097727563,1235923910,https://shopee.com.br/product/1235923910/23097727563
3923,23892535637,757094384,https://shopee.com.br/product/757094384/23892535637
3924,58263212841,306878488,https://shopee.com.br/product/306878488/58263212841
3925,23397741299,1215229492,https://shopee.com.br/product/1215229492/23397741299
3926,22730418903,889942432,https://shopee.com.br/product/889942432/22730418903
3927,22992568149,375188138,https://shopee.com.br/product/375188138/22992568149
3928,28993260080,347781606,https://shopee.com.br/product/347781606/28993260080
3929,18699563090,1226120317,https://shopee.com.br/product/1226120317/18699563090
3930,18998155766,1371792496,https://shopee.com.br/product/1371792496/18998155766
3931,23898372747,375188138,https://shopee.com.br/product/375188138/23898372747
3932,18797726658,874507048,https://shopee.com.br/product/874507048/18797726658
3933,22197909011,916172870,https://shopee.com.br/product/916172870/22197909011
3934,22697619178,1243712796,https://shopee.com.br/product/1243712796/22697619178
3935,19299545574,1243712796,https://shopee.com.br/product/1243712796/19299545574
3936,58206411683,1083800536,https://shopee.com.br/product/1083800536/58206411683
3937,20299253813,1107280577,https://shopee.com.br/product/1107280577/20299253813
3938,22907249767,889942432,https://shopee.com.br/product/889942432/22907249767
3939,41376505158,347781606,https://shopee.com.br/product/347781606/41376505158
3940,58259554568,1316611304,https://shopee.com.br/product/1316611304/58259554568
3941,23793822756,1107280577,https://shopee.com.br/product/1107280577/23793822756
3942,19897660327,1107280577,https://shopee.com.br/product/1107280577/19897660327
3943,21396950566,653044811,https://shopee.com.br/product/653044811/21396950566
3944,58250862976,1107280577,https://shopee.com.br/product/1107280577/58250862976
3945,23398730849,1215229492,https://shopee.com.br/product/1215229492/23398730849
3946,23698746958,1215229492,https://shopee.com.br/product/1215229492/23698746958
3947,58206899118,1097902002,https://shopee.com.br/product/1097902002/58206899118
3948,23793087308,1107280577,https://shopee.com.br/product/1107280577/23793087308
3949,16969498022,575316573,https://shopee.com.br/product/575316573/16969498022
3950,58262694100,1226105437,https://shopee.com.br/product/1226105437/58262694100
3951,23798674915,1107280577,https://shopee.com.br/product/1107280577/23798674915
3952,22898715700,1215229492,https://shopee.com.br/product/1215229492/22898715700
3953,22792573520,375188138,https://shopee.com.br/product/375188138/22792573520
3954,19899680009,390327339,https://shopee.com.br/product/390327339/19899680009
3955,58203837475,1215229492,https://shopee.com.br/product/1215229492/58203837475
3956,19897727779,1226120317,https://shopee.com.br/product/1226120317/19897727779
3957,22193299033,1107280577,https://shopee.com.br/product/1107280577/22193299033
3958,23898181049,874507048,https://shopee.com.br/product/874507048/23898181049
3959,23493273354,1246535200,https://shopee.com.br/product/1246535200/23493273354
3960,22894071846,1372644554,https://shopee.com.br/product/1372644554/22894071846
3961,58213207518,306878488,https://shopee.com.br/product/306878488/58213207518
3962,21398258201,1215229492,https://shopee.com.br/product/1215229492/21398258201
3963,58206411585,1083800536,https://shopee.com.br/product/1083800536/58206411585
3964,22093123353,1226120317,https://shopee.com.br/product/1226120317/22093123353
3965,23898181040,874507048,https://shopee.com.br/product/874507048/23898181040
3966,19499547206,882904544,https://shopee.com.br/product/882904544/19499547206
3967,22993803600,444869236,https://shopee.com.br/product/444869236/22993803600
3968,18597934975,882904544,https://shopee.com.br/product/882904544/18597934975
3969,22699452543,1083800536,https://shopee.com.br/product/1083800536/22699452543
3970,22697615915,1226120317,https://shopee.com.br/product/1226120317/22697615915
3971,49256367092,390327339,https://shopee.com.br/product/390327339/49256367092
3972,58209750906,1083800536,https://shopee.com.br/product/1083800536/58209750906
3973,58213750709,1807752749,https://shopee.com.br/product/1807752749/58213750709
3974,58260212750,952014476,https://shopee.com.br/product/952014476/58260212750
3975,23591325467,401986069,https://shopee.com.br/product/401986069/23591325467
3976,22192984362,1097902002,https://shopee.com.br/product/1097902002/22192984362
3977,18199526420,882904544,https://shopee.com.br/product/882904544/18199526420
3978,23498463939,1215229492,https://shopee.com.br/product/1215229492/23498463939
3979,19197973654,1215229492,https://shopee.com.br/product/1215229492/19197973654
3980,22592756677,357239640,https://shopee.com.br/product/357239640/22592756677
3981,23892555571,337531568,https://shopee.com.br/product/337531568/23892555571
3982,20799545544,1329429906,https://shopee.com.br/product/1329429906/20799545544
3983,23993708746,412482669,https://shopee.com.br/product/412482669/23993708746
3984,18197697293,1220316212,https://shopee.com.br/product/1220316212/18197697293
3985,47915089894,506112052,https://shopee.com.br/product/506112052/47915089894
3986,53960810612,902146556,https://shopee.com.br/product/902146556/53960810612
3987,21699028648,375188138,https://shopee.com.br/product/375188138/21699028648
3988,22793145824,1107280577,https://shopee.com.br/product/1107280577/22793145824
3989,22698340342,1215229492,https://shopee.com.br/product/1215229492/22698340342
3990,23793085994,874507048,https://shopee.com.br/product/874507048/23793085994
3991,23593086098,874507048,https://shopee.com.br/product/874507048/23593086098
3992,58202018851,1215229492,https://shopee.com.br/product/1215229492/58202018851
3993,23794016064,1235923910,https://shopee.com.br/product/1235923910/23794016064
3994,22091962037,296813643,https://shopee.com.br/product/296813643/22091962037
3995,19198100958,601021305,https://shopee.com.br/product/601021305/19198100958
3996,22697068625,758814499,https://shopee.com.br/product/758814499/22697068625
3997,58254122466,1215229492,https://shopee.com.br/product/1215229492/58254122466
3998,58259713246,1083800536,https://shopee.com.br/product/1083800536/58259713246
3999,22398522864,882904544,https://shopee.com.br/product/882904544/22398522864
4000,23594702042,789777799,https://shopee.com.br/product/789777799/23594702042
4001,23993916825,789777799,https://shopee.com.br/product/789777799/23993916825
4002,23493815110,1215229492,https://shopee.com.br/product/1215229492/23493815110
4003,22592573056,375188138,https://shopee.com.br/product/375188138/22592573056
4004,22206958525,874507048,https://shopee.com.br/product/874507048/22206958525
4005,14794559048,400973800,https://shopee.com.br/product/400973800/14794559048
4006,58202023224,1215229492,https://shopee.com.br/product/1215229492/58202023224
4007,23593814906,1215229492,https://shopee.com.br/product/1215229492/23593814906
4008,23418088355,916172870,https://shopee.com.br/product/916172870/23418088355
4009,23997069618,375188138,https://shopee.com.br/product/375188138/23997069618
4010,18897985639,1226120317,https://shopee.com.br/product/1226120317/18897985639
4011,23493822742,1107280577,https://shopee.com.br/product/1107280577/23493822742
4012,23798424569,789777799,https://shopee.com.br/product/789777799/23798424569
4013,20497731119,296813643,https://shopee.com.br/product/296813643/20497731119
4014,22797085082,375188138,https://shopee.com.br/product/375188138/22797085082
4015,41027426468,401986069,https://shopee.com.br/product/401986069/41027426468
4016,19599589806,357239640,https://shopee.com.br/product/357239640/19599589806
4017,22994279006,1235923910,https://shopee.com.br/product/1235923910/22994279006
4018,19999072683,373150829,https://shopee.com.br/product/373150829/19999072683
4019,21099228432,1107280577,https://shopee.com.br/product/1107280577/21099228432
4020,22693215047,1215229492,https://shopee.com.br/product/1215229492/22693215047
4021,19998260167,1215229492,https://shopee.com.br/product/1215229492/19998260167
4022,23020282629,889942432,https://shopee.com.br/product/889942432/23020282629
4023,22794247424,1334294037,https://shopee.com.br/product/1334294037/22794247424
4024,19697807338,451273707,https://shopee.com.br/product/451273707/19697807338
4025,23497558205,874507048,https://shopee.com.br/product/874507048/23497558205
4026,46551204022,1246535200,https://shopee.com.br/product/1246535200/46551204022
4027,21597455324,375188138,https://shopee.com.br/product/375188138/21597455324
4028,22792573564,375188138,https://shopee.com.br/product/375188138/22792573564
4029,22594942540,627750190,https://shopee.com.br/product/627750190/22594942540
4030,12394515304,278256920,https://shopee.com.br/product/278256920/12394515304
4031,22091962117,296813643,https://shopee.com.br/product/296813643/22091962117
4032,58253569810,1220316212,https://shopee.com.br/product/1220316212/58253569810
4033,19796946570,306878488,https://shopee.com.br/product/306878488/19796946570
4034,22794440791,882904544,https://shopee.com.br/product/882904544/22794440791
4035,23592291850,296813643,https://shopee.com.br/product/296813643/23592291850
4036,22918510303,916172870,https://shopee.com.br/product/916172870/22918510303
4037,13675342333,306878488,https://shopee.com.br/product/306878488/13675342333
4038,18999592328,357239640,https://shopee.com.br/product/357239640/18999592328
4039,22393523208,882904544,https://shopee.com.br/product/882904544/22393523208
4040,23192886162,306878488,https://shopee.com.br/product/306878488/23192886162
4041,22793408895,1226120317,https://shopee.com.br/product/1226120317/22793408895
4042,23729846300,401986069,https://shopee.com.br/product/401986069/23729846300
4043,23794406001,601021305,https://shopee.com.br/product/601021305/23794406001
4044,22598949636,1423420147,https://shopee.com.br/product/1423420147/22598949636
4045,22991671128,296093764,https://shopee.com.br/product/296093764/22991671128
4046,58261907560,1832284196,https://shopee.com.br/product/1832284196/58261907560
4047,22593938225,789777799,https://shopee.com.br/product/789777799/22593938225
4048,22995591751,378940206,https://shopee.com.br/product/378940206/22995591751
4049,20297760265,874507048,https://shopee.com.br/product/874507048/20297760265
4050,22693752832,390327339,https://shopee.com.br/product/390327339/22693752832
4051,18198263930,1226105437,https://shopee.com.br/product/1226105437/18198263930
4052,18099829268,789777799,https://shopee.com.br/product/789777799/18099829268
4053,22091962109,296813643,https://shopee.com.br/product/296813643/22091962109
4054,23697557912,874507048,https://shopee.com.br/product/874507048/23697557912
4055,22695692812,638399297,https://shopee.com.br/product/638399297/22695692812
4056,22897760083,1316611304,https://shopee.com.br/product/1316611304/22897760083
4057,22899342365,395742608,https://shopee.com.br/product/395742608/22899342365
4058,23998116604,373150829,https://shopee.com.br/product/373150829/23998116604
4059,23998740378,272868574,https://shopee.com.br/product/272868574/23998740378
4060,20299833781,1553092714,https://shopee.com.br/product/1553092714/20299833781
4061,22097626770,406699478,https://shopee.com.br/product/406699478/22097626770
4062,23293518747,1226120317,https://shopee.com.br/product/1226120317/23293518747
4063,58200635018,489001115,https://shopee.com.br/product/489001115/58200635018
4064,20798200727,1235923910,https://shopee.com.br/product/1235923910/20798200727
4065,22497568630,916172870,https://shopee.com.br/product/916172870/22497568630
4066,23498670529,1316611304,https://shopee.com.br/product/1316611304/23498670529
4067,21497455322,375188138,https://shopee.com.br/product/375188138/21497455322
4068,58260906869,1808635108,https://shopee.com.br/product/1808635108/58260906869
4069,23598010394,1226120317,https://shopee.com.br/product/1226120317/23598010394
4070,58263557018,1553092714,https://shopee.com.br/product/1553092714/58263557018
4071,22499197227,1473114980,https://shopee.com.br/product/1473114980/22499197227
4072,23497918801,680601528,https://shopee.com.br/product/680601528/23497918801
4073,22493266683,1316611304,https://shopee.com.br/product/1316611304/22493266683
4074,23897970389,412527932,https://shopee.com.br/product/412527932/23897970389
4075,27585297510,1246535200,https://shopee.com.br/product/1246535200/27585297510
4076,18999378941,1316611304,https://shopee.com.br/product/1316611304/18999378941
4077,23697582590,874507048,https://shopee.com.br/product/874507048/23697582590
4078,23693247708,1316611304,https://shopee.com.br/product/1316611304/23693247708
4079,23593396307,1226120317,https://shopee.com.br/product/1226120317/23593396307
4080,22198375352,378940206,https://shopee.com.br/product/378940206/22198375352
4081,24147965423,373150829,https://shopee.com.br/product/373150829/24147965423
4082,22694955845,1083800536,https://shopee.com.br/product/1083800536/22694955845
4083,23697557889,874507048,https://shopee.com.br/product/874507048/23697557889
4084,58261114464,646888142,https://shopee.com.br/product/646888142/58261114464
4085,20699553279,1396162916,https://shopee.com.br/product/1396162916/20699553279
4086,18398205396,1107280577,https://shopee.com.br/product/1107280577/18398205396
4087,22992928256,1107280577,https://shopee.com.br/product/1107280577/22992928256
4088,21598075452,1107280577,https://shopee.com.br/product/1107280577/21598075452
4089,23197749738,1107280577,https://shopee.com.br/product/1107280577/23197749738
4090,23400758369,648124788,https://shopee.com.br/product/648124788/23400758369
4091,22897989123,1033307532,https://shopee.com.br/product/1033307532/22897989123
4092,19899598174,451273707,https://shopee.com.br/product/451273707/19899598174
4093,58206414065,1083800536,https://shopee.com.br/product/1083800536/58206414065
4094,23697557885,874507048,https://shopee.com.br/product/874507048/23697557885
4095,58211148085,882904544,https://shopee.com.br/product/882904544/58211148085
4096,41178698327,401986069,https://shopee.com.br/product/401986069/41178698327
4097,18875269025,944577712,https://shopee.com.br/product/944577712/18875269025
4098,23897986811,1243712796,https://shopee.com.br/product/1243712796/23897986811
4099,23097726500,451273707,https://shopee.com.br/product/451273707/23097726500
4100,58257431516,1083800536,https://shopee.com.br/product/1083800536/58257431516
4101,23992991054,1107280577,https://shopee.com.br/product/1107280577/23992991054
4102,21099368402,1235923910,https://shopee.com.br/product/1235923910/21099368402
4103,58208972600,1072763470,https://shopee.com.br/product/1072763470/58208972600
4104,18262598321,489001115,https://shopee.com.br/product/489001115/18262598321
4105,58263203562,306878488,https://shopee.com.br/product/306878488/58263203562
4106,18699560881,882904544,https://shopee.com.br/product/882904544/18699560881
4107,23735159083,653044811,https://shopee.com.br/product/653044811/23735159083
4108,23297752070,882904544,https://shopee.com.br/product/882904544/23297752070
4109,22094730845,375188138,https://shopee.com.br/product/375188138/22094730845
4110,23918087749,916172870,https://shopee.com.br/product/916172870/23918087749
4111,23796452901,296813643,https://shopee.com.br/product/296813643/23796452901
4112,58209749709,1083800536,https://shopee.com.br/product/1083800536/58209749709
4113,22797742679,375188138,https://shopee.com.br/product/375188138/22797742679
4114,20596947409,306878488,https://shopee.com.br/product/306878488/20596947409
4115,22697480695,1097902002,https://shopee.com.br/product/1097902002/22697480695
4116,20199846035,638399297,https://shopee.com.br/product/638399297/20199846035
4117,22698950412,882904544,https://shopee.com.br/product/882904544/22698950412
4118,22499568519,1372644554,https://shopee.com.br/product/1372644554/22499568519
4119,58255739311,882904544,https://shopee.com.br/product/882904544/58255739311
4120,22897641561,296813643,https://shopee.com.br/product/296813643/22897641561
4121,58210818083,1208859337,https://shopee.com.br/product/1208859337/58210818083
4122,22393405579,1226120317,https://shopee.com.br/product/1226120317/22393405579
4123,23599364598,1083800536,https://shopee.com.br/product/1083800536/23599364598
4124,20966203162,874507048,https://shopee.com.br/product/874507048/20966203162
4125,40675891033,1296760327,https://shopee.com.br/product/1296760327/40675891033
4126,41624807319,390327339,https://shopee.com.br/product/390327339/41624807319
4127,58261335391,1097902002,https://shopee.com.br/product/1097902002/58261335391
4128,58209782302,646888142,https://shopee.com.br/product/646888142/58209782302
4129,23998439435,1235923910,https://shopee.com.br/product/1235923910/23998439435
4130,22694871709,1082747237,https://shopee.com.br/product/1082747237/22694871709
4131,47700895266,390327339,https://shopee.com.br/product/390327339/47700895266
4132,19198150317,375188138,https://shopee.com.br/product/375188138/19198150317
4133,58253865756,522316174,https://shopee.com.br/product/522316174/58253865756
4134,23593061394,874507048,https://shopee.com.br/product/874507048/23593061394
4135,51009780056,601021305,https://shopee.com.br/product/601021305/51009780056
4136,58159576416,1246535200,https://shopee.com.br/product/1246535200/58159576416
4137,50805009322,1246535200,https://shopee.com.br/product/1246535200/50805009322
4138,58256404857,1083800536,https://shopee.com.br/product/1083800536/58256404857
4139,19597642823,272868574,https://shopee.com.br/product/272868574/19597642823
4140,22093537511,375188138,https://shopee.com.br/product/375188138/22093537511
4141,22898676742,1553092714,https://shopee.com.br/product/1553092714/22898676742
4142,23493395179,1226120317,https://shopee.com.br/product/1226120317/23493395179
4143,58250406340,1097902002,https://shopee.com.br/product/1097902002/58250406340
4144,22918510309,916172870,https://shopee.com.br/product/916172870/22918510309
4145,22193519482,489001115,https://shopee.com.br/product/489001115/22193519482
4146,8815739812,305108896,https://shopee.com.br/product/305108896/8815739812
4147,23793507503,1226120317,https://shopee.com.br/product/1226120317/23793507503
4148,22499016595,1552226494,https://shopee.com.br/product/1552226494/22499016595
4149,22797085242,375188138,https://shopee.com.br/product/375188138/22797085242
4150,43629032200,1371792496,https://shopee.com.br/product/1371792496/43629032200
4151,40430628675,1730265575,https://shopee.com.br/product/1730265575/40430628675
4152,18797740682,1235923910,https://shopee.com.br/product/1235923910/18797740682
4153,23594062083,1235923910,https://shopee.com.br/product/1235923910/23594062083
4154,22194260970,1033307532,https://shopee.com.br/product/1033307532/22194260970
4155,20299368520,1235923910,https://shopee.com.br/product/1235923910/20299368520
4156,23793881869,882904544,https://shopee.com.br/product/882904544/23793881869
4157,23197910887,1226120317,https://shopee.com.br/product/1226120317/23197910887
4158,22693807185,648928964,https://shopee.com.br/product/648928964/22693807185
4159,22694636315,1097902002,https://shopee.com.br/product/1097902002/22694636315
4160,47701263753,390327339,https://shopee.com.br/product/390327339/47701263753
4161,20198103633,1107280577,https://shopee.com.br/product/1107280577/20198103633
4162,21099257543,1220316212,https://shopee.com.br/product/1220316212/21099257543
4163,22098823194,653044811,https://shopee.com.br/product/653044811/22098823194
4164,18499557853,390327339,https://shopee.com.br/product/390327339/18499557853
4165,22497991794,757094384,https://shopee.com.br/product/757094384/22497991794
4166,20599231320,401986069,https://shopee.com.br/product/401986069/20599231320
4167,22197736354,378940206,https://shopee.com.br/product/378940206/22197736354
4168,58211758537,952014476,https://shopee.com.br/product/952014476/58211758537
4169,22998385961,758814499,https://shopee.com.br/product/758814499/22998385961
4170,23394018580,375188138,https://shopee.com.br/product/375188138/23394018580
4171,23997829875,451273707,https://shopee.com.br/product/451273707/23997829875
4172,23335173860,653044811,https://shopee.com.br/product/653044811/23335173860
4173,22796891128,682804575,https://shopee.com.br/product/682804575/22796891128
4174,20997804751,1235923910,https://shopee.com.br/product/1235923910/20997804751
4175,22597990428,412527932,https://shopee.com.br/product/412527932/22597990428
4176,23997069636,375188138,https://shopee.com.br/product/375188138/23997069636
4177,15294036917,648124788,https://shopee.com.br/product/648124788/15294036917
4178,23793883543,444869236,https://shopee.com.br/product/444869236/23793883543
4179,20197925191,1226120317,https://shopee.com.br/product/1226120317/20197925191
4180,20299492612,1226120317,https://shopee.com.br/product/1226120317/20299492612
4181,22394548367,1334294037,https://shopee.com.br/product/1334294037/22394548367
4182,6651705518,306878488,https://shopee.com.br/product/306878488/6651705518
4183,13411685163,296093764,https://shopee.com.br/product/296093764/13411685163
4184,23593086122,874507048,https://shopee.com.br/product/874507048/23593086122
4185,22998702286,648124788,https://shopee.com.br/product/648124788/22998702286
4186,21699575543,1235923910,https://shopee.com.br/product/1235923910/21699575543
4187,23898545218,1235923910,https://shopee.com.br/product/1235923910/23898545218
4188,19099369167,1235923910,https://shopee.com.br/product/1235923910/19099369167
4189,23397556058,408578430,https://shopee.com.br/product/408578430/23397556058
4190,18464233264,874507048,https://shopee.com.br/product/874507048/18464233264
4191,22897641556,296813643,https://shopee.com.br/product/296813643/22897641556
4192,50604310190,390327339,https://shopee.com.br/product/390327339/50604310190
4193,22698562149,375188138,https://shopee.com.br/product/375188138/22698562149
4194,23398679743,1107280577,https://shopee.com.br/product/1107280577/23398679743
4195,58209723176,1083800536,https://shopee.com.br/product/1083800536/58209723176
4196,58259794015,1072763470,https://shopee.com.br/product/1072763470/58259794015
4197,18799557778,1226120317,https://shopee.com.br/product/1226120317/18799557778
4198,49562389240,1107280577,https://shopee.com.br/product/1107280577/49562389240
4199,23193094198,874507048,https://shopee.com.br/product/874507048/23193094198
4200,21199378919,1246535200,https://shopee.com.br/product/1246535200/21199378919
4201,19999262168,1220316212,https://shopee.com.br/product/1220316212/19999262168
4202,23597494206,1107280577,https://shopee.com.br/product/1107280577/23597494206
4203,22595882239,916172870,https://shopee.com.br/product/916172870/22595882239
4204,21197977903,375188138,https://shopee.com.br/product/375188138/21197977903
4205,3476346926,296093764,https://shopee.com.br/product/296093764/3476346926
4206,8103902508,306698991,https://shopee.com.br/product/306698991/8103902508
4207,23598010371,1226120317,https://shopee.com.br/product/1226120317/23598010371
4208,19399585074,1316611304,https://shopee.com.br/product/1316611304/19399585074
4209,23099342735,1107280577,https://shopee.com.br/product/1107280577/23099342735
4210,19699259055,916172870,https://shopee.com.br/product/916172870/19699259055
4211,22593431984,680601528,https://shopee.com.br/product/680601528/22593431984
4212,18198034013,1329429906,https://shopee.com.br/product/1329429906/18198034013
4213,58200225975,1114000786,https://shopee.com.br/product/1114000786/58200225975
4214,58256289853,1083800536,https://shopee.com.br/product/1083800536/58256289853
4215,22718081465,916172870,https://shopee.com.br/product/916172870/22718081465
4216,23197615763,1226120317,https://shopee.com.br/product/1226120317/23197615763
4217,23297600767,1243712796,https://shopee.com.br/product/1243712796/23297600767
4218,26243424742,401986069,https://shopee.com.br/product/401986069/26243424742
4219,22697981758,882904544,https://shopee.com.br/product/882904544/22697981758
4220,23197615796,1226120317,https://shopee.com.br/product/1226120317/23197615796
4221,21599575544,1235923910,https://shopee.com.br/product/1235923910/21599575544
4222,23697457177,1097902002,https://shopee.com.br/product/1097902002/23697457177
4223,21055471178,522316174,https://shopee.com.br/product/522316174/21055471178
4224,22897563988,916172870,https://shopee.com.br/product/916172870/22897563988
4225,23493091494,1107280577,https://shopee.com.br/product/1107280577/23493091494
4226,18198506768,944577712,https://shopee.com.br/product/944577712/18198506768
4227,23893601281,1553092714,https://shopee.com.br/product/1553092714/23893601281
4228,22293717531,375188138,https://shopee.com.br/product/375188138/22293717531
4229,17993193769,306878488,https://shopee.com.br/product/306878488/17993193769
4230,58209367933,1707832186,https://shopee.com.br/product/1707832186/58209367933
4231,44550350528,572649927,https://shopee.com.br/product/572649927/44550350528
4232,23398791763,1344250083,https://shopee.com.br/product/1344250083/23398791763
4233,58256414382,1083800536,https://shopee.com.br/product/1083800536/58256414382
4234,20651694845,401986069,https://shopee.com.br/product/401986069/20651694845
4235,22897641547,296813643,https://shopee.com.br/product/296813643/22897641547
4236,23593530705,1107280577,https://shopee.com.br/product/1107280577/23593530705
4237,22394403116,882904544,https://shopee.com.br/product/882904544/22394403116
4238,23598167031,1246535200,https://shopee.com.br/product/1246535200/23598167031
4239,22918510300,916172870,https://shopee.com.br/product/916172870/22918510300
4240,23897822917,1235923910,https://shopee.com.br/product/1235923910/23897822917
4241,51767240916,335160199,https://shopee.com.br/product/335160199/51767240916
4242,23892523287,296813643,https://shopee.com.br/product/296813643/23892523287
4243,23198339249,1107280577,https://shopee.com.br/product/1107280577/23198339249
4244,58261872053,789777799,https://shopee.com.br/product/789777799/58261872053
4245,23598010404,1226120317,https://shopee.com.br/product/1226120317/23598010404
4246,23392985730,1107280577,https://shopee.com.br/product/1107280577/23392985730
4247,22992568148,375188138,https://shopee.com.br/product/375188138/22992568148
4248,23693247723,1316611304,https://shopee.com.br/product/1316611304/23693247723
4249,58258830635,1097902002,https://shopee.com.br/product/1097902002/58258830635
4250,22498720834,1561901020,https://shopee.com.br/product/1561901020/22498720834
4251,22793118542,1226120317,https://shopee.com.br/product/1226120317/22793118542
4252,22598067464,1226120317,https://shopee.com.br/product/1226120317/22598067464
4253,23433534685,378940206,https://shopee.com.br/product/378940206/23433534685
4254,47755138204,390327339,https://shopee.com.br/product/390327339/47755138204
4255,23898545259,1235923910,https://shopee.com.br/product/1235923910/23898545259
4256,22293279209,1226120317,https://shopee.com.br/product/1226120317/22293279209
4257,22691058247,309237167,https://shopee.com.br/product/309237167/22691058247
4258,58259554572,1316611304,https://shopee.com.br/product/1316611304/58259554572
4259,23693247724,1316611304,https://shopee.com.br/product/1316611304/23693247724
4260,23893077559,1344250083,https://shopee.com.br/product/1344250083/23893077559
4261,21999263112,916172870,https://shopee.com.br/product/916172870/21999263112
4262,19397608812,1097902002,https://shopee.com.br/product/1097902002/19397608812
4263,20572692095,378940206,https://shopee.com.br/product/378940206/20572692095
4264,58250865545,1107280577,https://shopee.com.br/product/1107280577/58250865545
4265,58259554560,1316611304,https://shopee.com.br/product/1316611304/58259554560
4266,22194418839,1235923910,https://shopee.com.br/product/1235923910/22194418839
4267,22297556632,1220316212,https://shopee.com.br/product/1220316212/22297556632
4268,22295722644,306878488,https://shopee.com.br/product/306878488/22295722644
4269,18298061865,805449066,https://shopee.com.br/product/805449066/18298061865
4270,21864228900,874507048,https://shopee.com.br/product/874507048/21864228900
4271,23299392594,375188138,https://shopee.com.br/product/375188138/23299392594
4272,22792573532,375188138,https://shopee.com.br/product/375188138/22792573532
4273,18999550944,1235923910,https://shopee.com.br/product/1235923910/18999550944
4274,22293712495,874507048,https://shopee.com.br/product/874507048/22293712495
4275,22896756266,408128510,https://shopee.com.br/product/408128510/22896756266
4276,23793086025,874507048,https://shopee.com.br/product/874507048/23793086025
4277,21599258190,916172870,https://shopee.com.br/product/916172870/21599258190
4278,23098665993,378940206,https://shopee.com.br/product/378940206/23098665993
4279,22598731278,1561901020,https://shopee.com.br/product/1561901020/22598731278
4280,23493108492,1243712796,https://shopee.com.br/product/1243712796/23493108492
4281,17790455766,889942432,https://shopee.com.br/product/889942432/17790455766
4282,21897410379,406699478,https://shopee.com.br/product/406699478/21897410379
4283,22393511868,1235923910,https://shopee.com.br/product/1235923910/22393511868
4284,22593707981,375188138,https://shopee.com.br/product/375188138/22593707981
4285,23697476884,378940206,https://shopee.com.br/product/378940206/23697476884
4286,18698053385,401986069,https://shopee.com.br/product/401986069/18698053385
4287,22298885559,451273707,https://shopee.com.br/product/451273707/22298885559
4288,21699368429,1235923910,https://shopee.com.br/product/1235923910/21699368429
4289,23998906422,1316611304,https://shopee.com.br/product/1316611304/23998906422
4290,19299554085,1396162916,https://shopee.com.br/product/1396162916/19299554085
4291,22693657854,789777799,https://shopee.com.br/product/789777799/22693657854
4292,22393517758,882904544,https://shopee.com.br/product/882904544/22393517758
4293,18499555314,882904544,https://shopee.com.br/product/882904544/18499555314
4294,22094703146,1242218284,https://shopee.com.br/product/1242218284/22094703146
4295,18455439758,648124788,https://shopee.com.br/product/648124788/18455439758
4296,58251684500,1617519379,https://shopee.com.br/product/1617519379/58251684500
4297,20999228547,1107280577,https://shopee.com.br/product/1107280577/20999228547
4298,20461904884,687950391,https://shopee.com.br/product/687950391/20461904884
4299,23897771867,1243712796,https://shopee.com.br/product/1243712796/23897771867
4300,18799557785,1226120317,https://shopee.com.br/product/1226120317/18799557785
4301,22199160733,1229255557,https://shopee.com.br/product/1229255557/22199160733
4302,28794677918,1246535200,https://shopee.com.br/product/1246535200/28794677918
4303,23199169319,1372644554,https://shopee.com.br/product/1372644554/23199169319
4304,22197751729,390327339,https://shopee.com.br/product/390327339/22197751729
4305,23300758306,648124788,https://shopee.com.br/product/648124788/23300758306
4306,23997069596,375188138,https://shopee.com.br/product/375188138/23997069596
4307,22393849750,638399297,https://shopee.com.br/product/638399297/22393849750
4308,12637643680,306878488,https://shopee.com.br/product/306878488/12637643680
4309,49550564227,347781606,https://shopee.com.br/product/347781606/49550564227
4310,19797731930,296813643,https://shopee.com.br/product/296813643/19797731930
4311,16090713979,889942432,https://shopee.com.br/product/889942432/16090713979
4312,22693511614,1344250083,https://shopee.com.br/product/1344250083/22693511614
4313,21099318311,1107280577,https://shopee.com.br/product/1107280577/21099318311
4314,23598010366,1226120317,https://shopee.com.br/product/1226120317/23598010366
4315,22498661717,1329429906,https://shopee.com.br/product/1329429906/22498661717
4316,21799377597,882904544,https://shopee.com.br/product/882904544/21799377597
4317,23299358333,1033307532,https://shopee.com.br/product/1033307532/23299358333
4318,18658490835,648124788,https://shopee.com.br/product/648124788/18658490835
4319,53603461483,401986069,https://shopee.com.br/product/401986069/53603461483
4320,22595882234,916172870,https://shopee.com.br/product/916172870/22595882234
4321,22893262351,1235923910,https://shopee.com.br/product/1235923910/22893262351
4322,23893362369,357239640,https://shopee.com.br/product/357239640/23893362369
4323,20725162107,357239640,https://shopee.com.br/product/357239640/20725162107
4324,21897974774,412527932,https://shopee.com.br/product/412527932/21897974774
4325,45556082495,401986069,https://shopee.com.br/product/401986069/45556082495
4326,20399367553,1060724397,https://shopee.com.br/product/1060724397/20399367553
4327,58259545952,1344250083,https://shopee.com.br/product/1344250083/58259545952
4328,22798152955,1316611304,https://shopee.com.br/product/1316611304/22798152955
4329,23394182004,1072763470,https://shopee.com.br/product/1072763470/23394182004
4330,14913822867,306878488,https://shopee.com.br/product/306878488/14913822867
4331,23091706782,296093764,https://shopee.com.br/product/296093764/23091706782
4332,58209361368,1423420147,https://shopee.com.br/product/1423420147/58209361368
4333,23294657249,1617519379,https://shopee.com.br/product/1617519379/23294657249
4334,58255879655,1226120317,https://shopee.com.br/product/1226120317/58255879655
4335,42328834588,390327339,https://shopee.com.br/product/390327339/42328834588
4336,50913516078,375188138,https://shopee.com.br/product/375188138/50913516078
4337,14818280101,306878488,https://shopee.com.br/product/306878488/14818280101
4338,22797727303,1235923910,https://shopee.com.br/product/1235923910/22797727303
4339,21999324455,272868574,https://shopee.com.br/product/272868574/21999324455
4340,58256648763,1190424233,https://shopee.com.br/product/1190424233/58256648763
4341,20499382417,451273707,https://shopee.com.br/product/451273707/20499382417
4342,19326240817,408128510,https://shopee.com.br/product/408128510/19326240817
4343,19899841080,653044811,https://shopee.com.br/product/653044811/19899841080
4344,58255432990,1500637302,https://shopee.com.br/product/1500637302/58255432990
4345,58215746519,952014476,https://shopee.com.br/product/952014476/58215746519
4346,18976915877,401986069,https://shopee.com.br/product/401986069/18976915877
4347,58255739300,882904544,https://shopee.com.br/product/882904544/58255739300
4348,18697748329,1107280577,https://shopee.com.br/product/1107280577/18697748329
4349,19999245009,1107280577,https://shopee.com.br/product/1107280577/19999245009
4350,22393868187,1107280577,https://shopee.com.br/product/1107280577/22393868187
4351,20697660223,1107280577,https://shopee.com.br/product/1107280577/20697660223
4352,23493063186,1107280577,https://shopee.com.br/product/1107280577/23493063186
4353,23398745401,1473114980,https://shopee.com.br/product/1473114980/23398745401
4354,22697763514,1316611304,https://shopee.com.br/product/1316611304/22697763514
4355,20698517292,952014476,https://shopee.com.br/product/952014476/20698517292
4356,21998034810,648928964,https://shopee.com.br/product/648928964/21998034810
4357,22997080325,375188138,https://shopee.com.br/product/375188138/22997080325
4358,23597644839,1220316212,https://shopee.com.br/product/1220316212/23597644839
4359,18799785057,375188138,https://shopee.com.br/product/375188138/18799785057
4360,58256871029,1630032069,https://shopee.com.br/product/1630032069/58256871029
4361,23792678662,296813643,https://shopee.com.br/product/296813643/23792678662
4362,23294042628,1107280577,https://shopee.com.br/product/1107280577/23294042628
4363,58255719035,1082747237,https://shopee.com.br/product/1082747237/58255719035
4364,22735431528,378940206,https://shopee.com.br/product/378940206/22735431528
4365,23293890336,1226105437,https://shopee.com.br/product/1226105437/23293890336
4366,23997759225,1226120317,https://shopee.com.br/product/1226120317/23997759225
4367,23496696156,408128510,https://shopee.com.br/product/408128510/23496696156
4368,58257162537,653044811,https://shopee.com.br/product/653044811/58257162537
4369,22597568646,916172870,https://shopee.com.br/product/916172870/22597568646
4370,22394403103,882904544,https://shopee.com.br/product/882904544/22394403103
4371,22593505712,882904544,https://shopee.com.br/product/882904544/22593505712
4372,58251955828,316070154,https://shopee.com.br/product/316070154/58251955828
4373,58264022556,952014476,https://shopee.com.br/product/952014476/58264022556
4374,23997489855,1033307532,https://shopee.com.br/product/1033307532/23997489855
4375,21597972873,1226120317,https://shopee.com.br/product/1226120317/21597972873
4376,22394669408,1583442620,https://shopee.com.br/product/1583442620/22394669408
4377,53855020394,1246535200,https://shopee.com.br/product/1246535200/53855020394
4378,22298576339,1235923910,https://shopee.com.br/product/1235923910/22298576339
4379,23294055304,1235923910,https://shopee.com.br/product/1235923910/23294055304
4380,23898650131,375188138,https://shopee.com.br/product/375188138/23898650131
4381,22994058880,375188138,https://shopee.com.br/product/375188138/22994058880
4382,20299075582,1060724397,https://shopee.com.br/product/1060724397/20299075582
4383,22898098855,378940206,https://shopee.com.br/product/378940206/22898098855
4384,23898181046,874507048,https://shopee.com.br/product/874507048/23898181046
4385,22294823939,1344250083,https://shopee.com.br/product/1344250083/22294823939
4386,22893067728,916172870,https://shopee.com.br/product/916172870/22893067728
4387,16590231725,874507048,https://shopee.com.br/product/874507048/16590231725
4388,22193510669,882904544,https://shopee.com.br/product/882904544/22193510669
4389,20799377686,882904544,https://shopee.com.br/product/882904544/20799377686
4390,22894373307,406699478,https://shopee.com.br/product/406699478/22894373307
4391,6484243759,312703265,https://shopee.com.br/product/312703265/6484243759
4392,20999244312,1107280577,https://shopee.com.br/product/1107280577/20999244312
4393,22006958551,874507048,https://shopee.com.br/product/874507048/22006958551
4394,22206958519,874507048,https://shopee.com.br/product/874507048/22206958519
4395,22293712501,874507048,https://shopee.com.br/product/874507048/22293712501
4396,19399592210,1316611304,https://shopee.com.br/product/1316611304/19399592210
4397,23898847684,406699478,https://shopee.com.br/product/406699478/23898847684
4398,19199562876,1329429906,https://shopee.com.br/product/1329429906/19199562876
4399,13558887150,306878488,https://shopee.com.br/product/306878488/13558887150
4400,22993486877,882904544,https://shopee.com.br/product/882904544/22993486877
4401,19497973086,1243712796,https://shopee.com.br/product/1243712796/19497973086
4402,58206416491,1083800536,https://shopee.com.br/product/1083800536/58206416491
4403,21597869357,1226120317,https://shopee.com.br/product/1226120317/21597869357
4404,20699377714,882904544,https://shopee.com.br/product/882904544/20699377714
4405,18664233414,874507048,https://shopee.com.br/product/874507048/18664233414
4406,57456741422,1246535200,https://shopee.com.br/product/1246535200/57456741422
4407,23492968338,952014476,https://shopee.com.br/product/952014476/23492968338
4408,22793607472,378940206,https://shopee.com.br/product/378940206/22793607472
4409,23798642253,1473114980,https://shopee.com.br/product/1473114980/23798642253
4410,23092637812,296093764,https://shopee.com.br/product/296093764/23092637812
4411,22697767453,1226120317,https://shopee.com.br/product/1226120317/22697767453
4412,18799784821,1500637302,https://shopee.com.br/product/1500637302/18799784821
4413,23897827963,1235923910,https://shopee.com.br/product/1235923910/23897827963
4414,20397499826,296813643,https://shopee.com.br/product/296813643/20397499826
4415,23694062207,1235923910,https://shopee.com.br/product/1235923910/23694062207
4416,21498036589,378940206,https://shopee.com.br/product/378940206/21498036589
4417,20697975021,412527932,https://shopee.com.br/product/412527932/20697975021
4418,20297680583,1107280577,https://shopee.com.br/product/1107280577/20297680583
4419,20997655229,1107280577,https://shopee.com.br/product/1107280577/20997655229
4420,23193063595,1107280577,https://shopee.com.br/product/1107280577/23193063595
4421,23094455714,1583442620,https://shopee.com.br/product/1583442620/23094455714
4422,20665478971,874507048,https://shopee.com.br/product/874507048/20665478971
4423,22094262430,1561901020,https://shopee.com.br/product/1561901020/22094262430
4424,22597722096,1328711923,https://shopee.com.br/product/1328711923/22597722096
4425,11677764538,306878488,https://shopee.com.br/product/306878488/11677764538
4426,20198105508,406699478,https://shopee.com.br/product/406699478/20198105508
4427,23593936526,1464080774,https://shopee.com.br/product/1464080774/23593936526
4428,58259554563,1316611304,https://shopee.com.br/product/1316611304/58259554563
4429,23694062206,1235923910,https://shopee.com.br/product/1235923910/23694062206
4430,22698249738,390327339,https://shopee.com.br/product/390327339/22698249738
4431,20199903989,1226120317,https://shopee.com.br/product/1226120317/20199903989
4432,58250275648,1583442620,https://shopee.com.br/product/1583442620/58250275648
4433,23794178268,1097902002,https://shopee.com.br/product/1097902002/23794178268
4434,23794298860,316869228,https://shopee.com.br/product/316869228/23794298860
4435,22898143024,1235923910,https://shopee.com.br/product/1235923910/22898143024
4436,20399442774,1246535200,https://shopee.com.br/product/1246535200/20399442774
4437,23098564643,375188138,https://shopee.com.br/product/375188138/23098564643
4438,23494757554,375188138,https://shopee.com.br/product/375188138/23494757554
4439,40870776553,401986069,https://shopee.com.br/product/401986069/40870776553
4440,20796988646,730226632,https://shopee.com.br/product/730226632/20796988646
4441,18799312798,1235923910,https://shopee.com.br/product/1235923910/18799312798
4442,23694062090,1235923910,https://shopee.com.br/product/1235923910/23694062090
4443,23498775710,1235923910,https://shopee.com.br/product/1235923910/23498775710
4444,23494058416,1235923910,https://shopee.com.br/product/1235923910/23494058416
4445,22098477637,1235923910,https://shopee.com.br/product/1235923910/22098477637
4446,19799649781,1107280577,https://shopee.com.br/product/1107280577/19799649781
4447,22099013239,986003177,https://shopee.com.br/product/986003177/22099013239
4448,23298015448,1226120317,https://shopee.com.br/product/1226120317/23298015448
4449,21499899154,1630032069,https://shopee.com.br/product/1630032069/21499899154
4450,23492500945,306878488,https://shopee.com.br/product/306878488/23492500945
4451,23997824304,682804575,https://shopee.com.br/product/682804575/23997824304
4452,7353849924,306878488,https://shopee.com.br/product/306878488/7353849924
4453,21099377598,882904544,https://shopee.com.br/product/882904544/21099377598
4454,23497331782,356143297,https://shopee.com.br/product/356143297/23497331782
4455,23393255313,882904544,https://shopee.com.br/product/882904544/23393255313
4456,23597070237,902146556,https://shopee.com.br/product/902146556/23597070237
4457,21399033369,758814499,https://shopee.com.br/product/758814499/21399033369
4458,22097621015,1226120317,https://shopee.com.br/product/1226120317/22097621015
4459,23293087969,1107280577,https://shopee.com.br/product/1107280577/23293087969
4460,20999368472,1235923910,https://shopee.com.br/product/1235923910/20999368472
4461,22898098847,378940206,https://shopee.com.br/product/378940206/22898098847
4462,23898288663,395742608,https://shopee.com.br/product/395742608/23898288663
4463,22193675144,1316611304,https://shopee.com.br/product/1316611304/22193675144
4464,22794790080,1541406826,https://shopee.com.br/product/1541406826/22794790080
4465,22293712510,874507048,https://shopee.com.br/product/874507048/22293712510
4466,23197064729,375188138,https://shopee.com.br/product/375188138/23197064729
4467,22897564004,916172870,https://shopee.com.br/product/916172870/22897564004
4468,21799575569,1235923910,https://shopee.com.br/product/1235923910/21799575569
4469,22797984209,882904544,https://shopee.com.br/product/882904544/22797984209
4470,21099377618,882904544,https://shopee.com.br/product/882904544/21099377618
4471,23294418417,306878488,https://shopee.com.br/product/306878488/23294418417
4472,22898443569,653044811,https://shopee.com.br/product/653044811/22898443569
4473,27581775381,1246535200,https://shopee.com.br/product/1246535200/27581775381
4474,22293533123,882904544,https://shopee.com.br/product/882904544/22293533123
4475,21799889549,1485004225,https://shopee.com.br/product/1485004225/21799889549
4476,19664233445,874507048,https://shopee.com.br/product/874507048/19664233445
4477,51905629224,310274254,https://shopee.com.br/product/310274254/51905629224
4478,23893507076,1235923910,https://shopee.com.br/product/1235923910/23893507076
4479,43667149728,604489889,https://shopee.com.br/product/604489889/43667149728
4480,22398014238,882904544,https://shopee.com.br/product/882904544/22398014238
4481,21497455332,375188138,https://shopee.com.br/product/375188138/21497455332
4482,23594544090,404743073,https://shopee.com.br/product/404743073/23594544090
4483,21699607653,451273707,https://shopee.com.br/product/451273707/21699607653
4484,23998545235,1235923910,https://shopee.com.br/product/1235923910/23998545235
4485,22097504543,1033307532,https://shopee.com.br/product/1033307532/22097504543
4486,23593086129,874507048,https://shopee.com.br/product/874507048/23593086129
4487,22098454242,789777799,https://shopee.com.br/product/789777799/22098454242
4488,22694032583,1242218284,https://shopee.com.br/product/1242218284/22694032583
4489,23493690692,805449066,https://shopee.com.br/product/805449066/23493690692
4490,58259554578,1316611304,https://shopee.com.br/product/1316611304/58259554578
4491,21397660117,1107280577,https://shopee.com.br/product/1107280577/21397660117
4492,21197744926,1107280577,https://shopee.com.br/product/1107280577/21197744926
4493,23198740751,402450553,https://shopee.com.br/product/402450553/23198740751
4494,22994708561,1316611304,https://shopee.com.br/product/1316611304/22994708561
4495,22598725474,1097902002,https://shopee.com.br/product/1097902002/22598725474
4496,19499547210,882904544,https://shopee.com.br/product/882904544/19499547210
4497,22496502920,944577712,https://shopee.com.br/product/944577712/22496502920
4498,23098123442,805449066,https://shopee.com.br/product/805449066/23098123442
4499,58251866351,1329429906,https://shopee.com.br/product/1329429906/58251866351
4500,23694945952,1083800536,https://shopee.com.br/product/1083800536/23694945952
4501,53300544513,347781606,https://shopee.com.br/product/347781606/53300544513
4502,22699453017,306878488,https://shopee.com.br/product/306878488/22699453017
4503,23898000603,1226120317,https://shopee.com.br/product/1226120317/23898000603
4504,21998139494,789777799,https://shopee.com.br/product/789777799/21998139494
4505,3553731807,306878488,https://shopee.com.br/product/306878488/3553731807
4506,23699296170,952014476,https://shopee.com.br/product/952014476/23699296170
4507,22394340856,638399297,https://shopee.com.br/product/638399297/22394340856
4508,22193720047,357239640,https://shopee.com.br/product/357239640/22193720047
4509,22798168596,347781606,https://shopee.com.br/product/347781606/22798168596
4510,22298557412,1235923910,https://shopee.com.br/product/1235923910/22298557412
4511,23899141434,1583442620,https://shopee.com.br/product/1583442620/23899141434
4512,22809553515,874507048,https://shopee.com.br/product/874507048/22809553515
4513,22697981777,882904544,https://shopee.com.br/product/882904544/22697981777
4514,23594944594,1344250083,https://shopee.com.br/product/1344250083/23594944594
4515,23197615811,1226120317,https://shopee.com.br/product/1226120317/23197615811
4516,23698787852,1473114980,https://shopee.com.br/product/1473114980/23698787852
4517,57713937839,402598512,https://shopee.com.br/product/402598512/57713937839
4518,20197636327,272868574,https://shopee.com.br/product/272868574/20197636327
4519,22197917206,1226120317,https://shopee.com.br/product/1226120317/22197917206
4520,23999438462,306878488,https://shopee.com.br/product/306878488/23999438462
4521,23594063607,375188138,https://shopee.com.br/product/375188138/23594063607
4522,23297113520,375188138,https://shopee.com.br/product/375188138/23297113520
4523,20217790156,789777799,https://shopee.com.br/product/789777799/20217790156
4524,23998439427,1235923910,https://shopee.com.br/product/1235923910/23998439427
4525,22098161834,1235923910,https://shopee.com.br/product/1235923910/22098161834
4526,22997541357,1220316212,https://shopee.com.br/product/1220316212/22997541357
4527,22497722055,1328711923,https://shopee.com.br/product/1328711923/22497722055
4528,22891381166,916172870,https://shopee.com.br/product/916172870/22891381166
4529,22093123346,1226120317,https://shopee.com.br/product/1226120317/22093123346
4530,23702552844,757094384,https://shopee.com.br/product/757094384/23702552844
4531,23293518748,1226120317,https://shopee.com.br/product/1226120317/23293518748
4532,23498689709,1107280577,https://shopee.com.br/product/1107280577/23498689709
4533,23698724213,1396162916,https://shopee.com.br/product/1396162916/23698724213
4534,20097870212,451273707,https://shopee.com.br/product/451273707/20097870212
4535,21698023143,451273707,https://shopee.com.br/product/451273707/21698023143
4536,10278156112,306878488,https://shopee.com.br/product/306878488/10278156112
4537,23397617112,406699478,https://shopee.com.br/product/406699478/23397617112
4538,22698684346,1553092714,https://shopee.com.br/product/1553092714/22698684346
4539,23897759206,1226120317,https://shopee.com.br/product/1226120317/23897759206
4540,21964228759,874507048,https://shopee.com.br/product/874507048/21964228759
4541,58264776384,1423420147,https://shopee.com.br/product/1423420147/58264776384
4542,22298535080,882904544,https://shopee.com.br/product/882904544/22298535080
4543,22499386836,1083800536,https://shopee.com.br/product/1083800536/22499386836
4544,58261138152,1334294037,https://shopee.com.br/product/1334294037/58261138152
4545,22498706852,648124788,https://shopee.com.br/product/648124788/22498706852
4546,20297097634,312703265,https://shopee.com.br/product/312703265/20297097634
4547,23198847147,1107280577,https://shopee.com.br/product/1107280577/23198847147
4548,22393511854,1235923910,https://shopee.com.br/product/1235923910/22393511854
4549,20897979089,1235923910,https://shopee.com.br/product/1235923910/20897979089
4550,58214436341,719930213,https://shopee.com.br/product/719930213/58214436341
4551,21599028667,375188138,https://shopee.com.br/product/375188138/21599028667
4552,22792568733,375188138,https://shopee.com.br/product/375188138/22792568733
4553,58258581801,316869228,https://shopee.com.br/product/316869228/58258581801
4554,23297487739,1107280577,https://shopee.com.br/product/1107280577/23297487739
4555,8308230403,306878488,https://shopee.com.br/product/306878488/8308230403
4556,23593857523,316070154,https://shopee.com.br/product/316070154/23593857523
4557,44863370561,791969908,https://shopee.com.br/product/791969908/44863370561
4558,43111921301,1371792496,https://shopee.com.br/product/1371792496/43111921301
4559,22598428768,306878488,https://shopee.com.br/product/306878488/22598428768
4560,23693512441,375188138,https://shopee.com.br/product/375188138/23693512441
4561,46001268572,1296760327,https://shopee.com.br/product/1296760327/46001268572
4562,41207660274,1328711923,https://shopee.com.br/product/1328711923/41207660274
4563,58212086089,316070154,https://shopee.com.br/product/316070154/58212086089
4564,3976492500,296093764,https://shopee.com.br/product/296093764/3976492500
4565,23797605313,1243712796,https://shopee.com.br/product/1243712796/23797605313
4566,23293646260,1235923910,https://shopee.com.br/product/1235923910/23293646260
4567,21597455330,375188138,https://shopee.com.br/product/375188138/21597455330
4568,23398791754,1344250083,https://shopee.com.br/product/1344250083/23398791754
4569,21499258211,916172870,https://shopee.com.br/product/916172870/21499258211
4570,23198000781,757094384,https://shopee.com.br/product/757094384/23198000781
4571,23497918782,680601528,https://shopee.com.br/product/680601528/23497918782
4572,23596167959,296093764,https://shopee.com.br/product/296093764/23596167959
4573,17491376954,874507048,https://shopee.com.br/product/874507048/17491376954
4574,18798297274,1097902002,https://shopee.com.br/product/1097902002/18798297274
4575,20098531847,306878488,https://shopee.com.br/product/306878488/20098531847
4576,23498338123,401986069,https://shopee.com.br/product/401986069/23498338123
4577,56359571823,1246535200,https://shopee.com.br/product/1246535200/56359571823
4578,22694910608,306878488,https://shopee.com.br/product/306878488/22694910608
4579,23793086061,874507048,https://shopee.com.br/product/874507048/23793086061
4580,23493411455,1226120317,https://shopee.com.br/product/1226120317/23493411455
4581,22794291157,1344250083,https://shopee.com.br/product/1344250083/22794291157
4582,22393896327,375188138,https://shopee.com.br/product/375188138/22393896327
4583,22597089831,375188138,https://shopee.com.br/product/375188138/22597089831
4584,19465086415,874507048,https://shopee.com.br/product/874507048/19465086415
4585,22499167945,1617519379,https://shopee.com.br/product/1617519379/22499167945
4586,58203776342,1235923910,https://shopee.com.br/product/1235923910/58203776342
4587,23893730054,1235923910,https://shopee.com.br/product/1235923910/23893730054
4588,23998545144,1235923910,https://shopee.com.br/product/1235923910/23998545144
4589,22006958663,874507048,https://shopee.com.br/product/874507048/22006958663
4590,22895742273,306878488,https://shopee.com.br/product/306878488/22895742273
4591,46406460956,791969908,https://shopee.com.br/product/791969908/46406460956
4592,23898000537,1226120317,https://shopee.com.br/product/1226120317/23898000537
4593,23292637728,296093764,https://shopee.com.br/product/296093764/23292637728
4594,22893063598,1107280577,https://shopee.com.br/product/1107280577/22893063598
4595,21599253374,1107280577,https://shopee.com.br/product/1107280577/21599253374
4596,20799569168,427283392,https://shopee.com.br/product/427283392/20799569168
4597,20599377672,882904544,https://shopee.com.br/product/882904544/20599377672
4598,23693627619,1060724397,https://shopee.com.br/product/1060724397/23693627619
4599,23397753000,1235923910,https://shopee.com.br/product/1235923910/23397753000
4600,21699850674,406699478,https://shopee.com.br/product/406699478/21699850674
4601,22593071943,916172870,https://shopee.com.br/product/916172870/22593071943
4602,22696172460,296093764,https://shopee.com.br/product/296093764/22696172460
4603,23407872387,889942432,https://shopee.com.br/product/889942432/23407872387
4604,21098187048,1235923910,https://shopee.com.br/product/1235923910/21098187048
4605,18797871971,1235923910,https://shopee.com.br/product/1235923910/18797871971
4606,58206300949,1083800536,https://shopee.com.br/product/1083800536/58206300949
4607,18897927056,646888142,https://shopee.com.br/product/646888142/18897927056
4608,22393517671,882904544,https://shopee.com.br/product/882904544/22393517671
4609,22594073248,1372644554,https://shopee.com.br/product/1372644554/22594073248
4610,23393087547,1107280577,https://shopee.com.br/product/1107280577/23393087547
4611,22293279183,1226120317,https://shopee.com.br/product/1226120317/22293279183
4612,22197624554,1226120317,https://shopee.com.br/product/1226120317/22197624554
4613,20997804736,1235923910,https://shopee.com.br/product/1235923910/20997804736
4614,27389492587,401986069,https://shopee.com.br/product/401986069/27389492587
4615,23494247923,1033307532,https://shopee.com.br/product/1033307532/23494247923
4616,23497069755,375188138,https://shopee.com.br/product/375188138/23497069755
4617,53400315068,572649927,https://shopee.com.br/product/572649927/53400315068
4618,23997970950,444869236,https://shopee.com.br/product/444869236/23997970950
4619,23892929959,1235923910,https://shopee.com.br/product/1235923910/23892929959
4620,23593970291,444869236,https://shopee.com.br/product/444869236/23593970291
4621,21599254654,1146529360,https://shopee.com.br/product/1146529360/21599254654
4622,23729036820,653044811,https://shopee.com.br/product/653044811/23729036820
4623,22498021575,1226120317,https://shopee.com.br/product/1226120317/22498021575
4624,19599234304,1107280577,https://shopee.com.br/product/1107280577/19599234304
4625,23393404786,1107280577,https://shopee.com.br/product/1107280577/23393404786
4626,23199449673,646888142,https://shopee.com.br/product/646888142/23199449673
4627,23298563727,375188138,https://shopee.com.br/product/375188138/23298563727
4628,23398167155,1246535200,https://shopee.com.br/product/1246535200/23398167155
4629,22894219574,1561901020,https://shopee.com.br/product/1561901020/22894219574
4630,23793800767,1366041969,https://shopee.com.br/product/1366041969/23793800767
4631,21697761104,674110767,https://shopee.com.br/product/674110767/21697761104
4632,22897563992,916172870,https://shopee.com.br/product/916172870/22897563992
4633,21499204408,380456261,https://shopee.com.br/product/380456261/21499204408
4634,18697983055,1396162916,https://shopee.com.br/product/1396162916/18697983055
4635,18398297550,1553092714,https://shopee.com.br/product/1553092714/18398297550
4636,21499575561,1235923910,https://shopee.com.br/product/1235923910/21499575561
4637,23397445793,272868574,https://shopee.com.br/product/272868574/23397445793
4638,22694539632,1473114980,https://shopee.com.br/product/1473114980/22694539632
4639,20797231595,944577712,https://shopee.com.br/product/944577712/20797231595
4640,23898273647,395742608,https://shopee.com.br/product/395742608/23898273647
4641,20599862041,789777799,https://shopee.com.br/product/789777799/20599862041
4642,23993956691,391672269,https://shopee.com.br/product/391672269/23993956691
4643,21999263109,916172870,https://shopee.com.br/product/916172870/21999263109
4644,58207427592,1083800536,https://shopee.com.br/product/1083800536/58207427592
4645,58250627840,1473114980,https://shopee.com.br/product/1473114980/58250627840
4646,20299037108,1107280577,https://shopee.com.br/product/1107280577/20299037108
4647,22394855156,375188138,https://shopee.com.br/product/375188138/22394855156
4648,19598278590,1473114980,https://shopee.com.br/product/1473114980/19598278590
4649,23993503803,1226120317,https://shopee.com.br/product/1226120317/23993503803
4650,9367764620,401986069,https://shopee.com.br/product/401986069/9367764620
4651,23698948673,1235923910,https://shopee.com.br/product/1235923910/23698948673
4652,23298659687,1243712796,https://shopee.com.br/product/1243712796/23298659687
4653,22595882273,916172870,https://shopee.com.br/product/916172870/22595882273
4654,22893067714,916172870,https://shopee.com.br/product/916172870/22893067714
4655,23893686684,1235923910,https://shopee.com.br/product/1235923910/23893686684
4656,21199318294,1107280577,https://shopee.com.br/product/1107280577/21199318294
4657,22293002278,1107280577,https://shopee.com.br/product/1107280577/22293002278
4658,22997064704,375188138,https://shopee.com.br/product/375188138/22997064704
4659,52311116544,902146556,https://shopee.com.br/product/902146556/52311116544
4660,19597411822,952014476,https://shopee.com.br/product/952014476/19597411822
4661,22096458691,296813643,https://shopee.com.br/product/296813643/22096458691
4662,23393686749,785818771,https://shopee.com.br/product/785818771/23393686749
4663,22392027357,296093764,https://shopee.com.br/product/296093764/22392027357
4664,23797146311,682804575,https://shopee.com.br/product/682804575/23797146311
4665,22391821824,296093764,https://shopee.com.br/product/296093764/22391821824
4666,23993061238,874507048,https://shopee.com.br/product/874507048/23993061238
4667,15394036372,648124788,https://shopee.com.br/product/648124788/15394036372
4668,22993427395,680601528,https://shopee.com.br/product/680601528/22993427395
4669,22698686249,1553092714,https://shopee.com.br/product/1553092714/22698686249
4670,23997549886,375188138,https://shopee.com.br/product/375188138/23997549886
4671,21197655083,1107280577,https://shopee.com.br/product/1107280577/21197655083
4672,22992033122,653044811,https://shopee.com.br/product/653044811/22992033122
4673,22697721058,1235923910,https://shopee.com.br/product/1235923910/22697721058
4674,22093762978,390327339,https://shopee.com.br/product/390327339/22093762978
4675,22693416326,1226120317,https://shopee.com.br/product/1226120317/22693416326
4676,3876473736,296093764,https://shopee.com.br/product/296093764/3876473736
4677,20999228612,1107280577,https://shopee.com.br/product/1107280577/20999228612
4678,58262017689,1617519379,https://shopee.com.br/product/1617519379/58262017689
4679,22198497825,347781606,https://shopee.com.br/product/347781606/22198497825
4680,58209750607,306878488,https://shopee.com.br/product/306878488/58209750607
4681,22594067623,1235923910,https://shopee.com.br/product/1235923910/22594067623
4682,20997675758,1033307532,https://shopee.com.br/product/1033307532/20997675758
4683,23193109554,412527932,https://shopee.com.br/product/412527932/23193109554
4684,19760166748,357239640,https://shopee.com.br/product/357239640/19760166748
4685,22893722927,357239640,https://shopee.com.br/product/357239640/22893722927
4686,41179865222,390327339,https://shopee.com.br/product/390327339/41179865222
4687,22093532652,882904544,https://shopee.com.br/product/882904544/22093532652
4688,58211989348,1543640059,https://shopee.com.br/product/1543640059/58211989348
4689,23394389925,1393510164,https://shopee.com.br/product/1393510164/23394389925
4690,23597436867,272868574,https://shopee.com.br/product/272868574/23597436867
4691,23392027582,296093764,https://shopee.com.br/product/296093764/23392027582
4692,23394419062,306878488,https://shopee.com.br/product/306878488/23394419062
4693,23993913381,1334294037,https://shopee.com.br/product/1334294037/23993913381
4694,22398540098,1235923910,https://shopee.com.br/product/1235923910/22398540098
4695,47604950928,360012700,https://shopee.com.br/product/360012700/47604950928
4696,23797744304,1316611304,https://shopee.com.br/product/1316611304/23797744304
4697,23494742829,1107280577,https://shopee.com.br/product/1107280577/23494742829
4698,22796172871,296093764,https://shopee.com.br/product/296093764/22796172871
4699,19598694689,296093764,https://shopee.com.br/product/296093764/19598694689
4700,22694955600,1083800536,https://shopee.com.br/product/1083800536/22694955600
4701,23799254077,375188138,https://shopee.com.br/product/375188138/23799254077
4702,21499300902,1226120317,https://shopee.com.br/product/1226120317/21499300902
4703,18797740687,1235923910,https://shopee.com.br/product/1235923910/18797740687
4704,18399239919,272868574,https://shopee.com.br/product/272868574/18399239919
4705,23298407898,789777799,https://shopee.com.br/product/789777799/23298407898
4706,22499456681,1083800536,https://shopee.com.br/product/1083800536/22499456681
4707,23593220794,1235923910,https://shopee.com.br/product/1235923910/23593220794
4708,58208426755,1541325700,https://shopee.com.br/product/1541325700/58208426755
4709,20997102589,306878488,https://shopee.com.br/product/306878488/20997102589
4710,22993848464,401986069,https://shopee.com.br/product/401986069/22993848464
4711,20098108386,1484933575,https://shopee.com.br/product/1484933575/20098108386
4712,23193256583,1235923910,https://shopee.com.br/product/1235923910/23193256583
4713,23997834994,451273707,https://shopee.com.br/product/451273707/23997834994
4714,9316089252,384950713,https://shopee.com.br/product/384950713/9316089252
4715,22798830098,1107280577,https://shopee.com.br/product/1107280577/22798830098
4716,23393983459,272868574,https://shopee.com.br/product/272868574/23393983459
4717,22818232608,648124788,https://shopee.com.br/product/648124788/22818232608
4718,51950598502,401986069,https://shopee.com.br/product/401986069/51950598502
4719,19997519694,296813643,https://shopee.com.br/product/296813643/19997519694
4720,58214493323,1561901020,https://shopee.com.br/product/1561901020/58214493323
4721,22293487203,1246535200,https://shopee.com.br/product/1246535200/22293487203
4722,23997881686,653044811,https://shopee.com.br/product/653044811/23997881686
4723,58258526716,826682830,https://shopee.com.br/product/826682830/58258526716
4724,23697557884,874507048,https://shopee.com.br/product/874507048/23697557884
4725,58204741897,1630032069,https://shopee.com.br/product/1630032069/58204741897
4726,23794324054,646888142,https://shopee.com.br/product/646888142/23794324054
4727,21299361318,375188138,https://shopee.com.br/product/375188138/21299361318
4728,21697869912,451273707,https://shopee.com.br/product/451273707/21697869912
4729,19899368209,451273707,https://shopee.com.br/product/451273707/19899368209
4730,22994180205,1553092714,https://shopee.com.br/product/1553092714/22994180205
4731,22698008297,1344250083,https://shopee.com.br/product/1344250083/22698008297
4732,23092498967,444869236,https://shopee.com.br/product/444869236/23092498967
4733,22697899475,1107280577,https://shopee.com.br/product/1107280577/22697899475
4734,58213141530,1842561838,https://shopee.com.br/product/1842561838/58213141530
4735,58254207367,646888142,https://shopee.com.br/product/646888142/58254207367
4736,58201411530,1630032069,https://shopee.com.br/product/1630032069/58201411530
4737,23692892482,272868574,https://shopee.com.br/product/272868574/23692892482
4738,18999598288,1246535200,https://shopee.com.br/product/1246535200/18999598288
4739,18797985658,1226120317,https://shopee.com.br/product/1226120317/18797985658
4740,18497239239,682804575,https://shopee.com.br/product/682804575/18497239239
4741,20899836192,1561901020,https://shopee.com.br/product/1561901020/20899836192
4742,18499731873,1235923910,https://shopee.com.br/product/1235923910/18499731873
4743,23297606090,412527932,https://shopee.com.br/product/412527932/23297606090
4744,23997069668,375188138,https://shopee.com.br/product/375188138/23997069668
4745,18497986107,882904544,https://shopee.com.br/product/882904544/18497986107
4746,23493855062,757094384,https://shopee.com.br/product/757094384/23493855062
4747,23293256657,1235923910,https://shopee.com.br/product/1235923910/23293256657
4748,20555406795,522316174,https://shopee.com.br/product/522316174/20555406795
4749,15421884392,306878488,https://shopee.com.br/product/306878488/15421884392
4750,23797692033,375188138,https://shopee.com.br/product/375188138/23797692033
4751,18997814170,272868574,https://shopee.com.br/product/272868574/18997814170
4752,58202437375,1329429906,https://shopee.com.br/product/1329429906/58202437375
4753,22493844802,874507048,https://shopee.com.br/product/874507048/22493844802
4754,22697382330,1107280577,https://shopee.com.br/product/1107280577/22697382330
4755,23998545236,1235923910,https://shopee.com.br/product/1235923910/23998545236
4756,58263807377,1235923910,https://shopee.com.br/product/1235923910/58263807377
4757,22093669733,1235923910,https://shopee.com.br/product/1235923910/22093669733
4758,58211161685,1237026799,https://shopee.com.br/product/1237026799/58211161685
4759,22193630931,378940206,https://shopee.com.br/product/378940206/22193630931
4760,18999544110,757094384,https://shopee.com.br/product/757094384/18999544110
4761,23794010088,1316611304,https://shopee.com.br/product/1316611304/23794010088
4762,23597358592,357239640,https://shopee.com.br/product/357239640/23597358592
4763,22394456353,1583442620,https://shopee.com.br/product/1583442620/22394456353
4764,20997455181,758814499,https://shopee.com.br/product/758814499/20997455181
4765,5786878341,388739239,https://shopee.com.br/product/388739239/5786878341
4766,9009261183,360012700,https://shopee.com.br/product/360012700/9009261183
4767,20900549855,741045633,https://shopee.com.br/product/741045633/20900549855
4768,19970667974,445163047,https://shopee.com.br/product/445163047/19970667974
4769,8253901766,388739239,https://shopee.com.br/product/388739239/8253901766
4770,19297751449,1177903362,https://shopee.com.br/product/1177903362/19297751449
4771,58213023655,1658245933,https://shopee.com.br/product/1658245933/58213023655
4772,19771827607,360012700,https://shopee.com.br/product/360012700/19771827607
4773,23497889738,281898655,https://shopee.com.br/product/281898655/23497889738
4774,11439025207,521372664,https://shopee.com.br/product/521372664/11439025207
4775,22293051668,436723291,https://shopee.com.br/product/436723291/22293051668
4776,23397888637,1177903362,https://shopee.com.br/product/1177903362/23397888637
4777,11439023577,521372664,https://shopee.com.br/product/521372664/11439023577
4778,19296959110,552896405,https://shopee.com.br/product/552896405/19296959110
4779,19897623437,1177903362,https://shopee.com.br/product/1177903362/19897623437
4780,12086342133,741045633,https://shopee.com.br/product/741045633/12086342133
4781,42980688878,1177903362,https://shopee.com.br/product/1177903362/42980688878
4782,19399677851,377074801,https://shopee.com.br/product/377074801/19399677851
4783,12674868370,388739239,https://shopee.com.br/product/388739239/12674868370
4784,23993271480,590473480,https://shopee.com.br/product/590473480/23993271480
4785,58211305607,1658245933,https://shopee.com.br/product/1658245933/58211305607
4786,19799595159,436723291,https://shopee.com.br/product/436723291/19799595159
4787,20999196631,1177903362,https://shopee.com.br/product/1177903362/20999196631
4788,58263417431,1658245933,https://shopee.com.br/product/1658245933/58263417431
4789,22599181490,1658245933,https://shopee.com.br/product/1658245933/22599181490
4790,22493809453,388739239,https://shopee.com.br/product/388739239/22493809453
4791,22199231297,421977782,https://shopee.com.br/product/421977782/22199231297
4792,23393341868,1177903362,https://shopee.com.br/product/1177903362/23393341868
4793,22697843495,1177903362,https://shopee.com.br/product/1177903362/22697843495
4794,23694680509,1658245933,https://shopee.com.br/product/1658245933/23694680509
4795,11592297931,741045633,https://shopee.com.br/product/741045633/11592297931
4796,23694137617,939446263,https://shopee.com.br/product/939446263/23694137617
4797,20498884419,290073877,https://shopee.com.br/product/290073877/20498884419
4798,23794196190,601021305,https://shopee.com.br/product/601021305/23794196190
4799,23292939261,445163047,https://shopee.com.br/product/445163047/23292939261
4800,22193994503,1177903362,https://shopee.com.br/product/1177903362/22193994503
4801,41520068038,572649927,https://shopee.com.br/product/572649927/41520068038
4802,58202539464,1386771889,https://shopee.com.br/product/1386771889/58202539464
4803,5685534718,388739239,https://shopee.com.br/product/388739239/5685534718
4804,18699361112,775496126,https://shopee.com.br/product/775496126/18699361112
4805,50956985007,455103761,https://shopee.com.br/product/455103761/50956985007
4806,20197623457,1177903362,https://shopee.com.br/product/1177903362/20197623457
4807,58264461865,1177903362,https://shopee.com.br/product/1177903362/58264461865
4808,21099570875,1190424233,https://shopee.com.br/product/1190424233/21099570875
4809,43515861586,436723291,https://shopee.com.br/product/436723291/43515861586
4810,19438064532,388739239,https://shopee.com.br/product/388739239/19438064532
4811,20899356904,946161700,https://shopee.com.br/product/946161700/20899356904
4812,21199207150,388739239,https://shopee.com.br/product/388739239/21199207150
4813,21697639185,1177903362,https://shopee.com.br/product/1177903362/21697639185
4814,21031571720,741045633,https://shopee.com.br/product/741045633/21031571720
4815,20625811963,819102498,https://shopee.com.br/product/819102498/20625811963
4816,58205014712,590473480,https://shopee.com.br/product/590473480/58205014712
4817,12186339716,741045633,https://shopee.com.br/product/741045633/12186339716
4818,58206988563,1721810104,https://shopee.com.br/product/1721810104/58206988563
4819,28484790916,946161700,https://shopee.com.br/product/946161700/28484790916
4820,18097646755,1177903362,https://shopee.com.br/product/1177903362/18097646755
4821,23795519774,705932885,https://shopee.com.br/product/705932885/23795519774
4822,22292026340,946161700,https://shopee.com.br/product/946161700/22292026340
4823,21098861330,946161700,https://shopee.com.br/product/946161700/21098861330
4824,9099606492,741045633,https://shopee.com.br/product/741045633/9099606492
4825,21309088717,528273775,https://shopee.com.br/product/528273775/21309088717
4826,22396677251,946161700,https://shopee.com.br/product/946161700/22396677251
4827,23597777840,590473480,https://shopee.com.br/product/590473480/23597777840
4828,20499196628,1177903362,https://shopee.com.br/product/1177903362/20499196628
4829,22493147192,775496126,https://shopee.com.br/product/775496126/22493147192
4830,23698148325,335160199,https://shopee.com.br/product/335160199/23698148325
4831,23598050151,822103155,https://shopee.com.br/product/822103155/23598050151
4832,21097978836,1328711923,https://shopee.com.br/product/1328711923/21097978836
4833,23719230790,408128510,https://shopee.com.br/product/408128510/23719230790
4834,20878240150,946161700,https://shopee.com.br/product/946161700/20878240150
4835,19498683697,816806234,https://shopee.com.br/product/816806234/19498683697
4836,21599609044,590473480,https://shopee.com.br/product/590473480/21599609044
4837,23099130495,415129379,https://shopee.com.br/product/415129379/23099130495
4838,20597874793,1177903362,https://shopee.com.br/product/1177903362/20597874793
4839,23291369730,816806234,https://shopee.com.br/product/816806234/23291369730
4840,40224144783,946161700,https://shopee.com.br/product/946161700/40224144783
4841,58254937092,1658245933,https://shopee.com.br/product/1658245933/58254937092
4842,20116438008,800925303,https://shopee.com.br/product/800925303/20116438008
4843,58202389181,1658245933,https://shopee.com.br/product/1658245933/58202389181
4844,21497633734,388739239,https://shopee.com.br/product/388739239/21497633734
4845,20078244648,388739239,https://shopee.com.br/product/388739239/20078244648
4846,41074165155,946161700,https://shopee.com.br/product/946161700/41074165155
4847,58252195600,1658245933,https://shopee.com.br/product/1658245933/58252195600
4848,13809006131,528273775,https://shopee.com.br/product/528273775/13809006131
4849,23794531274,758890475,https://shopee.com.br/product/758890475/23794531274
4850,19533610331,489001115,https://shopee.com.br/product/489001115/19533610331
4851,21997463601,946161700,https://shopee.com.br/product/946161700/21997463601
4852,58250633125,946161700,https://shopee.com.br/product/946161700/58250633125
4853,25995967192,310274254,https://shopee.com.br/product/310274254/25995967192
4854,20497005917,741045633,https://shopee.com.br/product/741045633/20497005917
4855,23693196525,400124163,https://shopee.com.br/product/400124163/23693196525
4856,18806305668,489001115,https://shopee.com.br/product/489001115/18806305668
4857,23735850132,946161700,https://shopee.com.br/product/946161700/23735850132
4858,18798149475,1477305422,https://shopee.com.br/product/1477305422/18798149475
4859,44013977442,819102498,https://shopee.com.br/product/819102498/44013977442
4860,23194947693,1658245933,https://shopee.com.br/product/1658245933/23194947693
4861,22694060749,1190424233,https://shopee.com.br/product/1190424233/22694060749
4862,14791845619,819102498,https://shopee.com.br/product/819102498/14791845619
4863,17681940835,741045633,https://shopee.com.br/product/741045633/17681940835
4864,20398927439,408653169,https://shopee.com.br/product/408653169/20398927439
4865,19999196668,1177903362,https://shopee.com.br/product/1177903362/19999196668
4866,18398292376,1477305422,https://shopee.com.br/product/1477305422/18398292376
4867,18450430761,534023108,https://shopee.com.br/product/534023108/18450430761
4868,23191285613,816806234,https://shopee.com.br/product/816806234/23191285613
4869,51159985014,388739239,https://shopee.com.br/product/388739239/51159985014
4870,55253780645,388739239,https://shopee.com.br/product/388739239/55253780645
4871,41975373820,290598330,https://shopee.com.br/product/290598330/41975373820
4872,23099010579,316070154,https://shopee.com.br/product/316070154/23099010579
4873,43721736969,946161700,https://shopee.com.br/product/946161700/43721736969
4874,14718906916,519603839,https://shopee.com.br/product/519603839/14718906916
4875,22393675054,335160199,https://shopee.com.br/product/335160199/22393675054
4876,23499048807,1314243679,https://shopee.com.br/product/1314243679/23499048807
4877,51012746036,946161700,https://shopee.com.br/product/946161700/51012746036
4878,41876801424,299192732,https://shopee.com.br/product/299192732/41876801424
4879,22293248848,705932885,https://shopee.com.br/product/705932885/22293248848
4880,19998088617,323288678,https://shopee.com.br/product/323288678/19998088617
4881,23398739013,1583886098,https://shopee.com.br/product/1583886098/23398739013
4882,20097728757,402450553,https://shopee.com.br/product/402450553/20097728757
4883,13936347422,557242410,https://shopee.com.br/product/557242410/13936347422
4884,22497622761,402450553,https://shopee.com.br/product/402450553/22497622761
4885,20299206336,816806234,https://shopee.com.br/product/816806234/20299206336
4886,19800550349,741045633,https://shopee.com.br/product/741045633/19800550349
4887,29932904924,683952730,https://shopee.com.br/product/683952730/29932904924
4888,23997430729,445163047,https://shopee.com.br/product/445163047/23997430729
4889,22403251017,557242410,https://shopee.com.br/product/557242410/22403251017
4890,26029539219,946161700,https://shopee.com.br/product/946161700/26029539219
4891,23294144718,951290141,https://shopee.com.br/product/951290141/23294144718
4892,12310550206,528273775,https://shopee.com.br/product/528273775/12310550206
4893,44032196221,388739239,https://shopee.com.br/product/388739239/44032196221
4894,18398113108,1467864110,https://shopee.com.br/product/1467864110/18398113108
4895,23391712004,816806234,https://shopee.com.br/product/816806234/23391712004
4896,22398555581,1190424233,https://shopee.com.br/product/1190424233/22398555581
4897,58258121985,1045085918,https://shopee.com.br/product/1045085918/58258121985
4898,18999552283,340096629,https://shopee.com.br/product/340096629/18999552283
4899,22898525257,1526836548,https://shopee.com.br/product/1526836548/22898525257
4900,58200629373,1658245933,https://shopee.com.br/product/1658245933/58200629373
4901,58200629367,1658245933,https://shopee.com.br/product/1658245933/58200629367
4902,23392934544,335160199,https://shopee.com.br/product/335160199/23392934544
4903,23794675945,1658245933,https://shopee.com.br/product/1658245933/23794675945
4904,22825365320,842996464,https://shopee.com.br/product/842996464/22825365320
4905,21797612051,816806234,https://shopee.com.br/product/816806234/21797612051
4906,13446334005,557242410,https://shopee.com.br/product/557242410/13446334005
4907,22597588862,1177903362,https://shopee.com.br/product/1177903362/22597588862
4908,58254936879,1658245933,https://shopee.com.br/product/1658245933/58254936879
4909,12632861221,546513063,https://shopee.com.br/product/546513063/12632861221
4910,21277012848,973004594,https://shopee.com.br/product/973004594/21277012848
4911,20598942193,388739239,https://shopee.com.br/product/388739239/20598942193
4912,19331250068,648928964,https://shopee.com.br/product/648928964/19331250068
4913,23595877228,946161700,https://shopee.com.br/product/946161700/23595877228
4914,10862021284,546513063,https://shopee.com.br/product/546513063/10862021284
4915,23998445574,1477305422,https://shopee.com.br/product/1477305422/23998445574
4916,19398268037,1506316714,https://shopee.com.br/product/1506316714/19398268037
4917,27129068167,946161700,https://shopee.com.br/product/946161700/27129068167
4918,22891289044,816806234,https://shopee.com.br/product/816806234/22891289044
4919,21498993485,942805673,https://shopee.com.br/product/942805673/21498993485
4920,58206407274,1537861858,https://shopee.com.br/product/1537861858/58206407274
4921,22499215921,415129379,https://shopee.com.br/product/415129379/22499215921
4922,23097830552,946161700,https://shopee.com.br/product/946161700/23097830552
4923,21097498123,816806234,https://shopee.com.br/product/816806234/21097498123
4924,20225810771,819102498,https://shopee.com.br/product/819102498/20225810771
4925,19960372104,341202873,https://shopee.com.br/product/341202873/19960372104
4926,23495882145,946161700,https://shopee.com.br/product/946161700/23495882145
4927,17176889561,800925303,https://shopee.com.br/product/800925303/17176889561
4928,22597367875,1190424233,https://shopee.com.br/product/1190424233/22597367875
4929,18499190033,638399297,https://shopee.com.br/product/638399297/18499190033
4930,22898218502,402450553,https://shopee.com.br/product/402450553/22898218502
4931,23994325654,775496126,https://shopee.com.br/product/775496126/23994325654
4932,49261216718,388739239,https://shopee.com.br/product/388739239/49261216718
4933,22091293524,816806234,https://shopee.com.br/product/816806234/22091293524
4934,21099544596,1190424233,https://shopee.com.br/product/1190424233/21099544596
4935,21397517452,816806234,https://shopee.com.br/product/816806234/21397517452
4936,18599603338,822103155,https://shopee.com.br/product/822103155/18599603338
4937,23791358914,816806234,https://shopee.com.br/product/816806234/23791358914
4938,23697605057,590473480,https://shopee.com.br/product/590473480/23697605057
4939,40367480090,800925303,https://shopee.com.br/product/800925303/40367480090
4940,10248368382,528273775,https://shopee.com.br/product/528273775/10248368382
4941,51757127110,390278034,https://shopee.com.br/product/390278034/51757127110
4942,21599079163,946161700,https://shopee.com.br/product/946161700/21599079163
4943,56959383633,299192732,https://shopee.com.br/product/299192732/56959383633
4944,21298269986,1190424233,https://shopee.com.br/product/1190424233/21298269986
4945,22192117247,816806234,https://shopee.com.br/product/816806234/22192117247
4946,23297721608,1328711923,https://shopee.com.br/product/1328711923/23297721608
4947,22898323270,848951954,https://shopee.com.br/product/848951954/22898323270
4948,23691358918,816806234,https://shopee.com.br/product/816806234/23691358918
4949,20496969332,816806234,https://shopee.com.br/product/816806234/20496969332
4950,19997613663,946161700,https://shopee.com.br/product/946161700/19997613663
4951,41080852642,290598330,https://shopee.com.br/product/290598330/41080852642
4952,55661191386,388739239,https://shopee.com.br/product/388739239/55661191386
4953,42730589392,946161700,https://shopee.com.br/product/946161700/42730589392
4954,23593214593,1328711923,https://shopee.com.br/product/1328711923/23593214593
4955,23997328896,674110767,https://shopee.com.br/product/674110767/23997328896
4956,21699308147,590473480,https://shopee.com.br/product/590473480/21699308147
4957,23195785222,816806234,https://shopee.com.br/product/816806234/23195785222
4958,20796969350,816806234,https://shopee.com.br/product/816806234/20796969350
4959,22897548787,1225401015,https://shopee.com.br/product/1225401015/22897548787
4960,23529037394,408653169,https://shopee.com.br/product/408653169/23529037394
4961,20310547420,408128510,https://shopee.com.br/product/408128510/20310547420
4962,18635432307,408128510,https://shopee.com.br/product/408128510/18635432307
4963,23998044935,822103155,https://shopee.com.br/product/822103155/23998044935
4964,18597685581,842996464,https://shopee.com.br/product/842996464/18597685581
4965,21257577434,842996464,https://shopee.com.br/product/842996464/21257577434
4966,22596683872,946161700,https://shopee.com.br/product/946161700/22596683872
4967,40727860155,844004880,https://shopee.com.br/product/844004880/40727860155
4968,11459926705,384950713,https://shopee.com.br/product/384950713/11459926705
4969,22398381003,1506316714,https://shopee.com.br/product/1506316714/22398381003
4970,21499249949,386114683,https://shopee.com.br/product/386114683/21499249949
4971,41468274442,590473480,https://shopee.com.br/product/590473480/41468274442
4972,23992677035,946161700,https://shopee.com.br/product/946161700/23992677035
4973,23293873515,1510588915,https://shopee.com.br/product/1510588915/23293873515
4974,58250972404,316070154,https://shopee.com.br/product/316070154/58250972404
4975,23697176718,816806234,https://shopee.com.br/product/816806234/23697176718
4976,20599263060,1050213612,https://shopee.com.br/product/1050213612/20599263060
4977,22593414806,816806234,https://shopee.com.br/product/816806234/22593414806
4978,58253955442,1658245933,https://shopee.com.br/product/1658245933/58253955442
4979,23493136418,469163480,https://shopee.com.br/product/469163480/23493136418
4980,23893490496,445163047,https://shopee.com.br/product/445163047/23893490496
4981,21999240662,388739239,https://shopee.com.br/product/388739239/21999240662
4982,10171817892,557242410,https://shopee.com.br/product/557242410/10171817892
4983,22698482245,1177903362,https://shopee.com.br/product/1177903362/22698482245
4984,29440978469,946161700,https://shopee.com.br/product/946161700/29440978469
4985,23195785231,816806234,https://shopee.com.br/product/816806234/23195785231
4986,18625812277,819102498,https://shopee.com.br/product/819102498/18625812277
4987,14503286604,557242410,https://shopee.com.br/product/557242410/14503286604
4988,23097721546,1328711923,https://shopee.com.br/product/1328711923/23097721546
4989,23098031324,816806234,https://shopee.com.br/product/816806234/23098031324
4990,22596049951,946161700,https://shopee.com.br/product/946161700/22596049951
4991,25843396993,683952730,https://shopee.com.br/product/683952730/25843396993
4992,54402893216,290598330,https://shopee.com.br/product/290598330/54402893216
4993,23093337160,946161700,https://shopee.com.br/product/946161700/23093337160
4994,26167736285,657120589,https://shopee.com.br/product/657120589/26167736285
4995,22193546408,822103155,https://shopee.com.br/product/822103155/22193546408
4996,22695930310,741045633,https://shopee.com.br/product/741045633/22695930310
4997,20197306487,290073877,https://shopee.com.br/product/290073877/20197306487
4998,47250077645,290598330,https://shopee.com.br/product/290598330/47250077645
4999,22298496149,445163047,https://shopee.com.br/product/445163047/22298496149
5000,19399095455,946161700,https://shopee.com.br/product/946161700/19399095455
5001,57712062593,946161700,https://shopee.com.br/product/946161700/57712062593
5002,41564230325,819102498,https://shopee.com.br/product/819102498/41564230325
5003,23392682127,946161700,https://shopee.com.br/product/946161700/23392682127
5004,15301788152,528273775,https://shopee.com.br/product/528273775/15301788152
5005,19099318326,528273775,https://shopee.com.br/product/528273775/19099318326
5006,22097422499,1190424233,https://shopee.com.br/product/1190424233/22097422499
5007,22594684864,1658245933,https://shopee.com.br/product/1658245933/22594684864
5008,58213292541,1658245933,https://shopee.com.br/product/1658245933/58213292541
5009,57707073055,601021305,https://shopee.com.br/product/601021305/57707073055
5010,21108002961,408128510,https://shopee.com.br/product/408128510/21108002961
5011,9693695981,528273775,https://shopee.com.br/product/528273775/9693695981
5012,23893359772,1506316714,https://shopee.com.br/product/1506316714/23893359772
5013,47702976747,819102498,https://shopee.com.br/product/819102498/47702976747
5014,47354762854,869809385,https://shopee.com.br/product/869809385/47354762854
5015,19397289105,946161700,https://shopee.com.br/product/946161700/19397289105
5016,58202162794,1658245933,https://shopee.com.br/product/1658245933/58202162794
5017,12609003337,528273775,https://shopee.com.br/product/528273775/12609003337
5018,19922914312,408128510,https://shopee.com.br/product/408128510/19922914312
5019,27581621555,683952730,https://shopee.com.br/product/683952730/27581621555
5020,48104419216,388739239,https://shopee.com.br/product/388739239/48104419216
5021,22398440736,1050213612,https://shopee.com.br/product/1050213612/22398440736
5022,22825365349,842996464,https://shopee.com.br/product/842996464/22825365349
5023,21797376787,445163047,https://shopee.com.br/product/445163047/21797376787
5024,14053026195,341202873,https://shopee.com.br/product/341202873/14053026195
5025,22299360709,1506316714,https://shopee.com.br/product/1506316714/22299360709
5026,22599192619,1190424233,https://shopee.com.br/product/1190424233/22599192619
5027,8898748054,318555124,https://shopee.com.br/product/318555124/8898748054
5028,22095760329,400736454,https://shopee.com.br/product/400736454/22095760329
5029,22994194799,1343260914,https://shopee.com.br/product/1343260914/22994194799
5030,23402385832,869809385,https://shopee.com.br/product/869809385/23402385832
5031,22495785062,816806234,https://shopee.com.br/product/816806234/22495785062
5032,21397517488,816806234,https://shopee.com.br/product/816806234/21397517488
5033,18199805034,313666536,https://shopee.com.br/product/313666536/18199805034
5034,22698748423,341202873,https://shopee.com.br/product/341202873/22698748423
5035,22896684537,946161700,https://shopee.com.br/product/946161700/22896684537
5036,18998862257,946161700,https://shopee.com.br/product/946161700/18998862257
5037,21197095779,946161700,https://shopee.com.br/product/946161700/21197095779
5038,22193568476,489001115,https://shopee.com.br/product/489001115/22193568476
5039,23529037290,408653169,https://shopee.com.br/product/408653169/23529037290
5040,23794615729,758890475,https://shopee.com.br/product/758890475/23794615729
5041,19297736538,333540705,https://shopee.com.br/product/333540705/19297736538
5042,22392920624,1190424233,https://shopee.com.br/product/1190424233/22392920624
5043,21110155677,546513063,https://shopee.com.br/product/546513063/21110155677
5044,23594687192,1577891436,https://shopee.com.br/product/1577891436/23594687192
5045,58250631934,946161700,https://shopee.com.br/product/946161700/58250631934
5046,47954585171,946161700,https://shopee.com.br/product/946161700/47954585171
5047,13495148755,819102498,https://shopee.com.br/product/819102498/13495148755
5048,22821936501,489001115,https://shopee.com.br/product/489001115/22821936501
5049,18566949026,912497596,https://shopee.com.br/product/912497596/18566949026
5050,18998862264,946161700,https://shopee.com.br/product/946161700/18998862264
5051,18398160285,1477305422,https://shopee.com.br/product/1477305422/18398160285
5052,52608188213,388739239,https://shopee.com.br/product/388739239/52608188213
5053,20925843540,819102498,https://shopee.com.br/product/819102498/20925843540
5054,22998679518,1027399414,https://shopee.com.br/product/1027399414/22998679518
5055,17381612718,648928964,https://shopee.com.br/product/648928964/17381612718
5056,23097183967,816806234,https://shopee.com.br/product/816806234/23097183967
5057,23999188189,1177903362,https://shopee.com.br/product/1177903362/23999188189
5058,22197193598,816806234,https://shopee.com.br/product/816806234/22197193598
5059,23494687173,1577891436,https://shopee.com.br/product/1577891436/23494687173
5060,23691363811,816806234,https://shopee.com.br/product/816806234/23691363811
5061,23698081090,1190424233,https://shopee.com.br/product/1190424233/23698081090
5062,9016105329,384950713,https://shopee.com.br/product/384950713/9016105329
5063,22194701713,1314243679,https://shopee.com.br/product/1314243679/22194701713
5064,58205017162,590473480,https://shopee.com.br/product/590473480/58205017162
5065,23794035653,373280378,https://shopee.com.br/product/373280378/23794035653
5066,56012896115,290598330,https://shopee.com.br/product/290598330/56012896115
5067,41173719472,445163047,https://shopee.com.br/product/445163047/41173719472
5068,22738116694,946161700,https://shopee.com.br/product/946161700/22738116694
5069,22597151831,816806234,https://shopee.com.br/product/816806234/22597151831
5070,58259656527,1676554850,https://shopee.com.br/product/1676554850/58259656527
5071,23636007778,942805673,https://shopee.com.br/product/942805673/23636007778
5072,52705489867,869809385,https://shopee.com.br/product/869809385/52705489867
5073,18398160279,1477305422,https://shopee.com.br/product/1477305422/18398160279
5074,58252159257,1658245933,https://shopee.com.br/product/1658245933/58252159257
5075,23092855877,1190424233,https://shopee.com.br/product/1190424233/23092855877
5076,21898198368,822103155,https://shopee.com.br/product/822103155/21898198368
5077,20573158837,842996464,https://shopee.com.br/product/842996464/20573158837
5078,23893233809,842996464,https://shopee.com.br/product/842996464/23893233809
5079,23197989304,939446263,https://shopee.com.br/product/939446263/23197989304
5080,19932428942,648928964,https://shopee.com.br/product/648928964/19932428942
5081,27537492218,557242410,https://shopee.com.br/product/557242410/27537492218
5082,23498708032,1027399414,https://shopee.com.br/product/1027399414/23498708032
5083,46050086108,528273775,https://shopee.com.br/product/528273775/46050086108
5084,21097613186,946161700,https://shopee.com.br/product/946161700/21097613186
5085,22897136845,360012700,https://shopee.com.br/product/360012700/22897136845
5086,41504180313,557242410,https://shopee.com.br/product/557242410/41504180313
5087,29181618407,683952730,https://shopee.com.br/product/683952730/29181618407
5088,22593346900,1177903362,https://shopee.com.br/product/1177903362/22593346900
5089,47265226804,333246733,https://shopee.com.br/product/333246733/47265226804
5090,3092658204,528273775,https://shopee.com.br/product/528273775/3092658204
5091,13910527386,528273775,https://shopee.com.br/product/528273775/13910527386
5092,20332392152,648928964,https://shopee.com.br/product/648928964/20332392152
5093,58212415650,1670290083,https://shopee.com.br/product/1670290083/58212415650
5094,20599201263,1190424233,https://shopee.com.br/product/1190424233/20599201263
5095,19216877074,800925303,https://shopee.com.br/product/800925303/19216877074
5096,58205306001,316070154,https://shopee.com.br/product/316070154/58205306001
5097,20799095468,946161700,https://shopee.com.br/product/946161700/20799095468
5098,20599563651,805449066,https://shopee.com.br/product/805449066/20599563651
5099,58261195848,379103154,https://shopee.com.br/product/379103154/58261195848
5100,22194050074,316070154,https://shopee.com.br/product/316070154/22194050074
5101,43830904251,946161700,https://shopee.com.br/product/946161700/43830904251
5102,43950184839,388739239,https://shopee.com.br/product/388739239/43950184839
5103,23593704578,400124163,https://shopee.com.br/product/400124163/23593704578
5104,20533524835,805449066,https://shopee.com.br/product/805449066/20533524835
5105,22099056377,758890475,https://shopee.com.br/product/758890475/22099056377
5106,23793811177,816806234,https://shopee.com.br/product/816806234/23793811177
5107,54855772303,946161700,https://shopee.com.br/product/946161700/54855772303
5108,23797176713,816806234,https://shopee.com.br/product/816806234/23797176713
5109,19098979579,688030691,https://shopee.com.br/product/688030691/19098979579
5110,23893073154,1190424233,https://shopee.com.br/product/1190424233/23893073154
5111,20935145077,528273775,https://shopee.com.br/product/528273775/20935145077
5112,23298825188,822103155,https://shopee.com.br/product/822103155/23298825188
5113,23493971329,822103155,https://shopee.com.br/product/822103155/23493971329
5114,53110797373,436723291,https://shopee.com.br/product/436723291/53110797373
5115,22798033011,822103155,https://shopee.com.br/product/822103155/22798033011
5116,22195565448,951290141,https://shopee.com.br/product/951290141/22195565448
5117,23594336231,822103155,https://shopee.com.br/product/822103155/23594336231
5118,20697627944,1190424233,https://shopee.com.br/product/1190424233/20697627944
5119,18197525549,816806234,https://shopee.com.br/product/816806234/18197525549
5120,51110455644,316557325,https://shopee.com.br/product/316557325/51110455644
5121,19299298383,489001115,https://shopee.com.br/product/489001115/19299298383
5122,23093627997,822103155,https://shopee.com.br/product/822103155/23093627997
5123,18797635555,1190424233,https://shopee.com.br/product/1190424233/18797635555
5124,58210631156,1081505086,https://shopee.com.br/product/1081505086/58210631156
5125,51610568432,946161700,https://shopee.com.br/product/946161700/51610568432
5126,53755867330,819102498,https://shopee.com.br/product/819102498/53755867330
5127,18998862258,946161700,https://shopee.com.br/product/946161700/18998862258
5128,19598104869,842996464,https://shopee.com.br/product/842996464/19598104869
5129,23298401448,842996464,https://shopee.com.br/product/842996464/23298401448
5130,19999760897,1343260914,https://shopee.com.br/product/1343260914/19999760897
5131,50010974113,445163047,https://shopee.com.br/product/445163047/50010974113
5132,23898545531,648928964,https://shopee.com.br/product/648928964/23898545531
5133,23193494500,489001115,https://shopee.com.br/product/489001115/23193494500
5134,11547609102,528273775,https://shopee.com.br/product/528273775/11547609102
5135,21899358130,1328711923,https://shopee.com.br/product/1328711923/21899358130
5136,20799237524,612143990,https://shopee.com.br/product/612143990/20799237524
5137,23498833798,822103155,https://shopee.com.br/product/822103155/23498833798
5138,46855760446,1328711923,https://shopee.com.br/product/1328711923/46855760446
5139,47663118063,590473480,https://shopee.com.br/product/590473480/47663118063
5140,57361306886,323288678,https://shopee.com.br/product/323288678/57361306886
5141,22898833221,822103155,https://shopee.com.br/product/822103155/22898833221
5142,44806321976,775496126,https://shopee.com.br/product/775496126/44806321976
5143,23693053020,946161700,https://shopee.com.br/product/946161700/23693053020
5144,58216625292,1363037345,https://shopee.com.br/product/1363037345/58216625292
5145,22294348952,1506316714,https://shopee.com.br/product/1506316714/22294348952
5146,23498394573,1275097038,https://shopee.com.br/product/1275097038/23498394573
5147,23293006674,408128510,https://shopee.com.br/product/408128510/23293006674
5148,58200681841,822103155,https://shopee.com.br/product/822103155/58200681841
5149,22793575186,489001115,https://shopee.com.br/product/489001115/22793575186
5150,23193905071,842996464,https://shopee.com.br/product/842996464/23193905071
5151,19799233154,1190424233,https://shopee.com.br/product/1190424233/19799233154
5152,41282050484,290598330,https://shopee.com.br/product/290598330/41282050484
5153,22525819949,800925303,https://shopee.com.br/product/800925303/22525819949
5154,58250151019,822103155,https://shopee.com.br/product/822103155/58250151019
5155,21934804365,557242410,https://shopee.com.br/product/557242410/21934804365
5156,58200849908,1363787561,https://shopee.com.br/product/1363787561/58200849908
5157,23296973523,521372664,https://shopee.com.br/product/521372664/23296973523
5158,23492865050,1190424233,https://shopee.com.br/product/1190424233/23492865050
5159,22393654846,822103155,https://shopee.com.br/product/822103155/22393654846
5160,22398333183,775496126,https://shopee.com.br/product/775496126/22398333183
5161,54252952839,819102498,https://shopee.com.br/product/819102498/54252952839
5162,17587927130,388739239,https://shopee.com.br/product/388739239/17587927130
5163,22395925481,816806234,https://shopee.com.br/product/816806234/22395925481
5164,22597151780,816806234,https://shopee.com.br/product/816806234/22597151780
5165,23236351291,946161700,https://shopee.com.br/product/946161700/23236351291
5166,22893218986,1096473040,https://shopee.com.br/product/1096473040/22893218986
5167,21599882771,822103155,https://shopee.com.br/product/822103155/21599882771
5168,23093047471,800925303,https://shopee.com.br/product/800925303/23093047471
5169,18298055526,822103155,https://shopee.com.br/product/822103155/18298055526
5170,18861902403,442506479,https://shopee.com.br/product/442506479/18861902403
5171,26234652027,528273775,https://shopee.com.br/product/528273775/26234652027
5172,46001676490,800925303,https://shopee.com.br/product/800925303/46001676490
5173,22798033018,822103155,https://shopee.com.br/product/822103155/22798033018
5174,23293934084,1363787561,https://shopee.com.br/product/1363787561/23293934084
5175,14601865690,528273775,https://shopee.com.br/product/528273775/14601865690
5176,22493633713,822103155,https://shopee.com.br/product/822103155/22493633713
5177,19644284945,340096629,https://shopee.com.br/product/340096629/19644284945
5178,27389891941,560644869,https://shopee.com.br/product/560644869/27389891941
5179,43682583927,388739239,https://shopee.com.br/product/388739239/43682583927
5180,22636368373,946161700,https://shopee.com.br/product/946161700/22636368373
5181,22093122526,527586454,https://shopee.com.br/product/527586454/22093122526
5182,19599072394,816806234,https://shopee.com.br/product/816806234/19599072394
5183,22498149446,822103155,https://shopee.com.br/product/822103155/22498149446
5184,58255873109,412968566,https://shopee.com.br/product/412968566/58255873109
5185,23092855195,1190424233,https://shopee.com.br/product/1190424233/23092855195
5186,23892558757,1190424233,https://shopee.com.br/product/1190424233/23892558757
5187,23697170707,946161700,https://shopee.com.br/product/946161700/23697170707
5188,20298291986,822103155,https://shopee.com.br/product/822103155/20298291986
5189,58200681800,822103155,https://shopee.com.br/product/822103155/58200681800
5190,22994187739,1457212056,https://shopee.com.br/product/1457212056/22994187739
5191,57265959208,323288678,https://shopee.com.br/product/323288678/57265959208
5192,11148375878,528273775,https://shopee.com.br/product/528273775/11148375878
5193,23797453391,819102498,https://shopee.com.br/product/819102498/23797453391
5194,22997366908,1190424233,https://shopee.com.br/product/1190424233/22997366908
5195,22127793296,719930213,https://shopee.com.br/product/719930213/22127793296
5196,21498329617,1543611227,https://shopee.com.br/product/1543611227/21498329617
5197,3490980790,397583038,https://shopee.com.br/product/397583038/3490980790
5198,23698868456,822103155,https://shopee.com.br/product/822103155/23698868456
5199,18397991132,902146556,https://shopee.com.br/product/902146556/18397991132
5200,23693584573,1190424233,https://shopee.com.br/product/1190424233/23693584573
5201,43630164722,388739239,https://shopee.com.br/product/388739239/43630164722
5202,20298866753,528273775,https://shopee.com.br/product/528273775/20298866753
5203,23399552625,822103155,https://shopee.com.br/product/822103155/23399552625
5204,42453464015,408653169,https://shopee.com.br/product/408653169/42453464015
5205,23693840124,357239640,https://shopee.com.br/product/357239640/23693840124
5206,20497613556,397020362,https://shopee.com.br/product/397020362/20497613556
5207,22698129404,822103155,https://shopee.com.br/product/822103155/22698129404
5208,58263657194,822103155,https://shopee.com.br/product/822103155/58263657194
5209,23198098331,1027399414,https://shopee.com.br/product/1027399414/23198098331
5210,21699090142,816806234,https://shopee.com.br/product/816806234/21699090142
5211,22693727422,374241455,https://shopee.com.br/product/374241455/22693727422
5212,53710504024,946161700,https://shopee.com.br/product/946161700/53710504024
5213,21799595527,805449066,https://shopee.com.br/product/805449066/21799595527
5214,10765460821,489001115,https://shopee.com.br/product/489001115/10765460821
5215,18077598597,805449066,https://shopee.com.br/product/805449066/18077598597
5216,23497275361,280641391,https://shopee.com.br/product/280641391/23497275361
5217,23097356887,1190424233,https://shopee.com.br/product/1190424233/23097356887
5218,10148373354,528273775,https://shopee.com.br/product/528273775/10148373354
5219,23994323480,822103155,https://shopee.com.br/product/822103155/23994323480
5220,50050251678,988566789,https://shopee.com.br/product/988566789/50050251678
5221,58252400229,1190424233,https://shopee.com.br/product/1190424233/58252400229
5222,58262634429,816806234,https://shopee.com.br/product/816806234/58262634429
5223,13734441686,546513063,https://shopee.com.br/product/546513063/13734441686
5224,53151178755,290073877,https://shopee.com.br/product/290073877/53151178755
5225,46860197737,357239640,https://shopee.com.br/product/357239640/46860197737
5226,22092637210,942805673,https://shopee.com.br/product/942805673/22092637210
5227,23093644531,822103155,https://shopee.com.br/product/822103155/23093644531
5228,22998107117,822103155,https://shopee.com.br/product/822103155/22998107117
5229,22498519563,816806234,https://shopee.com.br/product/816806234/22498519563
5230,14801150966,408128510,https://shopee.com.br/product/408128510/14801150966
5231,19397692056,912455413,https://shopee.com.br/product/912455413/19397692056
5232,22491503413,946161700,https://shopee.com.br/product/946161700/22491503413
5233,22997178790,946161700,https://shopee.com.br/product/946161700/22997178790
5234,58212695243,816806234,https://shopee.com.br/product/816806234/58212695243
5235,23992771958,380456261,https://shopee.com.br/product/380456261/23992771958
5236,22894336715,822103155,https://shopee.com.br/product/822103155/22894336715
5237,21597987600,822103155,https://shopee.com.br/product/822103155/21597987600
5238,40277454433,590473480,https://shopee.com.br/product/590473480/40277454433
5239,46663517111,528273775,https://shopee.com.br/product/528273775/46663517111
5240,23192950288,819102498,https://shopee.com.br/product/819102498/23192950288
5241,22293983090,816806234,https://shopee.com.br/product/816806234/22293983090
5242,18697633907,1190424233,https://shopee.com.br/product/1190424233/18697633907
5243,22598053510,1287093777,https://shopee.com.br/product/1287093777/22598053510
5244,22598925652,822103155,https://shopee.com.br/product/822103155/22598925652
5245,20999571692,822103155,https://shopee.com.br/product/822103155/20999571692
5246,23591380591,946161700,https://shopee.com.br/product/946161700/23591380591
5247,21797292783,946161700,https://shopee.com.br/product/946161700/21797292783
5248,22397573265,946161700,https://shopee.com.br/product/946161700/22397573265
5249,22497511137,800925303,https://shopee.com.br/product/800925303/22497511137
5250,58255873112,412968566,https://shopee.com.br/product/412968566/58255873112
5251,23494389190,1543611227,https://shopee.com.br/product/1543611227/23494389190
5252,58202858308,1660302953,https://shopee.com.br/product/1660302953/58202858308
5253,23998802217,1506316714,https://shopee.com.br/product/1506316714/23998802217
5254,13207686335,528273775,https://shopee.com.br/product/528273775/13207686335
5255,58264621662,1838543550,https://shopee.com.br/product/1838543550/58264621662
5256,23198145534,822103155,https://shopee.com.br/product/822103155/23198145534
5257,18335494213,280641391,https://shopee.com.br/product/280641391/18335494213
5258,58210596694,1737987690,https://shopee.com.br/product/1737987690/58210596694
5259,22997552310,784255615,https://shopee.com.br/product/784255615/22997552310
5260,22494191970,1506316714,https://shopee.com.br/product/1506316714/22494191970
5261,22494196801,1457212056,https://shopee.com.br/product/1457212056/22494196801
5262,10148373352,528273775,https://shopee.com.br/product/528273775/10148373352
5263,23792855666,1190424233,https://shopee.com.br/product/1190424233/23792855666
5264,12109681746,357239640,https://shopee.com.br/product/357239640/12109681746
5265,22694149226,1081505086,https://shopee.com.br/product/1081505086/22694149226
5266,23294044713,1490055656,https://shopee.com.br/product/1490055656/23294044713
5267,17377294122,800925303,https://shopee.com.br/product/800925303/17377294122
5268,58156246315,1490055656,https://shopee.com.br/product/1490055656/58156246315
5269,22098575127,648928964,https://shopee.com.br/product/648928964/22098575127
5270,58209713895,1676555116,https://shopee.com.br/product/1676555116/58209713895
5271,22997998608,951290141,https://shopee.com.br/product/951290141/22997998608
5272,56104979073,844004880,https://shopee.com.br/product/844004880/56104979073
5273,23394332659,822103155,https://shopee.com.br/product/822103155/23394332659
5274,29079224780,946161700,https://shopee.com.br/product/946161700/29079224780
5275,23592225175,946161700,https://shopee.com.br/product/946161700/23592225175
5276,22892381416,400124163,https://shopee.com.br/product/400124163/22892381416
5277,23397356701,1190424233,https://shopee.com.br/product/1190424233/23397356701
5278,23393105831,412527932,https://shopee.com.br/product/412527932/23393105831
5279,58259449972,1676555102,https://shopee.com.br/product/1676555102/58259449972
5280,22693492291,341754426,https://shopee.com.br/product/341754426/22693492291
5281,19999760317,648928964,https://shopee.com.br/product/648928964/19999760317
5282,23794501926,1577891436,https://shopee.com.br/product/1577891436/23794501926
5283,22098599341,374241455,https://shopee.com.br/product/374241455/22098599341
5284,10447615021,528273775,https://shopee.com.br/product/528273775/10447615021
5285,22297669569,272868574,https://shopee.com.br/product/272868574/22297669569
5286,21899189678,316945044,https://shopee.com.br/product/316945044/21899189678
5287,58252086354,822103155,https://shopee.com.br/product/822103155/58252086354
5288,23393604793,822103155,https://shopee.com.br/product/822103155/23393604793
5289,22698677133,1506316714,https://shopee.com.br/product/1506316714/22698677133
5290,23094546025,1163359442,https://shopee.com.br/product/1163359442/23094546025
5291,18398288934,1457212056,https://shopee.com.br/product/1457212056/18398288934
5292,58252194328,1676554783,https://shopee.com.br/product/1676554783/58252194328
5293,22394986749,1036817611,https://shopee.com.br/product/1036817611/22394986749
5294,23008442294,527586454,https://shopee.com.br/product/527586454/23008442294
5295,47167893989,388739239,https://shopee.com.br/product/388739239/47167893989
5296,21744256603,400736454,https://shopee.com.br/product/400736454/21744256603
5297,57066341414,1328711923,https://shopee.com.br/product/1328711923/57066341414
5298,58209443003,1676555161,https://shopee.com.br/product/1676555161/58209443003
5299,22794350881,822103155,https://shopee.com.br/product/822103155/22794350881
5300,19918247370,342678035,https://shopee.com.br/product/342678035/19918247370
5301,11609210639,397583038,https://shopee.com.br/product/397583038/11609210639
5302,20099336587,590473480,https://shopee.com.br/product/590473480/20099336587
5303,21797288131,946161700,https://shopee.com.br/product/946161700/21797288131
5304,22098042260,1343260914,https://shopee.com.br/product/1343260914/22098042260
5305,22598225935,822103155,https://shopee.com.br/product/822103155/22598225935
5306,22594025595,822103155,https://shopee.com.br/product/822103155/22594025595
5307,23093644334,822103155,https://shopee.com.br/product/822103155/23093644334
5308,20898298020,312703265,https://shopee.com.br/product/312703265/20898298020
5309,5290002664,400736454,https://shopee.com.br/product/400736454/5290002664
5310,58265863935,1289860164,https://shopee.com.br/product/1289860164/58265863935
5311,58260132939,1676554774,https://shopee.com.br/product/1676554774/58260132939
5312,2950395517,397583038,https://shopee.com.br/product/397583038/2950395517
5313,23898180257,805449066,https://shopee.com.br/product/805449066/23898180257
5314,58251984435,1676554774,https://shopee.com.br/product/1676554774/58251984435
5315,21773998925,386114683,https://shopee.com.br/product/386114683/21773998925
5316,18399323625,412527932,https://shopee.com.br/product/412527932/18399323625
5317,23093152960,489001115,https://shopee.com.br/product/489001115/23093152960
5318,43428741057,775496126,https://shopee.com.br/product/775496126/43428741057
5319,11667603504,546513063,https://shopee.com.br/product/546513063/11667603504
5320,23498847869,822103155,https://shopee.com.br/product/822103155/23498847869
5321,19197729259,397583038,https://shopee.com.br/product/397583038/19197729259
5322,12409003531,528273775,https://shopee.com.br/product/528273775/12409003531
5323,12309003370,528273775,https://shopee.com.br/product/528273775/12309003370
5324,22292943627,816806234,https://shopee.com.br/product/816806234/22292943627
5325,23693550414,1287093777,https://shopee.com.br/product/1287093777/23693550414
5326,23897550260,912455413,https://shopee.com.br/product/912455413/23897550260
5327,23097166146,946161700,https://shopee.com.br/product/946161700/23097166146
5328,58211041981,766438894,https://shopee.com.br/product/766438894/58211041981
5329,58209714996,1676554977,https://shopee.com.br/product/1676554977/58209714996
5330,44652108946,400124163,https://shopee.com.br/product/400124163/44652108946
5331,23893106680,1190424233,https://shopee.com.br/product/1190424233/23893106680
5332,23133790105,839456755,https://shopee.com.br/product/839456755/23133790105
5333,58262388714,1658245933,https://shopee.com.br/product/1658245933/58262388714
5334,21859128576,380456261,https://shopee.com.br/product/380456261/21859128576
5335,21099184376,357239640,https://shopee.com.br/product/357239640/21099184376
5336,11065394238,489001115,https://shopee.com.br/product/489001115/11065394238
5337,55615420676,1506316714,https://shopee.com.br/product/1506316714/55615420676
5338,20798004833,822103155,https://shopee.com.br/product/822103155/20798004833
5339,23293618582,822103155,https://shopee.com.br/product/822103155/23293618582
5340,58200681816,822103155,https://shopee.com.br/product/822103155/58200681816
5341,18899237029,272868574,https://shopee.com.br/product/272868574/18899237029
5342,16973643927,360012700,https://shopee.com.br/product/360012700/16973643927
5343,58259706531,1676555128,https://shopee.com.br/product/1676555128/58259706531
5344,22794068833,1490055656,https://shopee.com.br/product/1490055656/22794068833
5345,22893106184,412527932,https://shopee.com.br/product/412527932/22893106184
5346,22097758538,442555366,https://shopee.com.br/product/442555366/22097758538
5347,19199377742,618731843,https://shopee.com.br/product/618731843/19199377742
5348,21099370239,1096473040,https://shopee.com.br/product/1096473040/21099370239
5349,54055352336,942805673,https://shopee.com.br/product/942805673/54055352336
5350,58259460471,1676555142,https://shopee.com.br/product/1676555142/58259460471
5351,22699454613,1676555142,https://shopee.com.br/product/1676555142/22699454613
5352,20698004612,822103155,https://shopee.com.br/product/822103155/20698004612
5353,20199869737,822103155,https://shopee.com.br/product/822103155/20199869737
5354,21397517464,816806234,https://shopee.com.br/product/816806234/21397517464
5355,58259435573,1676554829,https://shopee.com.br/product/1676554829/58259435573
5356,58209449769,1676555072,https://shopee.com.br/product/1676555072/58209449769
5357,22494545543,1078949207,https://shopee.com.br/product/1078949207/22494545543
5358,47001155421,800925303,https://shopee.com.br/product/800925303/47001155421
5359,58210132047,1676554783,https://shopee.com.br/product/1676554783/58210132047
5360,58211441095,1036817611,https://shopee.com.br/product/1036817611/58211441095
5361,41323023430,946161700,https://shopee.com.br/product/946161700/41323023430
5362,21899597823,356143297,https://shopee.com.br/product/356143297/21899597823
5363,58259657088,1676554850,https://shopee.com.br/product/1676554850/58259657088
5364,23298703704,1490055656,https://shopee.com.br/product/1490055656/23298703704
5365,23297425464,408128510,https://shopee.com.br/product/408128510/23297425464
5366,21499368084,1328711923,https://shopee.com.br/product/1328711923/21499368084
5367,23493209108,1096473040,https://shopee.com.br/product/1096473040/23493209108
5368,21199256187,316945044,https://shopee.com.br/product/316945044/21199256187
5369,42728895515,1464009232,https://shopee.com.br/product/1464009232/42728895515
5370,21398188334,1459408293,https://shopee.com.br/product/1459408293/21398188334
5371,23998367931,816806234,https://shopee.com.br/product/816806234/23998367931
5372,22494747619,1676554792,https://shopee.com.br/product/1676554792/22494747619
5373,10165392543,489001115,https://shopee.com.br/product/489001115/10165392543
5374,23798220683,1343260914,https://shopee.com.br/product/1343260914/23798220683
5375,58255362994,1190424233,https://shopee.com.br/product/1190424233/58255362994
5376,23494357254,822103155,https://shopee.com.br/product/822103155/23494357254
5377,57558891204,939446263,https://shopee.com.br/product/939446263/57558891204
5378,58215438716,380456261,https://shopee.com.br/product/380456261/58215438716
5379,22798818693,939446263,https://shopee.com.br/product/939446263/22798818693
5380,58259442743,1676554838,https://shopee.com.br/product/1676554838/58259442743
5381,22493956015,1343288194,https://shopee.com.br/product/1343288194/22493956015
5382,23393105781,412527932,https://shopee.com.br/product/412527932/23393105781
5383,23799446628,1676552986,https://shopee.com.br/product/1676552986/23799446628
5384,58209456484,1660302938,https://shopee.com.br/product/1660302938/58209456484
5385,22894955276,1676552986,https://shopee.com.br/product/1676552986/22894955276
5386,58259459978,1676555057,https://shopee.com.br/product/1676555057/58259459978
5387,58259713691,1676554977,https://shopee.com.br/product/1676554977/58259713691
5388,23799442365,1676554977,https://shopee.com.br/product/1676554977/23799442365
5389,58260270415,1676554802,https://shopee.com.br/product/1676554802/58260270415
5390,58210277665,1676554802,https://shopee.com.br/product/1676554802/58210277665
5391,58259435134,1676554829,https://shopee.com.br/product/1676554829/58259435134
5392,58259711088,1676554886,https://shopee.com.br/product/1676554886/58259711088
5393,58209714763,1676554886,https://shopee.com.br/product/1676554886/58209714763
5394,58259465004,1676554958,https://shopee.com.br/product/1676554958/58259465004
5395,20199604160,705932885,https://shopee.com.br/product/705932885/20199604160
5396,47266810636,554865709,https://shopee.com.br/product/554865709/47266810636
5397,58259705426,1676555128,https://shopee.com.br/product/1676555128/58259705426
5398,21926911157,683952730,https://shopee.com.br/product/683952730/21926911157
5399,47600768568,445163047,https://shopee.com.br/product/445163047/47600768568
5400,22397722139,1328711923,https://shopee.com.br/product/1328711923/22397722139
5401,21899555431,1287093777,https://shopee.com.br/product/1287093777/21899555431
5402,19098026669,400124163,https://shopee.com.br/product/400124163/19098026669
5403,19799311633,1096473040,https://shopee.com.br/product/1096473040/19799311633
5404,21438638921,280641391,https://shopee.com.br/product/280641391/21438638921
5405,58214025824,816806234,https://shopee.com.br/product/816806234/58214025824
5406,22992946341,272868574,https://shopee.com.br/product/272868574/22992946341
5407,22094676388,822103155,https://shopee.com.br/product/822103155/22094676388
5408,23199140994,822103155,https://shopee.com.br/product/822103155/23199140994
5409,23099662298,822103155,https://shopee.com.br/product/822103155/23099662298
5410,42229246879,402450553,https://shopee.com.br/product/402450553/42229246879
5411,58207287876,380456261,https://shopee.com.br/product/380456261/58207287876
5412,23494332700,822103155,https://shopee.com.br/product/822103155/23494332700
5413,58251986258,1676554761,https://shopee.com.br/product/1676554761/58251986258
5414,20999543800,1190424233,https://shopee.com.br/product/1190424233/20999543800
5415,58209669197,1676554945,https://shopee.com.br/product/1676554945/58209669197
5416,22194360024,822103155,https://shopee.com.br/product/822103155/22194360024
5417,20897603497,380456261,https://shopee.com.br/product/380456261/20897603497
5418,22498689589,1457212056,https://shopee.com.br/product/1457212056/22498689589
5419,19497616358,408128510,https://shopee.com.br/product/408128510/19497616358
5420,19497421365,400736454,https://shopee.com.br/product/400736454/19497421365
5421,22292999912,800925303,https://shopee.com.br/product/800925303/22292999912
5422,23198832931,822103155,https://shopee.com.br/product/822103155/23198832931
5423,22799058828,1314243679,https://shopee.com.br/product/1314243679/22799058828
5424,21397517478,816806234,https://shopee.com.br/product/816806234/21397517478
5425,44906115360,1494297971,https://shopee.com.br/product/1494297971/44906115360
5426,23191385843,946161700,https://shopee.com.br/product/946161700/23191385843
5427,26423115680,303439692,https://shopee.com.br/product/303439692/26423115680
5428,22692991652,855489892,https://shopee.com.br/product/855489892/22692991652
5429,23897550674,408999524,https://shopee.com.br/product/408999524/23897550674
5430,18397683141,1146529360,https://shopee.com.br/product/1146529360/18397683141
5431,13855070174,599271358,https://shopee.com.br/product/599271358/13855070174
5432,18197621389,599271358,https://shopee.com.br/product/599271358/18197621389
5433,22493421256,1146529360,https://shopee.com.br/product/1146529360/22493421256
5434,17278128086,413779333,https://shopee.com.br/product/413779333/17278128086
5435,22497287567,599271358,https://shopee.com.br/product/599271358/22497287567
5436,20997991907,1223513979,https://shopee.com.br/product/1223513979/20997991907
5437,53353345349,479405487,https://shopee.com.br/product/479405487/53353345349
5438,23492963314,762383390,https://shopee.com.br/product/762383390/23492963314
5439,20332367191,303439692,https://shopee.com.br/product/303439692/20332367191
5440,15704200668,599271358,https://shopee.com.br/product/599271358/15704200668
5441,58200534787,789807677,https://shopee.com.br/product/789807677/58200534787
5442,18097805535,303439692,https://shopee.com.br/product/303439692/18097805535
5443,18199640247,296093764,https://shopee.com.br/product/296093764/18199640247
5444,22093246562,479405487,https://shopee.com.br/product/479405487/22093246562
5445,14609081865,378447288,https://shopee.com.br/product/378447288/14609081865
5446,19520744250,805449066,https://shopee.com.br/product/805449066/19520744250
5447,19457606896,308628919,https://shopee.com.br/product/308628919/19457606896
5448,23895866171,939334135,https://shopee.com.br/product/939334135/23895866171
5449,46005521154,1146529360,https://shopee.com.br/product/1146529360/46005521154
5450,19599367855,356841149,https://shopee.com.br/product/356841149/19599367855
5451,23697584839,1264071501,https://shopee.com.br/product/1264071501/23697584839
5452,11518079990,450610050,https://shopee.com.br/product/450610050/11518079990
5453,18820424812,805449066,https://shopee.com.br/product/805449066/18820424812
5454,17093335137,327632351,https://shopee.com.br/product/327632351/17093335137
5455,22298118998,356841149,https://shopee.com.br/product/356841149/22298118998
5456,19798950489,337531568,https://shopee.com.br/product/337531568/19798950489
5457,20799248271,1146529360,https://shopee.com.br/product/1146529360/20799248271
5458,23598195856,354913181,https://shopee.com.br/product/354913181/23598195856
5459,15763335236,356841149,https://shopee.com.br/product/356841149/15763335236
5460,22922311485,939334135,https://shopee.com.br/product/939334135/22922311485
5461,18407980891,337531568,https://shopee.com.br/product/337531568/18407980891
5462,41774796705,599271358,https://shopee.com.br/product/599271358/41774796705
5463,22698726458,442506479,https://shopee.com.br/product/442506479/22698726458
5464,20342202045,856641146,https://shopee.com.br/product/856641146/20342202045
5465,22497848359,1264071501,https://shopee.com.br/product/1264071501/22497848359
5466,22297317292,1103964099,https://shopee.com.br/product/1103964099/22297317292
5467,23697989132,296093764,https://shopee.com.br/product/296093764/23697989132
5468,21797087906,479405487,https://shopee.com.br/product/479405487/21797087906
5469,22193265910,1264071501,https://shopee.com.br/product/1264071501/22193265910
5470,54300877750,1264071501,https://shopee.com.br/product/1264071501/54300877750
5471,19198459845,856641146,https://shopee.com.br/product/856641146/19198459845
5472,14384101730,489001115,https://shopee.com.br/product/489001115/14384101730
5473,48908714715,1730265575,https://shopee.com.br/product/1730265575/48908714715
5474,22698137890,1146529360,https://shopee.com.br/product/1146529360/22698137890
5475,40317705029,303439692,https://shopee.com.br/product/303439692/40317705029
5476,11995495833,281898655,https://shopee.com.br/product/281898655/11995495833
5477,22692991618,855489892,https://shopee.com.br/product/855489892/22692991618
5478,22398150738,1316611304,https://shopee.com.br/product/1316611304/22398150738
5479,23298540897,822103155,https://shopee.com.br/product/822103155/23298540897
5480,18797502718,805449066,https://shopee.com.br/product/805449066/18797502718
5481,20099564234,1423372949,https://shopee.com.br/product/1423372949/20099564234
5482,23593106216,408999524,https://shopee.com.br/product/408999524/23593106216
5483,23296591292,335160199,https://shopee.com.br/product/335160199/23296591292
5484,22393734846,1334294037,https://shopee.com.br/product/1334294037/22393734846
5485,19398985959,1029852536,https://shopee.com.br/product/1029852536/19398985959
5486,22097484147,356841149,https://shopee.com.br/product/356841149/22097484147
5487,21699564393,1423372949,https://shopee.com.br/product/1423372949/21699564393
5488,23496143366,378447288,https://shopee.com.br/product/378447288/23496143366
5489,22892242128,805449066,https://shopee.com.br/product/805449066/22892242128
5490,18798104948,1223513979,https://shopee.com.br/product/1223513979/18798104948
5491,15707225383,599271358,https://shopee.com.br/product/599271358/15707225383
5492,16140475450,281898655,https://shopee.com.br/product/281898655/16140475450
5493,22693069062,1264071501,https://shopee.com.br/product/1264071501/22693069062
5494,22798198582,497552438,https://shopee.com.br/product/497552438/22798198582
5495,55561180724,1165360419,https://shopee.com.br/product/1165360419/55561180724
5496,23897557680,450610050,https://shopee.com.br/product/450610050/23897557680
5497,22697562431,402450553,https://shopee.com.br/product/402450553/22697562431
5498,23391244453,952014476,https://shopee.com.br/product/952014476/23391244453
5499,58254568466,805449066,https://shopee.com.br/product/805449066/58254568466
5500,44654933094,1423372949,https://shopee.com.br/product/1423372949/44654933094
5501,22197176838,1029852536,https://shopee.com.br/product/1029852536/22197176838
5502,18997675351,855489892,https://shopee.com.br/product/855489892/18997675351
5503,10220421635,413779333,https://shopee.com.br/product/413779333/10220421635
5504,23094059706,1423372949,https://shopee.com.br/product/1423372949/23094059706
5505,17291164477,337531568,https://shopee.com.br/product/337531568/17291164477
5506,11737120473,497552438,https://shopee.com.br/product/497552438/11737120473
5507,17088439367,308628919,https://shopee.com.br/product/308628919/17088439367
5508,25392989576,376221066,https://shopee.com.br/product/376221066/25392989576
5509,21397969749,1146529360,https://shopee.com.br/product/1146529360/21397969749
5510,23522666236,308628919,https://shopee.com.br/product/308628919/23522666236
5511,22694177681,1081505086,https://shopee.com.br/product/1081505086/22694177681
5512,22693665296,1328278916,https://shopee.com.br/product/1328278916/22693665296
5513,23625388469,939334135,https://shopee.com.br/product/939334135/23625388469
5514,18028861793,378447288,https://shopee.com.br/product/378447288/18028861793
5515,22919276042,604489889,https://shopee.com.br/product/604489889/22919276042
5516,23197607416,408999524,https://shopee.com.br/product/408999524/23197607416
5517,20298977262,337531568,https://shopee.com.br/product/337531568/20298977262
5518,13009041230,281898655,https://shopee.com.br/product/281898655/13009041230
5519,22293538217,304278646,https://shopee.com.br/product/304278646/22293538217
5520,6793796431,322399178,https://shopee.com.br/product/322399178/6793796431
5521,22722312872,939334135,https://shopee.com.br/product/939334135/22722312872
5522,56450055327,599271358,https://shopee.com.br/product/599271358/56450055327
5523,22797546707,397583038,https://shopee.com.br/product/397583038/22797546707
5524,20497172287,1029852536,https://shopee.com.br/product/1029852536/20497172287
5525,23794203841,1264071501,https://shopee.com.br/product/1264071501/23794203841
5526,19299241837,408999524,https://shopee.com.br/product/408999524/19299241837
5527,53950116432,599271358,https://shopee.com.br/product/599271358/53950116432
5528,12453682772,599271358,https://shopee.com.br/product/599271358/12453682772
5529,23293281404,648928964,https://shopee.com.br/product/648928964/23293281404
5530,22897612407,442506479,https://shopee.com.br/product/442506479/22897612407
5531,22796939901,337531568,https://shopee.com.br/product/337531568/22796939901
5532,58203129170,1163359442,https://shopee.com.br/product/1163359442/58203129170
5533,58264943708,413779333,https://shopee.com.br/product/413779333/58264943708
5534,22297468931,408999524,https://shopee.com.br/product/408999524/22297468931
5535,19198025001,1328278916,https://shopee.com.br/product/1328278916/19198025001
5536,52300065663,599271358,https://shopee.com.br/product/599271358/52300065663
5537,22692684333,462263068,https://shopee.com.br/product/462263068/22692684333
5538,23593120162,442506479,https://shopee.com.br/product/442506479/23593120162
5539,23094864079,965617276,https://shopee.com.br/product/965617276/23094864079
5540,23992890385,442506479,https://shopee.com.br/product/442506479/23992890385
5541,41225512652,356841149,https://shopee.com.br/product/356841149/41225512652
5542,11308315185,316557325,https://shopee.com.br/product/316557325/11308315185
5543,22798822978,1477305422,https://shopee.com.br/product/1477305422/22798822978
5544,21996858873,599271358,https://shopee.com.br/product/599271358/21996858873
5545,22131478592,378447288,https://shopee.com.br/product/378447288/22131478592
5546,21298022635,1333507062,https://shopee.com.br/product/1333507062/21298022635
5547,9470817020,281898655,https://shopee.com.br/product/281898655/9470817020
5548,20023707287,805449066,https://shopee.com.br/product/805449066/20023707287
5549,58208148804,1541325700,https://shopee.com.br/product/1541325700/58208148804
5550,17078901499,805449066,https://shopee.com.br/product/805449066/17078901499
5551,23093530181,1386771889,https://shopee.com.br/product/1386771889/23093530181
5552,13278328280,337531568,https://shopee.com.br/product/337531568/13278328280
5553,18196969708,939334135,https://shopee.com.br/product/939334135/18196969708
5554,23993574867,530578890,https://shopee.com.br/product/530578890/23993574867
5555,23892720970,1264071501,https://shopee.com.br/product/1264071501/23892720970
5556,21098201133,1165360419,https://shopee.com.br/product/1165360419/21098201133
5557,29334482215,599271358,https://shopee.com.br/product/599271358/29334482215
5558,18422337099,805449066,https://shopee.com.br/product/805449066/18422337099
5559,23492952564,511553005,https://shopee.com.br/product/511553005/23492952564
5560,42115543389,316557325,https://shopee.com.br/product/316557325/42115543389
5561,22798445933,413779333,https://shopee.com.br/product/413779333/22798445933
5562,18698279401,1248180593,https://shopee.com.br/product/1248180593/18698279401
5563,13431204130,281898655,https://shopee.com.br/product/281898655/13431204130
5564,23897561691,464586953,https://shopee.com.br/product/464586953/23897561691
5565,23697758223,390327339,https://shopee.com.br/product/390327339/23697758223
5566,18599323121,590473480,https://shopee.com.br/product/590473480/18599323121
5567,21299248835,350194951,https://shopee.com.br/product/350194951/21299248835
5568,19999499326,604489889,https://shopee.com.br/product/604489889/19999499326
5569,22892617753,296093764,https://shopee.com.br/product/296093764/22892617753
5570,58253291926,413779333,https://shopee.com.br/product/413779333/58253291926
5571,29895108439,464586953,https://shopee.com.br/product/464586953/29895108439
5572,23298540906,822103155,https://shopee.com.br/product/822103155/23298540906
5573,52903952237,1146529360,https://shopee.com.br/product/1146529360/52903952237
5574,21297638660,450610050,https://shopee.com.br/product/450610050/21297638660
5575,23592934585,335160199,https://shopee.com.br/product/335160199/23592934585
5576,57956279765,552896405,https://shopee.com.br/product/552896405/57956279765
5577,13255070807,599271358,https://shopee.com.br/product/599271358/13255070807
5578,23091294288,442506479,https://shopee.com.br/product/442506479/23091294288
5579,23993167520,1248180593,https://shopee.com.br/product/1248180593/23993167520
5580,18508235115,303439692,https://shopee.com.br/product/303439692/18508235115
5581,16579031262,805449066,https://shopee.com.br/product/805449066/16579031262
5582,22393649160,1316611304,https://shopee.com.br/product/1316611304/22393649160
5583,14654799199,337531568,https://shopee.com.br/product/337531568/14654799199
5584,20223723947,805449066,https://shopee.com.br/product/805449066/20223723947
5585,19797805044,455103761,https://shopee.com.br/product/455103761/19797805044
5586,23522666264,308628919,https://shopee.com.br/product/308628919/23522666264
5587,21802922264,281898655,https://shopee.com.br/product/281898655/21802922264
5588,41668260244,762383390,https://shopee.com.br/product/762383390/41668260244
5589,23297683598,408999524,https://shopee.com.br/product/408999524/23297683598
5590,40508749041,560644869,https://shopee.com.br/product/560644869/40508749041
5591,29339514737,599271358,https://shopee.com.br/product/599271358/29339514737
5592,21499672059,1314813681,https://shopee.com.br/product/1314813681/21499672059
5593,49904788601,1314813681,https://shopee.com.br/product/1314813681/49904788601
5594,22697975971,1146529360,https://shopee.com.br/product/1146529360/22697975971
5595,25996195857,335160199,https://shopee.com.br/product/335160199/25996195857
5596,23625396559,939334135,https://shopee.com.br/product/939334135/23625396559
5597,22694153055,334741920,https://shopee.com.br/product/334741920/22694153055
5598,13198422991,408128510,https://shopee.com.br/product/408128510/13198422991
5599,16162446064,604489889,https://shopee.com.br/product/604489889/16162446064
5600,4669811709,350194951,https://shopee.com.br/product/350194951/4669811709
5601,20399565330,337531568,https://shopee.com.br/product/337531568/20399565330
5602,12380722271,337531568,https://shopee.com.br/product/337531568/12380722271
5603,47205513281,869809385,https://shopee.com.br/product/869809385/47205513281
5604,54065744395,1730265575,https://shopee.com.br/product/1730265575/54065744395
5605,19599070747,442506479,https://shopee.com.br/product/442506479/19599070747
5606,22793281122,965617276,https://shopee.com.br/product/965617276/22793281122
5607,22593068608,1264071501,https://shopee.com.br/product/1264071501/22593068608
5608,22794340440,442506479,https://shopee.com.br/product/442506479/22794340440
5609,19999891740,413779333,https://shopee.com.br/product/413779333/19999891740
5610,15688060915,402450553,https://shopee.com.br/product/402450553/15688060915
5611,47409461763,1423372949,https://shopee.com.br/product/1423372949/47409461763
5612,21197726198,412527932,https://shopee.com.br/product/412527932/21197726198
5613,23798676889,1423372949,https://shopee.com.br/product/1423372949/23798676889
5614,26342012431,1146529360,https://shopee.com.br/product/1146529360/26342012431
5615,22692972113,408999524,https://shopee.com.br/product/408999524/22692972113
5616,18099245605,442506479,https://shopee.com.br/product/442506479/18099245605
5617,22697589751,1264071501,https://shopee.com.br/product/1264071501/22697589751
5618,22592246291,479405487,https://shopee.com.br/product/479405487/22592246291
5619,47764502459,869809385,https://shopee.com.br/product/869809385/47764502459
5620,44409327670,1248180593,https://shopee.com.br/product/1248180593/44409327670
5621,50309587119,402450553,https://shopee.com.br/product/402450553/50309587119
5622,21999575366,376221066,https://shopee.com.br/product/376221066/21999575366
5623,22292990270,408999524,https://shopee.com.br/product/408999524/22292990270
5624,22898141649,1316611304,https://shopee.com.br/product/1316611304/22898141649
5625,22092816478,337531568,https://shopee.com.br/product/337531568/22092816478
5626,23198145335,1316611304,https://shopee.com.br/product/1316611304/23198145335
5627,22797484844,902146556,https://shopee.com.br/product/902146556/22797484844
5628,23493685282,436723291,https://shopee.com.br/product/436723291/23493685282
5629,48650077498,1146529360,https://shopee.com.br/product/1146529360/48650077498
5630,23197976171,1146529360,https://shopee.com.br/product/1146529360/23197976171
5631,10773763784,599271358,https://shopee.com.br/product/599271358/10773763784
5632,58205658746,1477305422,https://shopee.com.br/product/1477305422/58205658746
5633,20662065862,455103761,https://shopee.com.br/product/455103761/20662065862
5634,21398020326,822103155,https://shopee.com.br/product/822103155/21398020326
5635,15260297016,337531568,https://shopee.com.br/product/337531568/15260297016
5636,22797144842,337531568,https://shopee.com.br/product/337531568/22797144842
5637,20399359948,462263068,https://shopee.com.br/product/462263068/20399359948
5638,20797920991,604489889,https://shopee.com.br/product/604489889/20797920991
5639,18497124332,805449066,https://shopee.com.br/product/805449066/18497124332
5640,52150384862,856641146,https://shopee.com.br/product/856641146/52150384862
5641,22793401247,408999524,https://shopee.com.br/product/408999524/22793401247
5642,40808748997,560644869,https://shopee.com.br/product/560644869/40808748997
5643,58252085959,965617276,https://shopee.com.br/product/965617276/58252085959
5644,22992684649,462263068,https://shopee.com.br/product/462263068/22992684649
5645,58260048376,1721810104,https://shopee.com.br/product/1721810104/58260048376
5646,21399077638,455103761,https://shopee.com.br/product/455103761/21399077638
5647,22793965702,1477305422,https://shopee.com.br/product/1477305422/22793965702
5648,18898193873,965617276,https://shopee.com.br/product/965617276/18898193873
5649,7476247730,296093764,https://shopee.com.br/product/296093764/7476247730
5650,18353372644,455103761,https://shopee.com.br/product/455103761/18353372644
5651,23196510867,305108896,https://shopee.com.br/product/305108896/23196510867
5652,18099248748,939334135,https://shopee.com.br/product/939334135/18099248748
5653,19699318626,378447288,https://shopee.com.br/product/378447288/19699318626
5654,12897506186,455103761,https://shopee.com.br/product/455103761/12897506186
5655,22098473421,965617276,https://shopee.com.br/product/965617276/22098473421
5656,23897739671,402450553,https://shopee.com.br/product/402450553/23897739671
5657,58261323368,316070154,https://shopee.com.br/product/316070154/58261323368
5658,22098785671,378447288,https://shopee.com.br/product/378447288/22098785671
5659,47200131023,599271358,https://shopee.com.br/product/599271358/47200131023
5660,20620748826,805449066,https://shopee.com.br/product/805449066/20620748826
5661,23294403161,822103155,https://shopee.com.br/product/822103155/23294403161
5662,23794357399,296093764,https://shopee.com.br/product/296093764/23794357399
5663,42962631524,290073877,https://shopee.com.br/product/290073877/42962631524
5664,22891690885,511553005,https://shopee.com.br/product/511553005/22891690885
5665,29639557458,599271358,https://shopee.com.br/product/599271358/29639557458
5666,22397486371,442506479,https://shopee.com.br/product/442506479/22397486371
5667,54313501993,1248180593,https://shopee.com.br/product/1248180593/54313501993
5668,22597903179,973004594,https://shopee.com.br/product/973004594/22597903179
5669,58251693563,648928964,https://shopee.com.br/product/648928964/58251693563
5670,57105030490,1219384404,https://shopee.com.br/product/1219384404/57105030490
5671,23197776627,479405487,https://shopee.com.br/product/479405487/23197776627
5672,22894942883,1758065666,https://shopee.com.br/product/1758065666/22894942883
5673,23293495778,1146529360,https://shopee.com.br/product/1146529360/23293495778
5674,22594688654,497552438,https://shopee.com.br/product/497552438/22594688654
5675,20628386563,305108896,https://shopee.com.br/product/305108896/20628386563
5676,22692684340,462263068,https://shopee.com.br/product/462263068/22692684340
5677,58256070596,1477305422,https://shopee.com.br/product/1477305422/58256070596
5678,27188743118,560644869,https://shopee.com.br/product/560644869/27188743118
5679,8615910616,305108896,https://shopee.com.br/product/305108896/8615910616
5680,22093118396,412527932,https://shopee.com.br/product/412527932/22093118396
5681,23698465279,1477305422,https://shopee.com.br/product/1477305422/23698465279
5682,18499302097,648928964,https://shopee.com.br/product/648928964/18499302097
5683,42371702316,390327339,https://shopee.com.br/product/390327339/42371702316
5684,21399335407,335160199,https://shopee.com.br/product/335160199/21399335407
5685,23594083004,1010974641,https://shopee.com.br/product/1010974641/23594083004
5686,46959989540,599271358,https://shopee.com.br/product/599271358/46959989540
5687,22622313323,939334135,https://shopee.com.br/product/939334135/22622313323
5688,41628431927,869809385,https://shopee.com.br/product/869809385/41628431927
5689,23295779492,800925303,https://shopee.com.br/product/800925303/23295779492
5690,18299599857,1337527569,https://shopee.com.br/product/1337527569/18299599857
5691,49212701734,479405487,https://shopee.com.br/product/479405487/49212701734
5692,44952191570,356841149,https://shopee.com.br/product/356841149/44952191570
5693,23225396634,939334135,https://shopee.com.br/product/939334135/23225396634
5694,22598806741,376716003,https://shopee.com.br/product/376716003/22598806741
5695,53862618003,378447288,https://shopee.com.br/product/378447288/53862618003
5696,22598570732,402450553,https://shopee.com.br/product/402450553/22598570732
5697,23193656865,590473480,https://shopee.com.br/product/590473480/23193656865
5698,58206170694,413779333,https://shopee.com.br/product/413779333/58206170694
5699,20397421652,946161700,https://shopee.com.br/product/946161700/20397421652
5700,8509859528,303439692,https://shopee.com.br/product/303439692/8509859528
5701,58253051937,1674300605,https://shopee.com.br/product/1674300605/58253051937
5702,43174381812,408128510,https://shopee.com.br/product/408128510/43174381812
5703,23398210096,337531568,https://shopee.com.br/product/337531568/23398210096
5704,19597475178,401986069,https://shopee.com.br/product/401986069/19597475178
5705,23697728583,408999524,https://shopee.com.br/product/408999524/23697728583
5706,41680813991,469163480,https://shopee.com.br/product/469163480/41680813991
5707,23097975820,1146529360,https://shopee.com.br/product/1146529360/23097975820
5708,23595877253,946161700,https://shopee.com.br/product/946161700/23595877253
5709,22598100077,337531568,https://shopee.com.br/product/337531568/22598100077
5710,22292926021,1045085918,https://shopee.com.br/product/1045085918/22292926021
5711,23691248482,805449066,https://shopee.com.br/product/805449066/23691248482
5712,22798462039,1477305422,https://shopee.com.br/product/1477305422/22798462039
5713,22794032181,462263068,https://shopee.com.br/product/462263068/22794032181
5714,47512897993,1029852536,https://shopee.com.br/product/1029852536/47512897993
5715,57654353366,386232023,https://shopee.com.br/product/386232023/57654353366
5716,18353374630,455103761,https://shopee.com.br/product/455103761/18353374630
5717,22294354862,1328278916,https://shopee.com.br/product/1328278916/22294354862
5718,27043299617,1146529360,https://shopee.com.br/product/1146529360/27043299617
5719,23892554207,350194951,https://shopee.com.br/product/350194951/23892554207
5720,23193647404,822103155,https://shopee.com.br/product/822103155/23193647404
5721,20598920758,408653169,https://shopee.com.br/product/408653169/20598920758
5722,19055962543,604489889,https://shopee.com.br/product/604489889/19055962543
5723,19128386548,305108896,https://shopee.com.br/product/305108896/19128386548
5724,19428387069,305108896,https://shopee.com.br/product/305108896/19428387069
5725,58200183350,789807677,https://shopee.com.br/product/789807677/58200183350
5726,18299307809,408999524,https://shopee.com.br/product/408999524/18299307809
5727,22998732349,272868574,https://shopee.com.br/product/272868574/22998732349
5728,22098477892,1477305422,https://shopee.com.br/product/1477305422/22098477892
5729,22994626126,1270199189,https://shopee.com.br/product/1270199189/22994626126
5730,22793210427,378447288,https://shopee.com.br/product/378447288/22793210427
5731,22897488071,281898655,https://shopee.com.br/product/281898655/22897488071
5732,19599318634,402450553,https://shopee.com.br/product/402450553/19599318634
5733,22097777463,805449066,https://shopee.com.br/product/805449066/22097777463
5734,4661346873,316557325,https://shopee.com.br/product/316557325/4661346873
5735,53157019323,316557325,https://shopee.com.br/product/316557325/53157019323
5736,23492367580,296093764,https://shopee.com.br/product/296093764/23492367580
5737,23193473622,805449066,https://shopee.com.br/product/805449066/23193473622
5738,19302735863,408128510,https://shopee.com.br/product/408128510/19302735863
5739,23098216937,402450553,https://shopee.com.br/product/402450553/23098216937
5740,22092638007,402450553,https://shopee.com.br/product/402450553/22092638007
5741,5079512661,305108896,https://shopee.com.br/product/305108896/5079512661
5742,40722774131,511553005,https://shopee.com.br/product/511553005/40722774131
5743,50410797429,789807677,https://shopee.com.br/product/789807677/50410797429
5744,23092136453,450610050,https://shopee.com.br/product/450610050/23092136453
5745,18697736305,1051446617,https://shopee.com.br/product/1051446617/18697736305
5746,11638959039,462263068,https://shopee.com.br/product/462263068/11638959039
5747,23798654639,1557525936,https://shopee.com.br/product/1557525936/23798654639
5748,41580688323,1165360419,https://shopee.com.br/product/1165360419/41580688323
5749,22494957521,965617276,https://shopee.com.br/product/965617276/22494957521
5750,47712462839,378447288,https://shopee.com.br/product/378447288/47712462839
5751,41471395477,511553005,https://shopee.com.br/product/511553005/41471395477
5752,58251529451,854082976,https://shopee.com.br/product/854082976/58251529451
5753,43533028850,1165360419,https://shopee.com.br/product/1165360419/43533028850
5754,57955501833,869809385,https://shopee.com.br/product/869809385/57955501833
5755,44221660389,856641146,https://shopee.com.br/product/856641146/44221660389
5756,23697164842,805449066,https://shopee.com.br/product/805449066/23697164842
5757,43315200822,1423372949,https://shopee.com.br/product/1423372949/43315200822
5758,58215200740,1494220424,https://shopee.com.br/product/1494220424/58215200740
5759,58203112185,1494220424,https://shopee.com.br/product/1494220424/58203112185
5760,56116781982,296093764,https://shopee.com.br/product/296093764/56116781982
5761,22522319549,939334135,https://shopee.com.br/product/939334135/22522319549
5762,23493111330,1225401015,https://shopee.com.br/product/1225401015/23493111330
5763,23493660341,1328278916,https://shopee.com.br/product/1328278916/23493660341
5764,22291099411,942805673,https://shopee.com.br/product/942805673/22291099411
5765,23793216067,1328711923,https://shopee.com.br/product/1328711923/23793216067
5766,9882796972,305108896,https://shopee.com.br/product/305108896/9882796972
5767,23498351346,648928964,https://shopee.com.br/product/648928964/23498351346
5768,18697356969,408128510,https://shopee.com.br/product/408128510/18697356969
5769,22993083582,408128510,https://shopee.com.br/product/408128510/22993083582
5770,22898055821,805449066,https://shopee.com.br/product/805449066/22898055821
5771,9315737897,305108896,https://shopee.com.br/product/305108896/9315737897
5772,2982043854,413779333,https://shopee.com.br/product/413779333/2982043854
5773,19199318365,528273775,https://shopee.com.br/product/528273775/19199318365
5774,19399381191,805449066,https://shopee.com.br/product/805449066/19399381191
5775,22894313715,378447288,https://shopee.com.br/product/378447288/22894313715
5776,8215905783,305108896,https://shopee.com.br/product/305108896/8215905783
5777,23292014158,305108896,https://shopee.com.br/product/305108896/23292014158
5778,58200004844,939446263,https://shopee.com.br/product/939446263/58200004844
5779,41070814743,1146529360,https://shopee.com.br/product/1146529360/41070814743
5780,42721706266,390327339,https://shopee.com.br/product/390327339/42721706266
5781,23294942706,1758065666,https://shopee.com.br/product/1758065666/23294942706
5782,23292261834,327632351,https://shopee.com.br/product/327632351/23292261834
5783,58210631315,446413605,https://shopee.com.br/product/446413605/58210631315
5784,18399731943,1477305422,https://shopee.com.br/product/1477305422/18399731943
5785,17980528251,305108896,https://shopee.com.br/product/305108896/17980528251
5786,58210596631,1737987690,https://shopee.com.br/product/1737987690/58210596631
5787,18297457948,337531568,https://shopee.com.br/product/337531568/18297457948
5788,41461643777,1328711923,https://shopee.com.br/product/1328711923/41461643777
5789,58200184439,462263068,https://shopee.com.br/product/462263068/58200184439
5790,52400991346,1146529360,https://shopee.com.br/product/1146529360/52400991346
5791,23298326785,939334135,https://shopee.com.br/product/939334135/23298326785
5792,18598985436,337531568,https://shopee.com.br/product/337531568/18598985436
5793,22892617493,402450553,https://shopee.com.br/product/402450553/22892617493
5794,22198224463,402450553,https://shopee.com.br/product/402450553/22198224463
5795,22093281062,805449066,https://shopee.com.br/product/805449066/22093281062
5796,20699299652,412527932,https://shopee.com.br/product/412527932/20699299652
5797,22396940000,296093764,https://shopee.com.br/product/296093764/22396940000
5798,20798295141,1225401015,https://shopee.com.br/product/1225401015/20798295141
5799,22193254978,390327339,https://shopee.com.br/product/390327339/22193254978
5800,22706985723,705932885,https://shopee.com.br/product/705932885/22706985723
5801,46061651694,599271358,https://shopee.com.br/product/599271358/46061651694
5802,15460296771,337531568,https://shopee.com.br/product/337531568/15460296771
5803,19397974158,281898655,https://shopee.com.br/product/281898655/19397974158
5804,18952561855,408128510,https://shopee.com.br/product/408128510/18952561855
5805,22292841105,337531568,https://shopee.com.br/product/337531568/22292841105
5806,58200104415,1270199189,https://shopee.com.br/product/1270199189/58200104415
5807,54611242418,869809385,https://shopee.com.br/product/869809385/54611242418
5808,28745599119,1264071501,https://shopee.com.br/product/1264071501/28745599119
5809,18728386424,305108896,https://shopee.com.br/product/305108896/18728386424
5810,42778431957,869809385,https://shopee.com.br/product/869809385/42778431957
5811,51565569795,552896405,https://shopee.com.br/product/552896405/51565569795
5812,22994447880,805449066,https://shopee.com.br/product/805449066/22994447880
5813,54005489777,869809385,https://shopee.com.br/product/869809385/54005489777
5814,23698055599,805449066,https://shopee.com.br/product/805449066/23698055599
5815,23693581428,378447288,https://shopee.com.br/product/378447288/23693581428
5816,51461164285,1470120726,https://shopee.com.br/product/1470120726/51461164285
5817,15281348421,378447288,https://shopee.com.br/product/378447288/15281348421
5818,29291654755,354913181,https://shopee.com.br/product/354913181/29291654755
5819,22497479789,350194951,https://shopee.com.br/product/350194951/22497479789
5820,20542154690,856641146,https://shopee.com.br/product/856641146/20542154690
5821,21899086648,402450553,https://shopee.com.br/product/402450553/21899086648
5822,22597484073,350194951,https://shopee.com.br/product/350194951/22597484073
5823,21097069368,337531568,https://shopee.com.br/product/337531568/21097069368
5824,47900088885,599271358,https://shopee.com.br/product/599271358/47900088885
5825,43961632337,599271358,https://shopee.com.br/product/599271358/43961632337
5826,23393866235,1314243679,https://shopee.com.br/product/1314243679/23393866235
5827,46955626387,435277938,https://shopee.com.br/product/435277938/46955626387
5828,58200491391,1516596857,https://shopee.com.br/product/1516596857/58200491391
5829,20197664766,339582052,https://shopee.com.br/product/339582052/20197664766
5830,48061574551,1177369665,https://shopee.com.br/product/1177369665/48061574551
5831,58209108140,1758065666,https://shopee.com.br/product/1758065666/58209108140
5832,19777395681,800925303,https://shopee.com.br/product/800925303/19777395681
5833,23091901090,946161700,https://shopee.com.br/product/946161700/23091901090
5834,58258578519,805449066,https://shopee.com.br/product/805449066/58258578519
5835,18522438797,805449066,https://shopee.com.br/product/805449066/18522438797
5836,55661555984,1177369665,https://shopee.com.br/product/1177369665/55661555984
5837,53157503020,297240324,https://shopee.com.br/product/297240324/53157503020
5838,21305551974,378447288,https://shopee.com.br/product/378447288/21305551974
5839,43531423209,599271358,https://shopee.com.br/product/599271358/43531423209
5840,58265520424,822103155,https://shopee.com.br/product/822103155/58265520424
5841,19897407149,400973800,https://shopee.com.br/product/400973800/19897407149
5842,22893064262,1264071501,https://shopee.com.br/product/1264071501/22893064262
5843,20697293332,322399178,https://shopee.com.br/product/322399178/20697293332
5844,20999562231,1326653835,https://shopee.com.br/product/1326653835/20999562231
5845,58262275635,822103155,https://shopee.com.br/product/822103155/58262275635
5846,25847316899,511553005,https://shopee.com.br/product/511553005/25847316899
5847,28289270289,856641146,https://shopee.com.br/product/856641146/28289270289
5848,58258351807,1328633078,https://shopee.com.br/product/1328633078/58258351807
5849,23794146089,462263068,https://shopee.com.br/product/462263068/23794146089
5850,58266071905,1687531684,https://shopee.com.br/product/1687531684/58266071905
5851,23993468423,281898655,https://shopee.com.br/product/281898655/23993468423
5852,56865000776,479405487,https://shopee.com.br/product/479405487/56865000776
5853,49710595772,1248180593,https://shopee.com.br/product/1248180593/49710595772
5854,22093021606,946161700,https://shopee.com.br/product/946161700/22093021606
5855,7657447770,322399178,https://shopee.com.br/product/322399178/7657447770
5856,23097912223,479405487,https://shopee.com.br/product/479405487/23097912223
5857,19297519655,816806234,https://shopee.com.br/product/816806234/19297519655
5858,56416026594,304278646,https://shopee.com.br/product/304278646/56416026594
5859,20599361682,305108896,https://shopee.com.br/product/305108896/20599361682
5860,54311542293,718558431,https://shopee.com.br/product/718558431/54311542293
5861,46604335306,1165360419,https://shopee.com.br/product/1165360419/46604335306
5862,5479473138,305108896,https://shopee.com.br/product/305108896/5479473138
5863,21238635047,402450553,https://shopee.com.br/product/402450553/21238635047
5864,21897969771,1146529360,https://shopee.com.br/product/1146529360/21897969771
5865,18399731949,1477305422,https://shopee.com.br/product/1477305422/18399731949
5866,22998238055,378447288,https://shopee.com.br/product/378447288/22998238055
5867,41815348356,1423372949,https://shopee.com.br/product/1423372949/41815348356
5868,23494702058,304278646,https://shopee.com.br/product/304278646/23494702058
5869,19498979693,337531568,https://shopee.com.br/product/337531568/19498979693
5870,23393095568,1225401015,https://shopee.com.br/product/1225401015/23393095568
5871,49815600831,552896405,https://shopee.com.br/product/552896405/49815600831
5872,23698051195,805449066,https://shopee.com.br/product/805449066/23698051195
5873,23994426805,822103155,https://shopee.com.br/product/822103155/23994426805
5874,19097761513,1248180593,https://shopee.com.br/product/1248180593/19097761513
5875,49715643128,304278646,https://shopee.com.br/product/304278646/49715643128
5876,20697201386,408128510,https://shopee.com.br/product/408128510/20697201386
5877,4779472644,305108896,https://shopee.com.br/product/305108896/4779472644
5878,18899256128,530578890,https://shopee.com.br/product/530578890/18899256128
5879,58200105133,1270199189,https://shopee.com.br/product/1270199189/58200105133
5880,43228493778,604489889,https://shopee.com.br/product/604489889/43228493778
5881,23093660959,1328278916,https://shopee.com.br/product/1328278916/23093660959
5882,57517633598,356841149,https://shopee.com.br/product/356841149/57517633598
5883,27444050926,869809385,https://shopee.com.br/product/869809385/27444050926
5884,22492626772,442506479,https://shopee.com.br/product/442506479/22492626772
5885,23392214222,805449066,https://shopee.com.br/product/805449066/23392214222
5886,20477228628,281898655,https://shopee.com.br/product/281898655/20477228628
5887,28792878534,1384728500,https://shopee.com.br/product/1384728500/28792878534
5888,58207216335,805449066,https://shopee.com.br/product/805449066/58207216335
5889,18499302099,648928964,https://shopee.com.br/product/648928964/18499302099
5890,23697497409,1225401015,https://shopee.com.br/product/1225401015/23697497409
5891,23393093420,337531568,https://shopee.com.br/product/337531568/23393093420
5892,22093681858,337531568,https://shopee.com.br/product/337531568/22093681858
5893,55401334893,290073877,https://shopee.com.br/product/290073877/55401334893
5894,46604759827,1219384404,https://shopee.com.br/product/1219384404/46604759827
5895,20898319152,1081505086,https://shopee.com.br/product/1081505086/20898319152
5896,22992974584,408128510,https://shopee.com.br/product/408128510/22992974584
5897,23093248430,450610050,https://shopee.com.br/product/450610050/23093248430
5898,23693392147,337531568,https://shopee.com.br/product/337531568/23693392147
5899,20597077302,408128510,https://shopee.com.br/product/408128510/20597077302
5900,22393492333,305108896,https://shopee.com.br/product/305108896/22393492333
5901,19499370082,402450553,https://shopee.com.br/product/402450553/19499370082
5902,19999048141,312703265,https://shopee.com.br/product/312703265/19999048141
5903,58253082227,1674300605,https://shopee.com.br/product/1674300605/58253082227
5904,22797585665,1264071501,https://shopee.com.br/product/1264071501/22797585665
5905,22498993080,471903358,https://shopee.com.br/product/471903358/22498993080
5906,58250228638,1516596857,https://shopee.com.br/product/1516596857/58250228638
5907,58203065768,1674300605,https://shopee.com.br/product/1674300605/58203065768
5908,51209973643,1328278916,https://shopee.com.br/product/1328278916/51209973643
5909,23797758213,390327339,https://shopee.com.br/product/390327339/23797758213
5910,21897685503,1225401015,https://shopee.com.br/product/1225401015/21897685503
5911,58255453001,1050213612,https://shopee.com.br/product/1050213612/58255453001
5912,41205916321,1186779187,https://shopee.com.br/product/1186779187/41205916321
5913,43571702442,390327339,https://shopee.com.br/product/390327339/43571702442
5914,22293126258,402450553,https://shopee.com.br/product/402450553/22293126258
5915,23693180913,1314243679,https://shopee.com.br/product/1314243679/23693180913
5916,23798787708,296093764,https://shopee.com.br/product/296093764/23798787708
5917,23293911273,378447288,https://shopee.com.br/product/378447288/23293911273
5918,29295365896,450610050,https://shopee.com.br/product/450610050/29295365896
5919,23794146194,462263068,https://shopee.com.br/product/462263068/23794146194
5920,20999556065,805449066,https://shopee.com.br/product/805449066/20999556065
5921,56316031484,1146529360,https://shopee.com.br/product/1146529360/56316031484
5922,23997979537,296093764,https://shopee.com.br/product/296093764/23997979537
5923,23794615389,648928964,https://shopee.com.br/product/648928964/23794615389
5924,23593269620,800925303,https://shopee.com.br/product/800925303/23593269620
5925,23492995823,1225401015,https://shopee.com.br/product/1225401015/23492995823
5926,46655446520,281898655,https://shopee.com.br/product/281898655/46655446520
5927,46150136389,842996464,https://shopee.com.br/product/842996464/46150136389
5928,19299318843,408128510,https://shopee.com.br/product/408128510/19299318843
5929,21756018738,313968882,https://shopee.com.br/product/313968882/21756018738
5930,23493269680,337531568,https://shopee.com.br/product/337531568/23493269680
5931,23493087700,1264071501,https://shopee.com.br/product/1264071501/23493087700
5932,53017217473,316749752,https://shopee.com.br/product/316749752/53017217473
5933,21799598197,805449066,https://shopee.com.br/product/805449066/21799598197
5934,58256810352,1027399414,https://shopee.com.br/product/1027399414/58256810352
5935,50303340635,442506479,https://shopee.com.br/product/442506479/50303340635
5936,26290328090,1088013647,https://shopee.com.br/product/1088013647/26290328090
5937,57204272753,450610050,https://shopee.com.br/product/450610050/57204272753
5938,43928145507,1384728500,https://shopee.com.br/product/1384728500/43928145507
5939,22594655579,778895824,https://shopee.com.br/product/778895824/22594655579
5940,5976252852,296093764,https://shopee.com.br/product/296093764/5976252852
5941,58206572899,462263068,https://shopee.com.br/product/462263068/58206572899
5942,18199273618,436723291,https://shopee.com.br/product/436723291/18199273618
5943,22794226236,376716003,https://shopee.com.br/product/376716003/22794226236
5944,57500116105,842996464,https://shopee.com.br/product/842996464/57500116105
5945,13898411633,378940206,https://shopee.com.br/product/378940206/13898411633
5946,23197326627,296093764,https://shopee.com.br/product/296093764/23197326627
5947,48503488515,373594761,https://shopee.com.br/product/373594761/48503488515
5948,22997980125,1146529360,https://shopee.com.br/product/1146529360/22997980125
5949,23997879098,819102498,https://shopee.com.br/product/819102498/23997879098
5950,11321272748,305108896,https://shopee.com.br/product/305108896/11321272748
5951,41709129354,305108896,https://shopee.com.br/product/305108896/41709129354
5952,42375797843,842996464,https://shopee.com.br/product/842996464/42375797843
5953,22793910867,1275097038,https://shopee.com.br/product/1275097038/22793910867
5954,27388743100,560644869,https://shopee.com.br/product/560644869/27388743100
5955,17080424483,805449066,https://shopee.com.br/product/805449066/17080424483
5956,23091777764,296093764,https://shopee.com.br/product/296093764/23091777764
5957,23597559661,1264071501,https://shopee.com.br/product/1264071501/23597559661
5958,22597636781,350194951,https://shopee.com.br/product/350194951/22597636781
5959,58101349331,290073877,https://shopee.com.br/product/290073877/58101349331
5960,58208269547,1333507062,https://shopee.com.br/product/1333507062/58208269547
5961,58209668869,1676555041,https://shopee.com.br/product/1676555041/58209668869
5962,23394679073,1587699638,https://shopee.com.br/product/1587699638/23394679073
5963,23397608835,816806234,https://shopee.com.br/product/816806234/23397608835
5964,23794009139,1477305422,https://shopee.com.br/product/1477305422/23794009139
5965,22698350799,648928964,https://shopee.com.br/product/648928964/22698350799
5966,22194765477,1541325700,https://shopee.com.br/product/1541325700/22194765477
5967,19842155888,856641146,https://shopee.com.br/product/856641146/19842155888
5968,22298201032,1007842724,https://shopee.com.br/product/1007842724/22298201032
5969,22225825805,800925303,https://shopee.com.br/product/800925303/22225825805
5970,14937026341,612143990,https://shopee.com.br/product/612143990/14937026341
5971,19597785944,281898655,https://shopee.com.br/product/281898655/19597785944
5972,23892650682,408128510,https://shopee.com.br/product/408128510/23892650682
5973,19998262005,316557325,https://shopee.com.br/product/316557325/19998262005
5974,27139265224,856641146,https://shopee.com.br/product/856641146/27139265224
5975,22399138141,648928964,https://shopee.com.br/product/648928964/22399138141
5976,43151451040,856641146,https://shopee.com.br/product/856641146/43151451040
5977,22391782018,296093764,https://shopee.com.br/product/296093764/22391782018
5978,20799887692,349137150,https://shopee.com.br/product/349137150/20799887692
5979,21798885562,337531568,https://shopee.com.br/product/337531568/21798885562
5980,55655868165,450610050,https://shopee.com.br/product/450610050/55655868165
5981,46709346528,402450553,https://shopee.com.br/product/402450553/46709346528
5982,57508201582,455103761,https://shopee.com.br/product/455103761/57508201582
5983,13319786623,378447288,https://shopee.com.br/product/378447288/13319786623
5984,22998803529,445163047,https://shopee.com.br/product/445163047/22998803529
5985,19497122091,296093764,https://shopee.com.br/product/296093764/19497122091
5986,18598690474,296093764,https://shopee.com.br/product/296093764/18598690474
5987,23492675424,349137150,https://shopee.com.br/product/349137150/23492675424
5988,22991241277,378447288,https://shopee.com.br/product/378447288/22991241277
5989,22893051740,305108896,https://shopee.com.br/product/305108896/22893051740
5990,58208930757,462263068,https://shopee.com.br/product/462263068/58208930757
5991,19925842272,819102498,https://shopee.com.br/product/819102498/19925842272
5992,22594693068,1081505086,https://shopee.com.br/product/1081505086/22594693068
5993,46050781080,443107548,https://shopee.com.br/product/443107548/46050781080
5994,45311273154,450610050,https://shopee.com.br/product/450610050/45311273154
5995,22793965718,1477305422,https://shopee.com.br/product/1477305422/22793965718
5996,52004935151,946161700,https://shopee.com.br/product/946161700/52004935151
5997,41672561428,599271358,https://shopee.com.br/product/599271358/41672561428
5998,20544948855,401986069,https://shopee.com.br/product/401986069/20544948855
5999,43618548515,337531568,https://shopee.com.br/product/337531568/43618548515
6000,23427784154,939334135,https://shopee.com.br/product/939334135/23427784154
6001,58208456776,965617276,https://shopee.com.br/product/965617276/58208456776
6002,46612798649,1589417470,https://shopee.com.br/product/1589417470/46612798649
6003,23397771263,805449066,https://shopee.com.br/product/805449066/23397771263
6004,21631519962,805449066,https://shopee.com.br/product/805449066/21631519962
6005,48558038478,450610050,https://shopee.com.br/product/450610050/48558038478
6006,57858695294,504745949,https://shopee.com.br/product/504745949/57858695294
6007,58257904796,822103155,https://shopee.com.br/product/822103155/58257904796
6008,18399262046,1225401015,https://shopee.com.br/product/1225401015/18399262046
6009,56710966666,1248180593,https://shopee.com.br/product/1248180593/56710966666
6010,23299409717,1027399414,https://shopee.com.br/product/1027399414/23299409717
6011,18397992072,281898655,https://shopee.com.br/product/281898655/18397992072
6012,28539376687,1328711923,https://shopee.com.br/product/1328711923/28539376687
6013,22694422935,1081505086,https://shopee.com.br/product/1081505086/22694422935
6014,20198994905,1010974641,https://shopee.com.br/product/1010974641/20198994905
6015,22094917208,965617276,https://shopee.com.br/product/965617276/22094917208
6016,53415787193,304278646,https://shopee.com.br/product/304278646/53415787193
6017,23997505438,800925303,https://shopee.com.br/product/800925303/23997505438
6018,10347617060,528273775,https://shopee.com.br/product/528273775/10347617060
6019,23793216099,1328711923,https://shopee.com.br/product/1328711923/23793216099
6020,23599254159,296093764,https://shopee.com.br/product/296093764/23599254159
6021,58205835824,965617276,https://shopee.com.br/product/965617276/58205835824
6022,23497779695,402450553,https://shopee.com.br/product/402450553/23497779695
6023,23396203213,296093764,https://shopee.com.br/product/296093764/23396203213
6024,23594272564,378447288,https://shopee.com.br/product/378447288/23594272564
6025,22993720689,1470120726,https://shopee.com.br/product/1470120726/22993720689
6026,53011482782,402450553,https://shopee.com.br/product/402450553/53011482782
6027,49114467286,1314813681,https://shopee.com.br/product/1314813681/49114467286
6028,29176622070,572649927,https://shopee.com.br/product/572649927/29176622070
6029,19899591220,1328278916,https://shopee.com.br/product/1328278916/19899591220
6030,18097715782,1050213612,https://shopee.com.br/product/1050213612/18097715782
6031,23693722819,1337527569,https://shopee.com.br/product/1337527569/23693722819
6032,22196683219,946161700,https://shopee.com.br/product/946161700/22196683219
6033,51051677834,572649927,https://shopee.com.br/product/572649927/51051677834
6034,23594356241,296093764,https://shopee.com.br/product/296093764/23594356241
6035,40708749145,560644869,https://shopee.com.br/product/560644869/40708749145
6036,21399593719,822103155,https://shopee.com.br/product/822103155/21399593719
6037,19198479707,408128510,https://shopee.com.br/product/408128510/19198479707
6038,23193063632,1264071501,https://shopee.com.br/product/1264071501/23193063632
6039,18599249883,580791382,https://shopee.com.br/product/580791382/18599249883
6040,20411322197,316749752,https://shopee.com.br/product/316749752/20411322197
6041,21998663864,308628919,https://shopee.com.br/product/308628919/21998663864
6042,19699383341,580791382,https://shopee.com.br/product/580791382/19699383341
6043,18697813031,1316611304,https://shopee.com.br/product/1316611304/18697813031
6044,23312861960,412482669,https://shopee.com.br/product/412482669/23312861960
6045,21598074522,1372644554,https://shopee.com.br/product/1372644554/21598074522
6046,22891600355,552896405,https://shopee.com.br/product/552896405/22891600355
6047,23498862601,855489892,https://shopee.com.br/product/855489892/23498862601
6048,23597069174,412482669,https://shopee.com.br/product/412482669/23597069174
6049,22092026614,522316174,https://shopee.com.br/product/522316174/22092026614
6050,23493611198,580791382,https://shopee.com.br/product/580791382/23493611198
6051,19566249128,522316174,https://shopee.com.br/product/522316174/19566249128
6052,22204334344,552896405,https://shopee.com.br/product/552896405/22204334344
6053,21398518912,952014476,https://shopee.com.br/product/952014476/21398518912
6054,19199250548,1097902002,https://shopee.com.br/product/1097902002/19199250548
6055,20899662951,1372644554,https://shopee.com.br/product/1372644554/20899662951
6056,20957608185,308628919,https://shopee.com.br/product/308628919/20957608185
6057,17640533078,552896405,https://shopee.com.br/product/552896405/17640533078
6058,23697320964,552896405,https://shopee.com.br/product/552896405/23697320964
6059,23031657011,965237276,https://shopee.com.br/product/965237276/23031657011
6060,23597309339,522316174,https://shopee.com.br/product/522316174/23597309339
6061,18597682180,855489892,https://shopee.com.br/product/855489892/18597682180
6062,58254986234,580791382,https://shopee.com.br/product/580791382/58254986234
6063,22215332721,412482669,https://shopee.com.br/product/412482669/22215332721
6064,18798516401,952014476,https://shopee.com.br/product/952014476/18798516401
6065,22702325385,412482669,https://shopee.com.br/product/412482669/22702325385
6066,21799256299,1060724397,https://shopee.com.br/product/1060724397/21799256299
6067,22492756692,1097902002,https://shopee.com.br/product/1097902002/22492756692
6068,23497541083,322399178,https://shopee.com.br/product/322399178/23497541083
6069,20399565255,580791382,https://shopee.com.br/product/580791382/20399565255
6070,22903209691,412482669,https://shopee.com.br/product/412482669/22903209691
6071,23297372701,1107280577,https://shopee.com.br/product/1107280577/23297372701
6072,19877574228,648124788,https://shopee.com.br/product/648124788/19877574228
6073,20697975164,1097902002,https://shopee.com.br/product/1097902002/20697975164
6074,18199728154,1229193285,https://shopee.com.br/product/1229193285/18199728154
6075,22396955693,346235717,https://shopee.com.br/product/346235717/22396955693
6076,22031491705,965237276,https://shopee.com.br/product/965237276/22031491705
6077,23233493601,965237276,https://shopee.com.br/product/965237276/23233493601
6078,20598028942,855489892,https://shopee.com.br/product/855489892/20598028942
6079,20097807671,390327339,https://shopee.com.br/product/390327339/20097807671
6080,19999185690,1097902002,https://shopee.com.br/product/1097902002/19999185690
6081,58256409109,1083800536,https://shopee.com.br/product/1083800536/58256409109
6082,19799326580,1107280577,https://shopee.com.br/product/1107280577/19799326580
6083,23597758436,1316611304,https://shopee.com.br/product/1316611304/23597758436
6084,22893587187,1229193285,https://shopee.com.br/product/1229193285/22893587187
6085,23697483496,855489892,https://shopee.com.br/product/855489892/23697483496
6086,22494050513,1537615778,https://shopee.com.br/product/1537615778/22494050513
6087,22597482135,855489892,https://shopee.com.br/product/855489892/22597482135
6088,22298557960,855489892,https://shopee.com.br/product/855489892/22298557960
6089,22092997064,855489892,https://shopee.com.br/product/855489892/22092997064
6090,23297478845,855489892,https://shopee.com.br/product/855489892/23297478845
6091,19266249802,874507048,https://shopee.com.br/product/874507048/19266249802
6092,18797807217,1316611304,https://shopee.com.br/product/1316611304/18797807217
6093,9931951067,311163565,https://shopee.com.br/product/311163565/9931951067
6094,20099262204,1226105437,https://shopee.com.br/product/1226105437/20099262204
6095,21660745172,872473112,https://shopee.com.br/product/872473112/21660745172
6096,22393513315,1329429906,https://shopee.com.br/product/1329429906/22393513315
6097,22897608492,522316174,https://shopee.com.br/product/522316174/22897608492
6098,23797560028,1264071501,https://shopee.com.br/product/1264071501/23797560028
6099,19998024497,855489892,https://shopee.com.br/product/855489892/19998024497
6100,23796867140,552896405,https://shopee.com.br/product/552896405/23796867140
6101,19799716260,1372644554,https://shopee.com.br/product/1372644554/19799716260
6102,18599266226,1087752745,https://shopee.com.br/product/1087752745/18599266226
6103,22593182741,855489892,https://shopee.com.br/product/855489892/22593182741
6104,58256413634,1083800536,https://shopee.com.br/product/1083800536/58256413634
6105,22092696082,1097902002,https://shopee.com.br/product/1097902002/22092696082
6106,23493050710,401986069,https://shopee.com.br/product/401986069/23493050710
6107,18697662511,1097902002,https://shopee.com.br/product/1097902002/18697662511
6108,23897540232,1226105437,https://shopee.com.br/product/1226105437/23897540232
6109,21397785303,1087752745,https://shopee.com.br/product/1087752745/21397785303
6110,23397540734,1226105437,https://shopee.com.br/product/1226105437/23397540734
6111,22297373853,1097902002,https://shopee.com.br/product/1097902002/22297373853
6112,22497748829,1334294037,https://shopee.com.br/product/1334294037/22497748829
6113,23593083662,408578430,https://shopee.com.br/product/408578430/23593083662
6114,20097744140,356841149,https://shopee.com.br/product/356841149/20097744140
6115,22897773280,390327339,https://shopee.com.br/product/390327339/22897773280
6116,19199237741,580791382,https://shopee.com.br/product/580791382/19199237741
6117,20097376929,552896405,https://shopee.com.br/product/552896405/20097376929
6118,15773467464,412482669,https://shopee.com.br/product/412482669/15773467464
6119,22498319777,872473112,https://shopee.com.br/product/872473112/22498319777
6120,20399096100,1097902002,https://shopee.com.br/product/1097902002/20399096100
6121,20198089714,1372644554,https://shopee.com.br/product/1372644554/20198089714
6122,43065550063,316749752,https://shopee.com.br/product/316749752/43065550063
6123,22693642078,1334294037,https://shopee.com.br/product/1334294037/22693642078
6124,22892382423,552896405,https://shopee.com.br/product/552896405/22892382423
6125,16345759982,412482669,https://shopee.com.br/product/412482669/16345759982
6126,21767564317,356841149,https://shopee.com.br/product/356841149/21767564317
6127,22098334472,1372644554,https://shopee.com.br/product/1372644554/22098334472
6128,23097439904,580791382,https://shopee.com.br/product/580791382/23097439904
6129,43208203312,740101023,https://shopee.com.br/product/740101023/43208203312
6130,19797503864,1097902002,https://shopee.com.br/product/1097902002/19797503864
6131,23093272851,443294432,https://shopee.com.br/product/443294432/23093272851
6132,22093539184,1329429906,https://shopee.com.br/product/1329429906/22093539184
6133,22492952553,580791382,https://shopee.com.br/product/580791382/22492952553
6134,22798397795,1374188221,https://shopee.com.br/product/1374188221/22798397795
6135,18571502955,795711540,https://shopee.com.br/product/795711540/18571502955
6136,21997976123,1329429906,https://shopee.com.br/product/1329429906/21997976123
6137,22297003878,410522123,https://shopee.com.br/product/410522123/22297003878
6138,23392875872,1107280577,https://shopee.com.br/product/1107280577/23392875872
6139,22998673517,1208859337,https://shopee.com.br/product/1208859337/22998673517
6140,19099253049,855489892,https://shopee.com.br/product/855489892/19099253049
6141,19598967393,412482669,https://shopee.com.br/product/412482669/19598967393
6142,20397503017,1097902002,https://shopee.com.br/product/1097902002/20397503017
6143,22494050510,1537615778,https://shopee.com.br/product/1537615778/22494050510
6144,54809627463,816024645,https://shopee.com.br/product/816024645/54809627463
6145,22698574386,872473112,https://shopee.com.br/product/872473112/22698574386
6146,23297559754,1107280577,https://shopee.com.br/product/1107280577/23297559754
6147,22112875687,412482669,https://shopee.com.br/product/412482669/22112875687
6148,22520786674,280641391,https://shopee.com.br/product/280641391/22520786674
6149,23794160124,1215229492,https://shopee.com.br/product/1215229492/23794160124
6150,19797674626,855489892,https://shopee.com.br/product/855489892/19797674626
6151,19699358754,1107280577,https://shopee.com.br/product/1107280577/19699358754
6152,26476593141,572649927,https://shopee.com.br/product/572649927/26476593141
6153,19657607632,308628919,https://shopee.com.br/product/308628919/19657607632
6154,23797732702,1334294037,https://shopee.com.br/product/1334294037/23797732702
6155,58209120198,1083800536,https://shopee.com.br/product/1083800536/58209120198
6156,19697675502,855489892,https://shopee.com.br/product/855489892/19697675502
6157,23997588105,1087752745,https://shopee.com.br/product/1087752745/23997588105
6158,23302205002,308628919,https://shopee.com.br/product/308628919/23302205002
6159,21664629594,889942432,https://shopee.com.br/product/889942432/21664629594
6160,22992681774,1097902002,https://shopee.com.br/product/1097902002/22992681774
6161,18197625449,1097902002,https://shopee.com.br/product/1097902002/18197625449
6162,44418709487,1371792496,https://shopee.com.br/product/1371792496/44418709487
6163,21197381715,552896405,https://shopee.com.br/product/552896405/21197381715
6164,19699585414,1334294037,https://shopee.com.br/product/1334294037/19699585414
6165,19899907453,580791382,https://shopee.com.br/product/580791382/19899907453
6166,22092924118,522316174,https://shopee.com.br/product/522316174/22092924118
6167,23697182916,1097902002,https://shopee.com.br/product/1097902002/23697182916
6168,22397568552,1060724397,https://shopee.com.br/product/1060724397/22397568552
6169,17788440206,308628919,https://shopee.com.br/product/308628919/17788440206
6170,17840936938,552896405,https://shopee.com.br/product/552896405/17840936938
6171,23693512443,375188138,https://shopee.com.br/product/375188138/23693512443
6172,22993255522,882904544,https://shopee.com.br/product/882904544/22993255522
6173,19797503855,1097902002,https://shopee.com.br/product/1097902002/19797503855
6174,21466248833,874507048,https://shopee.com.br/product/874507048/21466248833
6175,18399254268,552896405,https://shopee.com.br/product/552896405/18399254268
6176,41967132897,316749752,https://shopee.com.br/product/316749752/41967132897
6177,21857789905,412482669,https://shopee.com.br/product/412482669/21857789905
6178,8302544319,311163565,https://shopee.com.br/product/311163565/8302544319
6179,18298022884,785818771,https://shopee.com.br/product/785818771/18298022884
6180,22593266926,1316611304,https://shopee.com.br/product/1316611304/22593266926
6181,22397769267,1316611304,https://shopee.com.br/product/1316611304/22397769267
6182,57652269517,740101023,https://shopee.com.br/product/740101023/57652269517
6183,19977099241,842544500,https://shopee.com.br/product/842544500/19977099241
6184,58209826157,1083800536,https://shopee.com.br/product/1083800536/58209826157
6185,18897738916,785818771,https://shopee.com.br/product/785818771/18897738916
6186,48550424683,1264071501,https://shopee.com.br/product/1264071501/48550424683
6187,22698557398,1107280577,https://shopee.com.br/product/1107280577/22698557398
6188,21296952205,965237276,https://shopee.com.br/product/965237276/21296952205
6189,22003210772,412482669,https://shopee.com.br/product/412482669/22003210772
6190,23697731307,1229193285,https://shopee.com.br/product/1229193285/23697731307
6191,9751830532,316749752,https://shopee.com.br/product/316749752/9751830532
6192,19497633609,1097902002,https://shopee.com.br/product/1097902002/19497633609
6193,23392985226,580791382,https://shopee.com.br/product/580791382/23392985226
6194,19357609050,308628919,https://shopee.com.br/product/308628919/19357609050
6195,22893190530,1087752745,https://shopee.com.br/product/1087752745/22893190530
6196,16290829977,874507048,https://shopee.com.br/product/874507048/16290829977
6197,23794160133,1215229492,https://shopee.com.br/product/1215229492/23794160133
6198,23697979295,785818771,https://shopee.com.br/product/785818771/23697979295
6199,21517395529,789777799,https://shopee.com.br/product/789777799/21517395529
6200,23198713435,1215229492,https://shopee.com.br/product/1215229492/23198713435
6201,22998319773,1107280577,https://shopee.com.br/product/1107280577/22998319773
6202,23498776975,1033307532,https://shopee.com.br/product/1033307532/23498776975
6203,20998091266,1208859337,https://shopee.com.br/product/1208859337/20998091266
6204,23398103587,1208859337,https://shopee.com.br/product/1208859337/23398103587
6205,20699377670,882904544,https://shopee.com.br/product/882904544/20699377670
6206,18299237116,308628919,https://shopee.com.br/product/308628919/18299237116
6207,19997732880,740101023,https://shopee.com.br/product/740101023/19997732880
6208,58209782670,1083800536,https://shopee.com.br/product/1083800536/58209782670
6209,22497759732,390327339,https://shopee.com.br/product/390327339/22497759732
6210,23133494034,965237276,https://shopee.com.br/product/965237276/23133494034
6211,19849714893,462263068,https://shopee.com.br/product/462263068/19849714893
6212,18699096871,1060724397,https://shopee.com.br/product/1060724397/18699096871
6213,18997986417,1329429906,https://shopee.com.br/product/1329429906/18997986417
6214,23397907744,1208859337,https://shopee.com.br/product/1208859337/23397907744
6215,23396710468,308628919,https://shopee.com.br/product/308628919/23396710468
6216,22092355529,552896405,https://shopee.com.br/product/552896405/22092355529
6217,22592658806,443294432,https://shopee.com.br/product/443294432/22592658806
6218,23692686736,1097902002,https://shopee.com.br/product/1097902002/23692686736
6219,19199841972,965237276,https://shopee.com.br/product/965237276/19199841972
6220,22793402440,1033307532,https://shopee.com.br/product/1033307532/22793402440
6221,22093832811,1372644554,https://shopee.com.br/product/1372644554/22093832811
6222,22193263171,1235923910,https://shopee.com.br/product/1235923910/22193263171
6223,20097807666,390327339,https://shopee.com.br/product/390327339/20097807666
6224,22495751748,965237276,https://shopee.com.br/product/965237276/22495751748
6225,23735159109,653044811,https://shopee.com.br/product/653044811/23735159109
6226,23319049786,401986069,https://shopee.com.br/product/401986069/23319049786
6227,17343356375,412482669,https://shopee.com.br/product/412482669/17343356375
6228,23994207050,1215229492,https://shopee.com.br/product/1215229492/23994207050
6229,19897923720,1060724397,https://shopee.com.br/product/1060724397/19897923720
6230,22197495990,308628919,https://shopee.com.br/product/308628919/22197495990
6231,23697182910,1097902002,https://shopee.com.br/product/1097902002/23697182910
6232,17588440654,308628919,https://shopee.com.br/product/308628919/17588440654
6233,23829846164,401986069,https://shopee.com.br/product/401986069/23829846164
6234,58264616602,965237276,https://shopee.com.br/product/965237276/58264616602
6235,19299494797,785818771,https://shopee.com.br/product/785818771/19299494797
6236,10598398765,412482669,https://shopee.com.br/product/412482669/10598398765
6237,22897597875,580791382,https://shopee.com.br/product/580791382/22897597875
6238,15494324603,308628919,https://shopee.com.br/product/308628919/15494324603
6239,23335173833,653044811,https://shopee.com.br/product/653044811/23335173833
6240,23499416951,1316611304,https://shopee.com.br/product/1316611304/23499416951
6241,23492990902,580791382,https://shopee.com.br/product/580791382/23492990902
6242,11102028320,316749752,https://shopee.com.br/product/316749752/11102028320
6243,21061640362,412482669,https://shopee.com.br/product/412482669/21061640362
6244,22997171482,357239640,https://shopee.com.br/product/357239640/22997171482
6245,20977108835,443294432,https://shopee.com.br/product/443294432/20977108835
6246,18197701161,1107280577,https://shopee.com.br/product/1107280577/18197701161
6247,20898568464,308628919,https://shopee.com.br/product/308628919/20898568464
6248,58208109690,580791382,https://shopee.com.br/product/580791382/58208109690
6249,23899456881,1329429906,https://shopee.com.br/product/1329429906/23899456881
6250,23893401631,1264071501,https://shopee.com.br/product/1264071501/23893401631
6251,18298082369,1033307532,https://shopee.com.br/product/1033307532/18298082369
6252,19698140706,789777799,https://shopee.com.br/product/789777799/19698140706
6253,19798730792,730226632,https://shopee.com.br/product/730226632/19798730792
6254,16045738793,412482669,https://shopee.com.br/product/412482669/16045738793
6255,44458203632,740101023,https://shopee.com.br/product/740101023/44458203632
6256,23602204729,308628919,https://shopee.com.br/product/308628919/23602204729
6257,20097807992,1097902002,https://shopee.com.br/product/1097902002/20097807992
6258,23097602637,580791382,https://shopee.com.br/product/580791382/23097602637
6259,43664198574,1371792496,https://shopee.com.br/product/1371792496/43664198574
6260,23191250368,965237276,https://shopee.com.br/product/965237276/23191250368
6261,20599543495,1097902002,https://shopee.com.br/product/1097902002/20599543495
6262,22693266776,1316611304,https://shopee.com.br/product/1316611304/22693266776
6263,18497684395,580791382,https://shopee.com.br/product/580791382/18497684395
6264,17655297573,522316174,https://shopee.com.br/product/522316174/17655297573
6265,20397503023,1097902002,https://shopee.com.br/product/1097902002/20397503023
6266,21541222688,412482669,https://shopee.com.br/product/412482669/21541222688
6267,20899304386,1264071501,https://shopee.com.br/product/1264071501/20899304386
6268,23098585248,1473114980,https://shopee.com.br/product/1473114980/23098585248
6269,21697612217,1097902002,https://shopee.com.br/product/1097902002/21697612217
6270,18397610524,1097902002,https://shopee.com.br/product/1097902002/18397610524
6271,23294951580,1083800536,https://shopee.com.br/product/1083800536/23294951580
6272,22599164754,1372644554,https://shopee.com.br/product/1372644554/22599164754
6273,22696435047,1012623059,https://shopee.com.br/product/1012623059/22696435047
6274,21213671599,462263068,https://shopee.com.br/product/462263068/21213671599
6275,23693498785,1012623059,https://shopee.com.br/product/1012623059/23693498785
6276,58251335614,1537615778,https://shopee.com.br/product/1537615778/58251335614
6277,23197752123,882904544,https://shopee.com.br/product/882904544/23197752123
6278,23897596455,1208859337,https://shopee.com.br/product/1208859337/23897596455
6279,17888492363,412482669,https://shopee.com.br/product/412482669/17888492363
6280,18797738939,785818771,https://shopee.com.br/product/785818771/18797738939
6281,23202204810,308628919,https://shopee.com.br/product/308628919/23202204810
6282,23892494339,412482669,https://shopee.com.br/product/412482669/23892494339
6283,23497425420,1097902002,https://shopee.com.br/product/1097902002/23497425420
6284,23302205961,308628919,https://shopee.com.br/product/308628919/23302205961
6285,58260182107,1531248173,https://shopee.com.br/product/1531248173/58260182107
6286,19299556396,1329429906,https://shopee.com.br/product/1329429906/19299556396
6287,22898014960,580791382,https://shopee.com.br/product/580791382/22898014960
6288,19799095473,1060724397,https://shopee.com.br/product/1060724397/19799095473
6289,22692386792,552896405,https://shopee.com.br/product/552896405/22692386792
6290,58207439066,1033307532,https://shopee.com.br/product/1033307532/58207439066
6291,43868713576,1371792496,https://shopee.com.br/product/1371792496/43868713576
6292,20697688276,1107280577,https://shopee.com.br/product/1107280577/20697688276
6293,23898006062,1229193285,https://shopee.com.br/product/1229193285/23898006062
6294,58206638546,1334294037,https://shopee.com.br/product/1334294037/58206638546
6295,17494159724,965237276,https://shopee.com.br/product/965237276/17494159724
6296,21298799949,462263068,https://shopee.com.br/product/462263068/21298799949
6297,22294218540,1215229492,https://shopee.com.br/product/1215229492/22294218540
6298,22597608254,580791382,https://shopee.com.br/product/580791382/22597608254
6299,16591837075,889942432,https://shopee.com.br/product/889942432/16591837075
6300,23393083723,408578430,https://shopee.com.br/product/408578430/23393083723
6301,18799607564,443294432,https://shopee.com.br/product/443294432/18799607564
6302,20898659576,730226632,https://shopee.com.br/product/730226632/20898659576
6303,23193139663,462263068,https://shopee.com.br/product/462263068/23193139663
6304,58261620462,1673525976,https://shopee.com.br/product/1673525976/58261620462
6305,23998049185,1329429906,https://shopee.com.br/product/1329429906/23998049185
6306,22897720641,1107280577,https://shopee.com.br/product/1107280577/22897720641
6307,50500547832,1264071501,https://shopee.com.br/product/1264071501/50500547832
6308,23793587175,1107280577,https://shopee.com.br/product/1107280577/23793587175
6309,17887844102,522316174,https://shopee.com.br/product/522316174/17887844102
6310,23493091751,1087752745,https://shopee.com.br/product/1087752745/23493091751
6311,23693062885,1107280577,https://shopee.com.br/product/1107280577/23693062885
6312,22393504118,1329429906,https://shopee.com.br/product/1329429906/22393504118
6313,23493239771,1229193285,https://shopee.com.br/product/1229193285/23493239771
6314,22697010218,412482669,https://shopee.com.br/product/412482669/22697010218
6315,25496608024,401986069,https://shopee.com.br/product/401986069/25496608024
6316,22691344392,412482669,https://shopee.com.br/product/412482669/22691344392
6317,46250553218,1264071501,https://shopee.com.br/product/1264071501/46250553218
6318,23597588102,1087752745,https://shopee.com.br/product/1087752745/23597588102
6319,23693072053,308628919,https://shopee.com.br/product/308628919/23693072053
6320,21199607229,1329429906,https://shopee.com.br/product/1329429906/21199607229
6321,21298966485,412482669,https://shopee.com.br/product/412482669/21298966485
6322,14770945271,552896405,https://shopee.com.br/product/552896405/14770945271
6323,18397796849,1215229492,https://shopee.com.br/product/1215229492/18397796849
6324,23797090228,375188138,https://shopee.com.br/product/375188138/23797090228
6325,22793566582,1264071501,https://shopee.com.br/product/1264071501/22793566582
6326,22497747350,375188138,https://shopee.com.br/product/375188138/22497747350
6327,22493150589,653044811,https://shopee.com.br/product/653044811/22493150589
6328,43708751863,740101023,https://shopee.com.br/product/740101023/43708751863
6329,58266871728,1097902002,https://shopee.com.br/product/1097902002/58266871728
6330,21257606646,308628919,https://shopee.com.br/product/308628919/21257606646
6331,22897747037,390327339,https://shopee.com.br/product/390327339/22897747037
6332,23093093502,1097902002,https://shopee.com.br/product/1097902002/23093093502
6333,23097648034,889942432,https://shopee.com.br/product/889942432/23097648034
6334,15894324590,308628919,https://shopee.com.br/product/308628919/15894324590
6335,18298298499,1215229492,https://shopee.com.br/product/1215229492/18298298499
6336,18799494009,1235923910,https://shopee.com.br/product/1235923910/18799494009
6337,22798072788,1371792496,https://shopee.com.br/product/1371792496/22798072788
6338,18897686537,889942432,https://shopee.com.br/product/889942432/18897686537
6339,8702139193,311163565,https://shopee.com.br/product/311163565/8702139193
6340,22692820130,965237276,https://shopee.com.br/product/965237276/22692820130
6341,23398891396,1563516628,https://shopee.com.br/product/1563516628/23398891396
6342,58200150978,1097902002,https://shopee.com.br/product/1097902002/58200150978
6343,22293176392,889942432,https://shopee.com.br/product/889942432/22293176392
6344,18399033136,1074029485,https://shopee.com.br/product/1074029485/18399033136
6345,58257414577,1215229492,https://shopee.com.br/product/1215229492/58257414577
6346,22498327615,1208859337,https://shopee.com.br/product/1208859337/22498327615
6347,22194690495,952014476,https://shopee.com.br/product/952014476/22194690495
6348,19199254764,1033307532,https://shopee.com.br/product/1033307532/19199254764
6349,22691798890,730226632,https://shopee.com.br/product/730226632/22691798890
6350,23098512655,1494838355,https://shopee.com.br/product/1494838355/23098512655
6351,20296937037,952014476,https://shopee.com.br/product/952014476/20296937037
6352,23896472631,311163565,https://shopee.com.br/product/311163565/23896472631
6353,18349715916,462263068,https://shopee.com.br/product/462263068/18349715916
6354,23697833667,1087752745,https://shopee.com.br/product/1087752745/23697833667
6355,22193071338,874507048,https://shopee.com.br/product/874507048/22193071338
6356,23197312091,965237276,https://shopee.com.br/product/965237276/23197312091
6357,23194309304,1215229492,https://shopee.com.br/product/1215229492/23194309304
6358,43130014406,390327339,https://shopee.com.br/product/390327339/43130014406
6359,22299147791,1537615778,https://shopee.com.br/product/1537615778/22299147791
6360,22733495827,965237276,https://shopee.com.br/product/965237276/22733495827
6361,22897631823,1208859337,https://shopee.com.br/product/1208859337/22897631823
6362,23994297807,375188138,https://shopee.com.br/product/375188138/23994297807
6363,22098035716,1329429906,https://shopee.com.br/product/1329429906/22098035716
6364,22597182868,1097902002,https://shopee.com.br/product/1097902002/22597182868
6365,18898118273,1374188221,https://shopee.com.br/product/1374188221/18898118273
6366,23997692146,1215229492,https://shopee.com.br/product/1215229492/23997692146
6367,14588322345,462263068,https://shopee.com.br/product/462263068/14588322345
6368,23597731424,1229193285,https://shopee.com.br/product/1229193285/23597731424
6369,58205551352,1033307532,https://shopee.com.br/product/1033307532/58205551352
6370,19597682218,1033307532,https://shopee.com.br/product/1033307532/19597682218
6371,23694893090,1721810104,https://shopee.com.br/product/1721810104/23694893090
6372,14573531291,412482669,https://shopee.com.br/product/412482669/14573531291
6373,29092973732,443294432,https://shopee.com.br/product/443294432/29092973732
6374,23197567966,1220316212,https://shopee.com.br/product/1220316212/23197567966
6375,20299262170,1220316212,https://shopee.com.br/product/1220316212/20299262170
6376,18297691420,1107280577,https://shopee.com.br/product/1107280577/18297691420
6377,22694687184,1673525976,https://shopee.com.br/product/1673525976/22694687184
6378,20099554382,1097902002,https://shopee.com.br/product/1097902002/20099554382
6379,22693215076,1215229492,https://shopee.com.br/product/1215229492/22693215076
6380,23893076866,965237276,https://shopee.com.br/product/965237276/23893076866
6381,23897721399,785818771,https://shopee.com.br/product/785818771/23897721399
6382,22597494390,1033307532,https://shopee.com.br/product/1033307532/22597494390
6383,23694639681,1537615778,https://shopee.com.br/product/1537615778/23694639681
6384,23098949944,874507048,https://shopee.com.br/product/874507048/23098949944
6385,23193139673,462263068,https://shopee.com.br/product/462263068/23193139673
6386,16745742159,412482669,https://shopee.com.br/product/412482669/16745742159
6387,22691240277,653044811,https://shopee.com.br/product/653044811/22691240277
6388,20597522824,1097902002,https://shopee.com.br/product/1097902002/20597522824
6389,58213171938,1175743084,https://shopee.com.br/product/1175743084/58213171938
6390,22097702180,1107280577,https://shopee.com.br/product/1107280577/22097702180
6391,22993089558,1097902002,https://shopee.com.br/product/1097902002/22993089558
6392,22193626213,1208859337,https://shopee.com.br/product/1208859337/22193626213
6393,18897523953,412482669,https://shopee.com.br/product/412482669/18897523953
6394,23098015320,1226120317,https://shopee.com.br/product/1226120317/23098015320
6395,12286550120,412482669,https://shopee.com.br/product/412482669/12286550120
6396,3867797391,311163565,https://shopee.com.br/product/311163565/3867797391
6397,23294525549,1097902002,https://shopee.com.br/product/1097902002/23294525549
6398,22893512498,1226120317,https://shopee.com.br/product/1226120317/22893512498
6399,22035169352,653044811,https://shopee.com.br/product/653044811/22035169352
6400,22194917296,1097902002,https://shopee.com.br/product/1097902002/22194917296
6401,19699246889,1107280577,https://shopee.com.br/product/1107280577/19699246889
6402,16893015498,443294432,https://shopee.com.br/product/443294432/16893015498
6403,19997686421,1087752745,https://shopee.com.br/product/1087752745/19997686421
6404,58255441261,375188138,https://shopee.com.br/product/375188138/58255441261
6405,20299321796,1097902002,https://shopee.com.br/product/1097902002/20299321796
6406,23794697604,789777799,https://shopee.com.br/product/789777799/23794697604
6407,21599361112,316749752,https://shopee.com.br/product/316749752/21599361112
6408,22093532608,882904544,https://shopee.com.br/product/882904544/22093532608
6409,22599483628,1097902002,https://shopee.com.br/product/1097902002/22599483628
6410,21799358688,1087752745,https://shopee.com.br/product/1087752745/21799358688
6411,58257727614,1097902002,https://shopee.com.br/product/1097902002/58257727614
6412,22893541584,1215229492,https://shopee.com.br/product/1215229492/22893541584
6413,23693247815,1316611304,https://shopee.com.br/product/1316611304/23693247815
6414,22797727262,1235923910,https://shopee.com.br/product/1235923910/22797727262
6415,22690642275,572649927,https://shopee.com.br/product/572649927/22690642275
6416,22798014994,1374188221,https://shopee.com.br/product/1374188221/22798014994
6417,23193514671,1329429906,https://shopee.com.br/product/1329429906/23193514671
6418,58216874806,1097902002,https://shopee.com.br/product/1097902002/58216874806
6419,22792568919,375188138,https://shopee.com.br/product/375188138/22792568919
6420,19976477544,965237276,https://shopee.com.br/product/965237276/19976477544
6421,8831956255,311163565,https://shopee.com.br/product/311163565/8831956255
6422,21297783472,1215229492,https://shopee.com.br/product/1215229492/21297783472
6423,21599846824,375188138,https://shopee.com.br/product/375188138/21599846824
6424,23897584118,1107280577,https://shopee.com.br/product/1107280577/23897584118
6425,20476693552,443294432,https://shopee.com.br/product/443294432/20476693552
6426,22593266921,1316611304,https://shopee.com.br/product/1316611304/22593266921
6427,13387111969,412482669,https://shopee.com.br/product/412482669/13387111969
6428,19064269895,842544500,https://shopee.com.br/product/842544500/19064269895
6429,23097372785,1107280577,https://shopee.com.br/product/1107280577/23097372785
6430,22694346272,1097902002,https://shopee.com.br/product/1097902002/22694346272
6431,58208843956,1208859337,https://shopee.com.br/product/1208859337/58208843956
6432,23403210063,412482669,https://shopee.com.br/product/412482669/23403210063
6433,23133493850,965237276,https://shopee.com.br/product/965237276/23133493850
6434,20476477045,965237276,https://shopee.com.br/product/965237276/20476477045
6435,22892881458,1107280577,https://shopee.com.br/product/1107280577/22892881458
6436,23694301818,1372644554,https://shopee.com.br/product/1372644554/23694301818
6437,58209088710,1083800536,https://shopee.com.br/product/1083800536/58209088710
6438,22893145050,1264071501,https://shopee.com.br/product/1264071501/22893145050
6439,56151423713,552896405,https://shopee.com.br/product/552896405/56151423713
6440,22298347705,1208859337,https://shopee.com.br/product/1208859337/22298347705
6441,19099326735,462263068,https://shopee.com.br/product/462263068/19099326735
6442,57112272466,1107280577,https://shopee.com.br/product/1107280577/57112272466
6443,21099606033,1423420147,https://shopee.com.br/product/1423420147/21099606033
6444,23293140489,1107280577,https://shopee.com.br/product/1107280577/23293140489
6445,22593208406,785818771,https://shopee.com.br/product/785818771/22593208406
6446,23394234155,1215229492,https://shopee.com.br/product/1215229492/23394234155
6447,22312876139,412482669,https://shopee.com.br/product/412482669/22312876139
6448,23498035915,1097902002,https://shopee.com.br/product/1097902002/23498035915
6449,23598011114,1329429906,https://shopee.com.br/product/1329429906/23598011114
6450,19597734389,1208859337,https://shopee.com.br/product/1208859337/19597734389
6451,22098436224,789777799,https://shopee.com.br/product/789777799/22098436224
6452,22194904232,1215229492,https://shopee.com.br/product/1215229492/22194904232
6453,18655403875,522316174,https://shopee.com.br/product/522316174/18655403875
6454,7467682087,311163565,https://shopee.com.br/product/311163565/7467682087
6455,20898186449,1464080774,https://shopee.com.br/product/1464080774/20898186449
6456,22298831664,789777799,https://shopee.com.br/product/789777799/22298831664
6457,58204133975,1329429906,https://shopee.com.br/product/1329429906/58204133975
6458,22697763633,1316611304,https://shopee.com.br/product/1316611304/22697763633
6459,41370599449,1470120726,https://shopee.com.br/product/1470120726/41370599449
6460,18899379362,1316611304,https://shopee.com.br/product/1316611304/18899379362
6461,43026421490,552896405,https://shopee.com.br/product/552896405/43026421490
6462,58260677950,1033307532,https://shopee.com.br/product/1033307532/58260677950
6463,18697786779,1215229492,https://shopee.com.br/product/1215229492/18697786779
6464,17690776765,874507048,https://shopee.com.br/product/874507048/17690776765
6465,22594654532,1592293113,https://shopee.com.br/product/1592293113/22594654532
6466,21299205299,1097902002,https://shopee.com.br/product/1097902002/21299205299
6467,19799076687,1097902002,https://shopee.com.br/product/1097902002/19799076687
6468,22797892091,1226120317,https://shopee.com.br/product/1226120317/22797892091
6469,23697728080,1208859337,https://shopee.com.br/product/1208859337/23697728080
6470,23797559390,1107280577,https://shopee.com.br/product/1107280577/23797559390
6471,23292012312,311163565,https://shopee.com.br/product/311163565/23292012312
6472,58257727620,1097902002,https://shopee.com.br/product/1097902002/58257727620
6473,22098754106,789777799,https://shopee.com.br/product/789777799/22098754106
6474,22098957027,1215229492,https://shopee.com.br/product/1215229492/22098957027
6475,23697541632,1220316212,https://shopee.com.br/product/1220316212/23697541632
6476,22792382556,552896405,https://shopee.com.br/product/552896405/22792382556
6477,22897773295,390327339,https://shopee.com.br/product/390327339/22897773295
6478,19899299763,1097902002,https://shopee.com.br/product/1097902002/19899299763
6479,23997692212,1215229492,https://shopee.com.br/product/1215229492/23997692212
6480,23193083920,408578430,https://shopee.com.br/product/408578430/23193083920
6481,22498854402,1592293113,https://shopee.com.br/product/1592293113/22498854402
6482,23597563187,1087752745,https://shopee.com.br/product/1087752745/23597563187
6483,22491456756,638399297,https://shopee.com.br/product/638399297/22491456756
6484,58256332449,1083800536,https://shopee.com.br/product/1083800536/58256332449
6485,21199368885,443294432,https://shopee.com.br/product/443294432/21199368885
6486,23194855218,1208859337,https://shopee.com.br/product/1208859337/23194855218
6487,22194067742,1537615778,https://shopee.com.br/product/1537615778/22194067742
6488,10698833076,415129379,https://shopee.com.br/product/415129379/10698833076
6489,22897065170,375188138,https://shopee.com.br/product/375188138/22897065170
6490,58250004471,965237276,https://shopee.com.br/product/965237276/58250004471
6491,20797804399,882904544,https://shopee.com.br/product/882904544/20797804399
6492,18599720952,1107280577,https://shopee.com.br/product/1107280577/18599720952
6493,21298523910,653044811,https://shopee.com.br/product/653044811/21298523910
6494,18699552890,375188138,https://shopee.com.br/product/375188138/18699552890
6495,20697619730,316749752,https://shopee.com.br/product/316749752/20697619730
6496,23893359527,1215229492,https://shopee.com.br/product/1215229492/23893359527
6497,11333065026,462263068,https://shopee.com.br/product/462263068/11333065026
6498,22793704792,1470120726,https://shopee.com.br/product/1470120726/22793704792
6499,58205643999,375188138,https://shopee.com.br/product/375188138/58205643999
6500,23398157351,1329429906,https://shopee.com.br/product/1329429906/23398157351
6501,58209540776,952014476,https://shopee.com.br/product/952014476/58209540776
6502,23593482565,785818771,https://shopee.com.br/product/785818771/23593482565
6503,19759107426,412482669,https://shopee.com.br/product/412482669/19759107426
6504,21199833274,1329429906,https://shopee.com.br/product/1329429906/21199833274
6505,22694203743,1215229492,https://shopee.com.br/product/1215229492/22694203743
6506,58200691124,1561901020,https://shopee.com.br/product/1561901020/58200691124
6507,58262232861,1316611304,https://shopee.com.br/product/1316611304/58262232861
6508,22193071306,874507048,https://shopee.com.br/product/874507048/22193071306
6509,20099760249,1235923910,https://shopee.com.br/product/1235923910/20099760249
6510,18797817325,443294432,https://shopee.com.br/product/443294432/18797817325
6511,22694320095,789777799,https://shopee.com.br/product/789777799/22694320095
6512,19197761348,1097902002,https://shopee.com.br/product/1097902002/19197761348
6513,23298713239,1215229492,https://shopee.com.br/product/1215229492/23298713239
6514,22997560447,1264071501,https://shopee.com.br/product/1264071501/22997560447
6515,23997881890,1226120317,https://shopee.com.br/product/1226120317/23997881890
6516,23793864614,1215229492,https://shopee.com.br/product/1215229492/23793864614
6517,22393419560,1033307532,https://shopee.com.br/product/1033307532/22393419560
6518,9702543612,311163565,https://shopee.com.br/product/311163565/9702543612
6519,23593482592,785818771,https://shopee.com.br/product/785818771/23593482592
6520,22892929415,1097902002,https://shopee.com.br/product/1097902002/22892929415
6521,23594337455,1264071501,https://shopee.com.br/product/1264071501/23594337455
6522,22097702167,1107280577,https://shopee.com.br/product/1107280577/22097702167
6523,20597975744,882904544,https://shopee.com.br/product/882904544/20597975744
6524,22893985160,1494838355,https://shopee.com.br/product/1494838355/22893985160
6525,23197753204,1235923910,https://shopee.com.br/product/1235923910/23197753204
6526,22793110371,1243712796,https://shopee.com.br/product/1243712796/22793110371
6527,18298143902,462263068,https://shopee.com.br/product/462263068/18298143902
6528,58255789014,1561901020,https://shopee.com.br/product/1561901020/58255789014
6529,57715353933,1371792496,https://shopee.com.br/product/1371792496/57715353933
6530,12438656415,462263068,https://shopee.com.br/product/462263068/12438656415
6531,22598082449,965237276,https://shopee.com.br/product/965237276/22598082449
6532,40715206582,401986069,https://shopee.com.br/product/401986069/40715206582
6533,18299267782,1107280577,https://shopee.com.br/product/1107280577/18299267782
6534,18899312767,1235923910,https://shopee.com.br/product/1235923910/18899312767
6535,58255304625,1208859337,https://shopee.com.br/product/1208859337/58255304625
6536,22197621651,1267884649,https://shopee.com.br/product/1267884649/22197621651
6537,56705003999,1242718651,https://shopee.com.br/product/1242718651/56705003999
6538,14491847512,789777799,https://shopee.com.br/product/789777799/14491847512
6539,22897609734,1226120317,https://shopee.com.br/product/1226120317/22897609734
6540,23197615783,1226120317,https://shopee.com.br/product/1226120317/23197615783
6541,58216301694,1208859337,https://shopee.com.br/product/1208859337/58216301694
6542,21899299799,1097902002,https://shopee.com.br/product/1097902002/21899299799
6543,19398017307,1371792496,https://shopee.com.br/product/1371792496/19398017307
6544,22094176617,1537615778,https://shopee.com.br/product/1537615778/22094176617
6545,23092876227,1107280577,https://shopee.com.br/product/1107280577/23092876227
6546,22693918319,412482669,https://shopee.com.br/product/412482669/22693918319
6547,58256600102,1220316212,https://shopee.com.br/product/1220316212/58256600102
6548,22492978046,1107280577,https://shopee.com.br/product/1107280577/22492978046
6549,58259851390,280641391,https://shopee.com.br/product/280641391/58259851390
6550,20097807672,390327339,https://shopee.com.br/product/390327339/20097807672
6551,22797178437,1097902002,https://shopee.com.br/product/1097902002/22797178437
6552,22993826327,1208859337,https://shopee.com.br/product/1208859337/22993826327
6553,58252388243,1208859337,https://shopee.com.br/product/1208859337/58252388243
6554,20940344963,412482669,https://shopee.com.br/product/412482669/20940344963
6555,23594677972,1516596857,https://shopee.com.br/product/1516596857/23594677972
6556,23193139683,462263068,https://shopee.com.br/product/462263068/23193139683
6557,20498269174,1097902002,https://shopee.com.br/product/1097902002/20498269174
6558,23694156249,1097902002,https://shopee.com.br/product/1097902002/23694156249
6559,44170143607,341754426,https://shopee.com.br/product/341754426/44170143607
6560,22893268122,1235923910,https://shopee.com.br/product/1235923910/22893268122
6561,42070612517,1470120726,https://shopee.com.br/product/1470120726/42070612517
6562,22199403937,1226120317,https://shopee.com.br/product/1226120317/22199403937
6563,23593496094,1097902002,https://shopee.com.br/product/1097902002/23593496094
6564,18266250161,874507048,https://shopee.com.br/product/874507048/18266250161
6565,23092876261,1107280577,https://shopee.com.br/product/1107280577/23092876261
6566,22697720991,1235923910,https://shopee.com.br/product/1235923910/22697720991
6567,23192775385,412482669,https://shopee.com.br/product/412482669/23192775385
6568,22197192728,1097902002,https://shopee.com.br/product/1097902002/22197192728
6569,23293610240,1208859337,https://shopee.com.br/product/1208859337/23293610240
6570,22497554030,1050213612,https://shopee.com.br/product/1050213612/22497554030
6571,22198385636,390327339,https://shopee.com.br/product/390327339/22198385636
6572,22193734534,952014476,https://shopee.com.br/product/952014476/22193734534
6573,18197751156,1243712796,https://shopee.com.br/product/1243712796/18197751156
6574,23593400496,1226120317,https://shopee.com.br/product/1226120317/23593400496
6575,58261655655,1097902002,https://shopee.com.br/product/1097902002/58261655655
6576,44360785206,325008325,https://shopee.com.br/product/325008325/44360785206
6577,23193343982,390327339,https://shopee.com.br/product/390327339/23193343982
6578,22197595879,1097902002,https://shopee.com.br/product/1097902002/22197595879
6579,19659109576,412482669,https://shopee.com.br/product/412482669/19659109576
6580,21599087919,1082747237,https://shopee.com.br/product/1082747237/21599087919
6581,22499372377,1516596857,https://shopee.com.br/product/1516596857/22499372377
6582,23194840320,1208859337,https://shopee.com.br/product/1208859337/23194840320
6583,23098565555,844004880,https://shopee.com.br/product/844004880/23098565555
6584,22194895493,1083800536,https://shopee.com.br/product/1083800536/22194895493
6585,58206753096,1097902002,https://shopee.com.br/product/1097902002/58206753096
6586,19098323151,1097902002,https://shopee.com.br/product/1097902002/19098323151
6587,22397782754,1316611304,https://shopee.com.br/product/1316611304/22397782754
6588,58214926933,1087752745,https://shopee.com.br/product/1087752745/58214926933
6589,4668140742,311163565,https://shopee.com.br/product/311163565/4668140742
6590,22193914863,1329429906,https://shopee.com.br/product/1329429906/22193914863
6591,23298150069,1371792496,https://shopee.com.br/product/1371792496/23298150069
6592,22494050563,1537615778,https://shopee.com.br/product/1537615778/22494050563
6593,18897807224,1316611304,https://shopee.com.br/product/1316611304/18897807224
6594,22035169262,653044811,https://shopee.com.br/product/653044811/22035169262
6595,14173487893,412482669,https://shopee.com.br/product/412482669/14173487893
6596,22593645358,462263068,https://shopee.com.br/product/462263068/22593645358
6597,22498774949,1235923910,https://shopee.com.br/product/1235923910/22498774949
6598,22792811120,412482669,https://shopee.com.br/product/412482669/22792811120
6599,20697804389,882904544,https://shopee.com.br/product/882904544/20697804389
6600,22397380710,412482669,https://shopee.com.br/product/412482669/22397380710
6601,22398698071,1473114980,https://shopee.com.br/product/1473114980/22398698071
6602,19399544258,1097902002,https://shopee.com.br/product/1097902002/19399544258
6603,18698665420,730226632,https://shopee.com.br/product/730226632/18698665420
6604,19799262545,1226105437,https://shopee.com.br/product/1226105437/19799262545
6605,23998136073,1097902002,https://shopee.com.br/product/1097902002/23998136073
6606,22992992740,1107280577,https://shopee.com.br/product/1107280577/22992992740
6607,23393083684,408578430,https://shopee.com.br/product/408578430/23393083684
6608,23292876197,1107280577,https://shopee.com.br/product/1107280577/23292876197
6609,58258189971,1208859337,https://shopee.com.br/product/1208859337/58258189971
6610,48209340371,1371792496,https://shopee.com.br/product/1371792496/48209340371
6611,16090830405,874507048,https://shopee.com.br/product/874507048/16090830405
6612,22193762041,280641391,https://shopee.com.br/product/280641391/22193762041
6613,22399020009,1081505086,https://shopee.com.br/product/1081505086/22399020009
6614,22002323683,412482669,https://shopee.com.br/product/412482669/22002323683
6615,23897970339,1329429906,https://shopee.com.br/product/1329429906/23897970339
6616,19197738198,785818771,https://shopee.com.br/product/785818771/19197738198
6617,56958408678,443294432,https://shopee.com.br/product/443294432/56958408678
6618,22899127622,1537615778,https://shopee.com.br/product/1537615778/22899127622
6619,22893241052,1208859337,https://shopee.com.br/product/1208859337/22893241052
6620,22497587294,874507048,https://shopee.com.br/product/874507048/22497587294
6621,23793262651,1226120317,https://shopee.com.br/product/1226120317/23793262651
6622,23994297787,375188138,https://shopee.com.br/product/375188138/23994297787
6623,23297569090,310274254,https://shopee.com.br/product/310274254/23297569090
6624,58206090878,1082747237,https://shopee.com.br/product/1082747237/58206090878
6625,22498547243,1537615778,https://shopee.com.br/product/1537615778/22498547243
6626,19099369180,1235923910,https://shopee.com.br/product/1235923910/19099369180
6627,22294062547,1537615778,https://shopee.com.br/product/1537615778/22294062547
6628,58214604452,965237276,https://shopee.com.br/product/965237276/58214604452
6629,22093889015,390327339,https://shopee.com.br/product/390327339/22093889015
6630,23394677071,1516596857,https://shopee.com.br/product/1516596857/23394677071
6631,22029967187,401986069,https://shopee.com.br/product/401986069/22029967187
6632,21097795023,1235923910,https://shopee.com.br/product/1235923910/21097795023
6633,23193141405,1267884649,https://shopee.com.br/product/1267884649/23193141405
6634,23898536806,1464080774,https://shopee.com.br/product/1464080774/23898536806
6635,22999144373,1372644554,https://shopee.com.br/product/1372644554/22999144373
6636,18797691956,1097902002,https://shopee.com.br/product/1097902002/18797691956
6637,23094624358,965237276,https://shopee.com.br/product/965237276/23094624358
6638,19999903680,1553205290,https://shopee.com.br/product/1553205290/19999903680
6639,23197364010,1097902002,https://shopee.com.br/product/1097902002/23197364010
6640,20957796654,412482669,https://shopee.com.br/product/412482669/20957796654
6641,43601039510,401986069,https://shopee.com.br/product/401986069/43601039510
6642,23594085396,1473114980,https://shopee.com.br/product/1473114980/23594085396
6643,18997395557,412482669,https://shopee.com.br/product/412482669/18997395557
6644,23894187308,1083800536,https://shopee.com.br/product/1083800536/23894187308
6645,58257447784,1097902002,https://shopee.com.br/product/1097902002/58257447784
6646,9399155374,618731843,https://shopee.com.br/product/618731843/9399155374
6647,58264317183,1097902002,https://shopee.com.br/product/1097902002/58264317183
6648,19299494778,785818771,https://shopee.com.br/product/785818771/19299494778
6649,23597372483,1107280577,https://shopee.com.br/product/1107280577/23597372483
6650,58261615561,1673525976,https://shopee.com.br/product/1673525976/58261615561
6651,19099191790,1097902002,https://shopee.com.br/product/1097902002/19099191790
6652,18797740659,1235923910,https://shopee.com.br/product/1235923910/18797740659
6653,23494188689,462263068,https://shopee.com.br/product/462263068/23494188689
6654,58211705648,1208859337,https://shopee.com.br/product/1208859337/58211705648
6655,23994218960,1267884649,https://shopee.com.br/product/1267884649/23994218960
6656,23293981541,1505013914,https://shopee.com.br/product/1505013914/23293981541
6657,23015326320,412482669,https://shopee.com.br/product/412482669/23015326320
6658,19874432733,443294432,https://shopee.com.br/product/443294432/19874432733
6659,22294329894,1563516628,https://shopee.com.br/product/1563516628/22294329894
6660,9391198240,462263068,https://shopee.com.br/product/462263068/9391198240
6661,20999703285,874507048,https://shopee.com.br/product/874507048/20999703285
6662,23594948310,874507048,https://shopee.com.br/product/874507048/23594948310
6663,58264154117,1329429906,https://shopee.com.br/product/1329429906/58264154117
6664,23297372635,1107280577,https://shopee.com.br/product/1107280577/23297372635
6665,58252396401,1329429906,https://shopee.com.br/product/1329429906/58252396401
6666,22997753140,1235923910,https://shopee.com.br/product/1235923910/22997753140
6667,58211614702,1097902002,https://shopee.com.br/product/1097902002/58211614702
6668,22097702078,1107280577,https://shopee.com.br/product/1107280577/22097702078
6669,19699892609,965237276,https://shopee.com.br/product/965237276/19699892609
6670,22095015444,1673525976,https://shopee.com.br/product/1673525976/22095015444
6671,22797363261,1097902002,https://shopee.com.br/product/1097902002/22797363261
6672,20499245034,522316174,https://shopee.com.br/product/522316174/20499245034
6673,23993087664,1107280577,https://shopee.com.br/product/1107280577/23993087664
6674,19797613094,1097902002,https://shopee.com.br/product/1097902002/19797613094
6675,22598796582,1553205290,https://shopee.com.br/product/1553205290/22598796582
6676,22493099885,401986069,https://shopee.com.br/product/401986069/22493099885
6677,58256720981,1097902002,https://shopee.com.br/product/1097902002/58256720981
6678,10133064258,462263068,https://shopee.com.br/product/462263068/10133064258
6679,58211445478,1097902002,https://shopee.com.br/product/1097902002/58211445478
6680,23892712428,1050213612,https://shopee.com.br/product/1050213612/23892712428
6681,22294062596,1537615778,https://shopee.com.br/product/1537615778/22294062596
6682,20099076355,1097902002,https://shopee.com.br/product/1097902002/20099076355
6683,23997751102,443294432,https://shopee.com.br/product/443294432/23997751102
6684,22694431426,1316611304,https://shopee.com.br/product/1316611304/22694431426
6685,23735158591,412482669,https://shopee.com.br/product/412482669/23735158591
6686,58253179910,1671173223,https://shopee.com.br/product/1671173223/58253179910
6687,22897065156,375188138,https://shopee.com.br/product/375188138/22897065156
6688,23698345358,443294432,https://shopee.com.br/product/443294432/23698345358
6689,58262016941,1473114980,https://shopee.com.br/product/1473114980/58262016941
6690,18198042790,785818771,https://shopee.com.br/product/785818771/18198042790
6691,16893709242,653044811,https://shopee.com.br/product/653044811/16893709242
6692,23694808632,1467752495,https://shopee.com.br/product/1467752495/23694808632
6693,23794384163,1561901020,https://shopee.com.br/product/1561901020/23794384163
6694,21099377928,1235923910,https://shopee.com.br/product/1235923910/21099377928
6695,23297372676,1107280577,https://shopee.com.br/product/1107280577/23297372676
6696,18899186731,1097902002,https://shopee.com.br/product/1097902002/18899186731
6697,21799542148,882904544,https://shopee.com.br/product/882904544/21799542148
6698,21906764570,415129379,https://shopee.com.br/product/415129379/21906764570
6699,23997822765,1235923910,https://shopee.com.br/product/1235923910/23997822765
6700,58200024549,1537615778,https://shopee.com.br/product/1537615778/58200024549
6701,20109722565,412482669,https://shopee.com.br/product/412482669/20109722565
6702,58263747816,1097902002,https://shopee.com.br/product/1097902002/58263747816
6703,23699198685,789777799,https://shopee.com.br/product/789777799/23699198685
6704,58263970509,1842561838,https://shopee.com.br/product/1842561838/58263970509
6705,23297372654,1107280577,https://shopee.com.br/product/1107280577/23297372654
6706,21599498877,785818771,https://shopee.com.br/product/785818771/21599498877
6707,19799185983,1097902002,https://shopee.com.br/product/1097902002/19799185983
6708,22593208275,785818771,https://shopee.com.br/product/785818771/22593208275
6709,22294194074,390327339,https://shopee.com.br/product/390327339/22294194074
6710,23196086365,944577712,https://shopee.com.br/product/944577712/23196086365
6711,22691240282,653044811,https://shopee.com.br/product/653044811/22691240282
6712,23494949603,1516596857,https://shopee.com.br/product/1516596857/23494949603
6713,22592593082,375188138,https://shopee.com.br/product/375188138/22592593082
6714,58263654245,1097902002,https://shopee.com.br/product/1097902002/58263654245
6715,23892501677,443294432,https://shopee.com.br/product/443294432/23892501677
6716,22098035733,1329429906,https://shopee.com.br/product/1329429906/22098035733
6717,20497429113,412482669,https://shopee.com.br/product/412482669/20497429113
6718,20399180545,1097902002,https://shopee.com.br/product/1097902002/20399180545
6719,23893421388,1235923910,https://shopee.com.br/product/1235923910/23893421388
6720,20997979069,1235923910,https://shopee.com.br/product/1235923910/20997979069
6721,58259100177,1083800536,https://shopee.com.br/product/1083800536/58259100177
6722,22099167471,1329429906,https://shopee.com.br/product/1329429906/22099167471
6723,54858750410,390327339,https://shopee.com.br/product/390327339/54858750410
6724,22497619494,1226120317,https://shopee.com.br/product/1226120317/22497619494
6725,23992573304,375188138,https://shopee.com.br/product/375188138/23992573304
6726,22993046691,1097902002,https://shopee.com.br/product/1097902002/22993046691
6727,23694019277,874507048,https://shopee.com.br/product/874507048/23694019277
6728,58208517900,1097902002,https://shopee.com.br/product/1097902002/58208517900
6729,50309027336,1371792496,https://shopee.com.br/product/1371792496/50309027336
6730,22899341951,1553205290,https://shopee.com.br/product/1553205290/22899341951
6731,23694417117,1097902002,https://shopee.com.br/product/1097902002/23694417117
6732,58264318966,1097902002,https://shopee.com.br/product/1097902002/58264318966
6733,58200169252,1537615778,https://shopee.com.br/product/1537615778/58200169252
6734,20999260924,874507048,https://shopee.com.br/product/874507048/20999260924
6735,19966249586,874507048,https://shopee.com.br/product/874507048/19966249586
6736,23993507544,882904544,https://shopee.com.br/product/882904544/23993507544
6737,23798515768,874507048,https://shopee.com.br/product/874507048/23798515768
6738,58211705556,1208859337,https://shopee.com.br/product/1208859337/58211705556
6739,58212702071,1083800536,https://shopee.com.br/product/1083800536/58212702071
6740,17990775812,874507048,https://shopee.com.br/product/874507048/17990775812
6741,58214905874,1374188221,https://shopee.com.br/product/1374188221/58214905874
6742,19566438677,874507048,https://shopee.com.br/product/874507048/19566438677
6743,23494695266,1107280577,https://shopee.com.br/product/1107280577/23494695266
6744,21097971290,965237276,https://shopee.com.br/product/965237276/21097971290
6745,19097978405,1235923910,https://shopee.com.br/product/1235923910/19097978405
6746,21298523924,653044811,https://shopee.com.br/product/653044811/21298523924
6747,22193215592,415129379,https://shopee.com.br/product/415129379/22193215592
6748,22897606654,1243712796,https://shopee.com.br/product/1243712796/22897606654
6749,22297606664,1208859337,https://shopee.com.br/product/1208859337/22297606664
6750,22094070238,1464080774,https://shopee.com.br/product/1464080774/22094070238
6751,58202398172,1208859337,https://shopee.com.br/product/1208859337/58202398172
6752,53251195561,1371792496,https://shopee.com.br/product/1371792496/53251195561
6753,22298564230,1537615778,https://shopee.com.br/product/1537615778/22298564230
6754,22806960421,874507048,https://shopee.com.br/product/874507048/22806960421
6755,18897738944,785818771,https://shopee.com.br/product/785818771/18897738944
6756,23193230980,1235923910,https://shopee.com.br/product/1235923910/23193230980
6757,23298867925,1592293113,https://shopee.com.br/product/1592293113/23298867925
6758,22498547150,1537615778,https://shopee.com.br/product/1537615778/22498547150
6759,22294649350,965237276,https://shopee.com.br/product/965237276/22294649350
6760,20297798027,390327339,https://shopee.com.br/product/390327339/20297798027
6761,22497587283,874507048,https://shopee.com.br/product/874507048/22497587283
6762,58252388246,1208859337,https://shopee.com.br/product/1208859337/58252388246
6763,58256600006,1220316212,https://shopee.com.br/product/1220316212/58256600006
6764,23698790565,1473114980,https://shopee.com.br/product/1473114980/23698790565
6765,58252520678,1537615778,https://shopee.com.br/product/1537615778/58252520678
6766,21599546210,1226120317,https://shopee.com.br/product/1226120317/21599546210
6767,23594228938,1267884649,https://shopee.com.br/product/1267884649/23594228938
6768,23793851070,842559166,https://shopee.com.br/product/842559166/23793851070
6769,19866249591,874507048,https://shopee.com.br/product/874507048/19866249591
6770,22592834321,1050213612,https://shopee.com.br/product/1050213612/22592834321
6771,23292676104,462263068,https://shopee.com.br/product/462263068/23292676104
6772,23798653300,1537615778,https://shopee.com.br/product/1537615778/23798653300
6773,20999378043,1235923910,https://shopee.com.br/product/1235923910/20999378043
6774,23893086517,882904544,https://shopee.com.br/product/882904544/23893086517
6775,22393008573,1060724397,https://shopee.com.br/product/1060724397/22393008573
6776,58208162591,778895824,https://shopee.com.br/product/778895824/58208162591
6777,58261655227,1087752745,https://shopee.com.br/product/1087752745/58261655227
6778,10531330360,462263068,https://shopee.com.br/product/462263068/10531330360
6779,58200948770,1226120317,https://shopee.com.br/product/1226120317/58200948770
6780,18698152383,1494838355,https://shopee.com.br/product/1494838355/18698152383
6781,22893256963,1235923910,https://shopee.com.br/product/1235923910/22893256963
6782,18997796656,1235923910,https://shopee.com.br/product/1235923910/18997796656
6783,22499427736,1516596857,https://shopee.com.br/product/1516596857/22499427736
6784,19898200834,375188138,https://shopee.com.br/product/375188138/19898200834
6785,22298847399,1208859337,https://shopee.com.br/product/1208859337/22298847399
6786,22898071933,965237276,https://shopee.com.br/product/965237276/22898071933
6787,58216301686,1208859337,https://shopee.com.br/product/1208859337/58216301686
6788,19499713194,789777799,https://shopee.com.br/product/789777799/19499713194
6789,58208162584,778895824,https://shopee.com.br/product/778895824/58208162584
6790,22193502835,1329429906,https://shopee.com.br/product/1329429906/22193502835
6791,58211705630,1208859337,https://shopee.com.br/product/1208859337/58211705630
6792,23994485686,1561901020,https://shopee.com.br/product/1561901020/23994485686
6793,22698888393,1563516628,https://shopee.com.br/product/1563516628/22698888393
6794,58250030941,1537615778,https://shopee.com.br/product/1537615778/58250030941
6795,23799439207,462263068,https://shopee.com.br/product/462263068/23799439207
6796,20197794991,451273707,https://shopee.com.br/product/451273707/20197794991
6797,18699096261,965237276,https://shopee.com.br/product/965237276/18699096261
6798,19498027322,316749752,https://shopee.com.br/product/316749752/19498027322
6799,22497587244,874507048,https://shopee.com.br/product/874507048/22497587244
6800,22394399948,1081505086,https://shopee.com.br/product/1081505086/22394399948
6801,23893583500,1537615778,https://shopee.com.br/product/1537615778/23893583500
6802,19298269471,965237276,https://shopee.com.br/product/965237276/19298269471
6803,58210082964,1673525976,https://shopee.com.br/product/1673525976/58210082964
6804,43404289085,1371792496,https://shopee.com.br/product/1371792496/43404289085
6805,58202523537,286347381,https://shopee.com.br/product/286347381/58202523537
6806,19367111326,401986069,https://shopee.com.br/product/401986069/19367111326
6807,19599907938,462263068,https://shopee.com.br/product/462263068/19599907938
6808,22294330416,789777799,https://shopee.com.br/product/789777799/22294330416
6809,23098793011,730226632,https://shopee.com.br/product/730226632/23098793011
6810,23298890292,1563516628,https://shopee.com.br/product/1563516628/23298890292
6811,23294403286,965237276,https://shopee.com.br/product/965237276/23294403286
6812,58252388406,1208859337,https://shopee.com.br/product/1208859337/58252388406
6813,23094679664,1229193285,https://shopee.com.br/product/1229193285/23094679664
6814,16010059357,463375702,https://shopee.com.br/product/463375702/16010059357
6815,18897738923,785818771,https://shopee.com.br/product/785818771/18897738923
6816,23098783910,1537615778,https://shopee.com.br/product/1537615778/23098783910
6817,23494038744,412482669,https://shopee.com.br/product/412482669/23494038744
6818,58211705544,1208859337,https://shopee.com.br/product/1208859337/58211705544
6819,18797738942,785818771,https://shopee.com.br/product/785818771/18797738942
6820,18997977110,1329429906,https://shopee.com.br/product/1329429906/18997977110
6821,15688872596,311163565,https://shopee.com.br/product/311163565/15688872596
6822,58209826029,1083800536,https://shopee.com.br/product/1083800536/58209826029
6823,23099453556,965237276,https://shopee.com.br/product/965237276/23099453556
6824,22497587265,874507048,https://shopee.com.br/product/874507048/22497587265
6825,58207447169,1630032069,https://shopee.com.br/product/1630032069/58207447169
6826,23594214067,965237276,https://shopee.com.br/product/965237276/23594214067
6827,20599308903,1208859337,https://shopee.com.br/product/1208859337/20599308903
6828,18699307688,1208859337,https://shopee.com.br/product/1208859337/18699307688
6829,22993718500,451273707,https://shopee.com.br/product/451273707/22993718500
6830,23893379818,730226632,https://shopee.com.br/product/730226632/23893379818
6831,18198042794,785818771,https://shopee.com.br/product/785818771/18198042794
6832,22194067739,1537615778,https://shopee.com.br/product/1537615778/22194067739
6833,22794636326,1537615778,https://shopee.com.br/product/1537615778/22794636326
6834,23193255482,882904544,https://shopee.com.br/product/882904544/23193255482
6835,58211705560,1208859337,https://shopee.com.br/product/1208859337/58211705560
6836,23898638355,1537615778,https://shopee.com.br/product/1537615778/23898638355
6837,19299310653,785818771,https://shopee.com.br/product/785818771/19299310653
6838,23797546346,1220316212,https://shopee.com.br/product/1220316212/23797546346
6839,58258189977,1208859337,https://shopee.com.br/product/1208859337/58258189977
6840,20597981850,1329429906,https://shopee.com.br/product/1329429906/20597981850
6841,58253446216,462263068,https://shopee.com.br/product/462263068/58253446216
6842,22812877009,412482669,https://shopee.com.br/product/412482669/22812877009
6843,22598961663,889942432,https://shopee.com.br/product/889942432/22598961663
6844,22498483191,1505013914,https://shopee.com.br/product/1505013914/22498483191
6845,58207217041,1033307532,https://shopee.com.br/product/1033307532/58207217041
6846,21999184854,965237276,https://shopee.com.br/product/965237276/21999184854
6847,23898000590,1226120317,https://shopee.com.br/product/1226120317/23898000590
6848,55455030153,390327339,https://shopee.com.br/product/390327339/55455030153
6849,22594864088,1473114980,https://shopee.com.br/product/1473114980/22594864088
6850,12786483059,412482669,https://shopee.com.br/product/412482669/12786483059
6851,44130916075,1467752495,https://shopee.com.br/product/1467752495/44130916075
6852,22497587292,874507048,https://shopee.com.br/product/874507048/22497587292
6853,22694024541,462263068,https://shopee.com.br/product/462263068/22694024541
6854,22593535010,1220316212,https://shopee.com.br/product/1220316212/22593535010
6855,58209900226,874507048,https://shopee.com.br/product/874507048/58209900226
6856,23197746556,1208859337,https://shopee.com.br/product/1208859337/23197746556
6857,18099957372,785818771,https://shopee.com.br/product/785818771/18099957372
6858,23597596630,1208859337,https://shopee.com.br/product/1208859337/23597596630
6859,17091807625,412482669,https://shopee.com.br/product/412482669/17091807625
6860,22599405435,1208859337,https://shopee.com.br/product/1208859337/22599405435
6861,20599837106,1537615778,https://shopee.com.br/product/1537615778/20599837106
6862,22794420143,1541406826,https://shopee.com.br/product/1541406826/22794420143
6863,19966249693,874507048,https://shopee.com.br/product/874507048/19966249693
6864,22494656213,1537615778,https://shopee.com.br/product/1537615778/22494656213
6865,22297567833,874507048,https://shopee.com.br/product/874507048/22297567833
6866,22198569705,1464080774,https://shopee.com.br/product/1464080774/22198569705
6867,41433704832,316749752,https://shopee.com.br/product/316749752/41433704832
6868,23394893346,1027399414,https://shopee.com.br/product/1027399414/23394893346
6869,23893494332,1464080774,https://shopee.com.br/product/1464080774/23893494332
6870,20699648844,1329429906,https://shopee.com.br/product/1329429906/20699648844
6871,22893512481,1226120317,https://shopee.com.br/product/1226120317/22893512481
6872,23193925707,789777799,https://shopee.com.br/product/789777799/23193925707
6873,22798009100,1226120317,https://shopee.com.br/product/1226120317/22798009100
6874,22093060973,297240324,https://shopee.com.br/product/297240324/22093060973
6875,20597747220,1208859337,https://shopee.com.br/product/1208859337/20597747220
6876,22897477535,297240324,https://shopee.com.br/product/297240324/22897477535
6877,23298940957,874507048,https://shopee.com.br/product/874507048/23298940957
6878,22194676724,1674300605,https://shopee.com.br/product/1674300605/22194676724
6879,58211819944,1516596857,https://shopee.com.br/product/1516596857/58211819944
6880,22193734440,1329429906,https://shopee.com.br/product/1329429906/22193734440
6881,22793500681,1243712796,https://shopee.com.br/product/1243712796/22793500681
6882,40365194999,443294432,https://shopee.com.br/product/443294432/40365194999
6883,22694706314,1674300605,https://shopee.com.br/product/1674300605/22694706314
6884,18437654912,415129379,https://shopee.com.br/product/415129379/18437654912
6885,23697614242,1226120317,https://shopee.com.br/product/1226120317/23697614242
6886,23594518349,1473114980,https://shopee.com.br/product/1473114980/23594518349
6887,22194067721,1537615778,https://shopee.com.br/product/1537615778/22194067721
6888,22497587155,874507048,https://shopee.com.br/product/874507048/22497587155
6889,19598709716,653044811,https://shopee.com.br/product/653044811/19598709716
6890,21198198320,874507048,https://shopee.com.br/product/874507048/21198198320
6891,23498642700,442506479,https://shopee.com.br/product/442506479/23498642700
6892,19299494773,785818771,https://shopee.com.br/product/785818771/19299494773
6893,20964234130,874507048,https://shopee.com.br/product/874507048/20964234130
6894,20498297404,1563516628,https://shopee.com.br/product/1563516628/20498297404
6895,58250431910,1516596857,https://shopee.com.br/product/1516596857/58250431910
6896,22691240266,653044811,https://shopee.com.br/product/653044811/22691240266
6897,22395179662,1226105437,https://shopee.com.br/product/1226105437/22395179662
6898,52557471331,412482669,https://shopee.com.br/product/412482669/52557471331
6899,22893861860,1208859337,https://shopee.com.br/product/1208859337/22893861860
6900,21599546234,1226120317,https://shopee.com.br/product/1226120317/21599546234
6901,23994141618,1537615778,https://shopee.com.br/product/1537615778/23994141618
6902,22294062588,1537615778,https://shopee.com.br/product/1537615778/22294062588
6903,21297972571,785818771,https://shopee.com.br/product/785818771/21297972571
6904,18298022907,785818771,https://shopee.com.br/product/785818771/18298022907
6905,16276246917,789777799,https://shopee.com.br/product/789777799/16276246917
6906,20897734509,443294432,https://shopee.com.br/product/443294432/20897734509
6907,58200858076,1473114980,https://shopee.com.br/product/1473114980/58200858076
6908,21264233099,874507048,https://shopee.com.br/product/874507048/21264233099
6909,58202333100,1516596857,https://shopee.com.br/product/1516596857/58202333100
6910,58259873870,965237276,https://shopee.com.br/product/965237276/58259873870
6911,18499793350,874507048,https://shopee.com.br/product/874507048/18499793350
6912,19298021595,1243712796,https://shopee.com.br/product/1243712796/19298021595
6913,20998329653,1473114980,https://shopee.com.br/product/1473114980/20998329653
6914,23898638312,1537615778,https://shopee.com.br/product/1537615778/23898638312
6915,22798811979,1563516628,https://shopee.com.br/product/1563516628/22798811979
6916,22294062567,1537615778,https://shopee.com.br/product/1537615778/22294062567
6917,19499665648,785818771,https://shopee.com.br/product/785818771/19499665648
6918,58202398230,1208859337,https://shopee.com.br/product/1208859337/58202398230
6919,43226133688,1371792496,https://shopee.com.br/product/1371792496/43226133688
6920,58253104370,1674300605,https://shopee.com.br/product/1674300605/58253104370
6921,21897795473,443294432,https://shopee.com.br/product/443294432/21897795473
6922,21366248924,874507048,https://shopee.com.br/product/874507048/21366248924
6923,22297495110,443109642,https://shopee.com.br/product/443109642/22297495110
6924,21297797027,1334294037,https://shopee.com.br/product/1334294037/21297797027
6925,23898505926,874507048,https://shopee.com.br/product/874507048/23898505926
6926,22297193622,443294432,https://shopee.com.br/product/443294432/22297193622
6927,22497736330,965237276,https://shopee.com.br/product/965237276/22497736330
6928,52961187094,816024645,https://shopee.com.br/product/816024645/52961187094
6929,18066248405,874507048,https://shopee.com.br/product/874507048/18066248405
6930,22799459346,1673525976,https://shopee.com.br/product/1673525976/22799459346
6931,22497587169,874507048,https://shopee.com.br/product/874507048/22497587169
6932,23233493425,965237276,https://shopee.com.br/product/965237276/23233493425
6933,22594969947,1081505086,https://shopee.com.br/product/1081505086/22594969947
6934,23794152569,1220316212,https://shopee.com.br/product/1220316212/23794152569
6935,23593482596,785818771,https://shopee.com.br/product/785818771/23593482596
6936,20964234112,874507048,https://shopee.com.br/product/874507048/20964234112
6937,23499439209,462263068,https://shopee.com.br/product/462263068/23499439209
6938,11033774412,462263068,https://shopee.com.br/product/462263068/11033774412
6939,21899385489,443294432,https://shopee.com.br/product/443294432/21899385489
6940,22898895586,1563516628,https://shopee.com.br/product/1563516628/22898895586
6941,23098512689,1494838355,https://shopee.com.br/product/1494838355/23098512689
6942,23898638307,1537615778,https://shopee.com.br/product/1537615778/23898638307
6943,23698346841,1226120317,https://shopee.com.br/product/1226120317/23698346841
6944,23394088243,1464080774,https://shopee.com.br/product/1464080774/23394088243
6945,18999595072,312703265,https://shopee.com.br/product/312703265/18999595072
6946,18299090155,401986069,https://shopee.com.br/product/401986069/18299090155
6947,22097715828,297240324,https://shopee.com.br/product/297240324/22097715828
6948,23395678388,443294432,https://shopee.com.br/product/443294432/23395678388
6949,23299127483,1516596857,https://shopee.com.br/product/1516596857/23299127483
6950,58213995448,462263068,https://shopee.com.br/product/462263068/58213995448
6951,58256308279,1083800536,https://shopee.com.br/product/1083800536/58256308279
6952,23597979358,785818771,https://shopee.com.br/product/785818771/23597979358
6953,18897738937,785818771,https://shopee.com.br/product/785818771/18897738937
6954,47901275265,1371792496,https://shopee.com.br/product/1371792496/47901275265
6955,58209556878,1332727307,https://shopee.com.br/product/1332727307/58209556878
6956,58200064263,1537615778,https://shopee.com.br/product/1537615778/58200064263
6957,23399492669,1516596857,https://shopee.com.br/product/1516596857/23399492669
6958,23093255607,882904544,https://shopee.com.br/product/882904544/23093255607
6959,22398223830,785818771,https://shopee.com.br/product/785818771/22398223830
6960,18899311064,785818771,https://shopee.com.br/product/785818771/18899311064
6961,20799306858,1208859337,https://shopee.com.br/product/1208859337/20799306858
6962,58259790740,758814499,https://shopee.com.br/product/758814499/58259790740
6963,58207366435,349137150,https://shopee.com.br/product/349137150/58207366435
6964,22594169903,522316174,https://shopee.com.br/product/522316174/22594169903
6965,23097017793,730226632,https://shopee.com.br/product/730226632/23097017793
6966,22606960462,874507048,https://shopee.com.br/product/874507048/22606960462
6967,58264778729,1316611304,https://shopee.com.br/product/1316611304/58264778729
6968,22497553539,1243712796,https://shopee.com.br/product/1243712796/22497553539
6969,15395502195,874507048,https://shopee.com.br/product/874507048/15395502195
6970,23298890247,1563516628,https://shopee.com.br/product/1563516628/23298890247
6971,22298564349,1537615778,https://shopee.com.br/product/1537615778/22298564349
6972,58207213173,1650088171,https://shopee.com.br/product/1650088171/58207213173
6973,58200131168,1537615778,https://shopee.com.br/product/1537615778/58200131168
6974,18066248390,874507048,https://shopee.com.br/product/874507048/18066248390
6975,23294444478,874507048,https://shopee.com.br/product/874507048/23294444478
6976,23893494337,1464080774,https://shopee.com.br/product/1464080774/23893494337
6977,58257146608,1553205290,https://shopee.com.br/product/1553205290/58257146608
6978,21499336176,303439692,https://shopee.com.br/product/303439692/21499336176
6979,23194317485,1177903362,https://shopee.com.br/product/1177903362/23194317485
6980,23294316602,1177903362,https://shopee.com.br/product/1177903362/23294316602
6981,22994317483,1177903362,https://shopee.com.br/product/1177903362/22994317483
6982,10751188139,534023108,https://shopee.com.br/product/534023108/10751188139
6983,17976302012,546513063,https://shopee.com.br/product/546513063/17976302012
6984,19748645144,534023108,https://shopee.com.br/product/534023108/19748645144
6985,13613839786,534023108,https://shopee.com.br/product/534023108/13613839786
6986,22994275634,601021305,https://shopee.com.br/product/601021305/22994275634
6987,23839589883,534023108,https://shopee.com.br/product/534023108/23839589883
6988,58267057981,1177903362,https://shopee.com.br/product/1177903362/58267057981
6989,23398902112,1177903362,https://shopee.com.br/product/1177903362/23398902112
6990,22831236892,408653169,https://shopee.com.br/product/408653169/22831236892
6991,21346568995,327632351,https://shopee.com.br/product/327632351/21346568995
6992,22394280124,1177903362,https://shopee.com.br/product/1177903362/22394280124
6993,22798154589,316557325,https://shopee.com.br/product/316557325/22798154589
6994,23293253679,946161700,https://shopee.com.br/product/946161700/23293253679
6995,21850025368,534023108,https://shopee.com.br/product/534023108/21850025368
6996,43818223779,365257077,https://shopee.com.br/product/365257077/43818223779
6997,22596607256,534023108,https://shopee.com.br/product/534023108/22596607256
6998,58201097420,1177903362,https://shopee.com.br/product/1177903362/58201097420
6999,13713834713,534023108,https://shopee.com.br/product/534023108/13713834713
7000,22396133684,534023108,https://shopee.com.br/product/534023108/22396133684
7001,22497834222,534023108,https://shopee.com.br/product/534023108/22497834222
7002,23698414289,1314243679,https://shopee.com.br/product/1314243679/23698414289
7003,22399181619,1658245933,https://shopee.com.br/product/1658245933/22399181619
7004,18799687445,1314243679,https://shopee.com.br/product/1314243679/18799687445
7005,20350462962,534023108,https://shopee.com.br/product/534023108/20350462962
7006,40173275039,590473480,https://shopee.com.br/product/590473480/40173275039
7007,20550879340,683952730,https://shopee.com.br/product/683952730/20550879340
7008,23597759564,946161700,https://shopee.com.br/product/946161700/23597759564
7009,21399775678,1177903362,https://shopee.com.br/product/1177903362/21399775678
7010,2995837338,546513063,https://shopee.com.br/product/546513063/2995837338
7011,22694685298,1658245933,https://shopee.com.br/product/1658245933/22694685298
7012,13613839865,534023108,https://shopee.com.br/product/534023108/13613839865
7013,41664380133,528273775,https://shopee.com.br/product/528273775/41664380133
7014,20699865674,1177903362,https://shopee.com.br/product/1177903362/20699865674
7015,23295882183,946161700,https://shopee.com.br/product/946161700/23295882183
7016,22997735435,946161700,https://shopee.com.br/product/946161700/22997735435
7017,23993112301,590473480,https://shopee.com.br/product/590473480/23993112301
7018,22097788358,290073877,https://shopee.com.br/product/290073877/22097788358
7019,21699838818,601021305,https://shopee.com.br/product/601021305/21699838818
7020,23516202278,752849300,https://shopee.com.br/product/752849300/23516202278
7021,14249452834,557242410,https://shopee.com.br/product/557242410/14249452834
7022,21170186470,889942432,https://shopee.com.br/product/889942432/21170186470
7023,23594409450,1177903362,https://shopee.com.br/product/1177903362/23594409450
7024,20998700062,528273775,https://shopee.com.br/product/528273775/20998700062
7025,23794266106,1177903362,https://shopee.com.br/product/1177903362/23794266106
7026,21570333974,912497596,https://shopee.com.br/product/912497596/21570333974
7027,28740275311,528273775,https://shopee.com.br/product/528273775/28740275311
7028,58263244818,534023108,https://shopee.com.br/product/534023108/58263244818
7029,11454952997,528273775,https://shopee.com.br/product/528273775/11454952997
7030,12933190865,546513063,https://shopee.com.br/product/546513063/12933190865
7031,21799581468,946161700,https://shopee.com.br/product/946161700/21799581468
7032,23594649303,1177903362,https://shopee.com.br/product/1177903362/23594649303
7033,20050061633,534023108,https://shopee.com.br/product/534023108/20050061633
7034,23299139897,1658245933,https://shopee.com.br/product/1658245933/23299139897
7035,12335613747,546513063,https://shopee.com.br/product/546513063/12335613747
7036,22298813963,1177903362,https://shopee.com.br/product/1177903362/22298813963
7037,22394280105,1177903362,https://shopee.com.br/product/1177903362/22394280105
7038,19457835266,528273775,https://shopee.com.br/product/528273775/19457835266
7039,13132836812,546513063,https://shopee.com.br/product/546513063/13132836812
7040,53608718171,1730265575,https://shopee.com.br/product/1730265575/53608718171
7041,23998445594,1477305422,https://shopee.com.br/product/1477305422/23998445594
7042,23892644849,988566789,https://shopee.com.br/product/988566789/23892644849
7043,58202052857,590473480,https://shopee.com.br/product/590473480/58202052857
7044,58253779484,946161700,https://shopee.com.br/product/946161700/58253779484
7045,19999842550,1177903362,https://shopee.com.br/product/1177903362/19999842550
7046,22394860909,1177903362,https://shopee.com.br/product/1177903362/22394860909
7047,14448585997,353664457,https://shopee.com.br/product/353664457/14448585997
7048,10851188184,534023108,https://shopee.com.br/product/534023108/10851188184
7049,23798474782,1177903362,https://shopee.com.br/product/1177903362/23798474782
7050,16069511034,353664457,https://shopee.com.br/product/353664457/16069511034
7051,22894189465,1477305422,https://shopee.com.br/product/1477305422/22894189465
7052,21999176691,349137150,https://shopee.com.br/product/349137150/21999176691
7053,42626137653,946161700,https://shopee.com.br/product/946161700/42626137653
7054,22294284364,1583886098,https://shopee.com.br/product/1583886098/22294284364
7055,16987622954,349137150,https://shopee.com.br/product/349137150/16987622954
7056,12009029239,528273775,https://shopee.com.br/product/528273775/12009029239
7057,13613839955,534023108,https://shopee.com.br/product/534023108/13613839955
7058,58212154837,482939517,https://shopee.com.br/product/482939517/58212154837
7059,58261226820,1477305422,https://shopee.com.br/product/1477305422/58261226820
7060,22436010862,946161700,https://shopee.com.br/product/946161700/22436010862
7061,12809651630,528273775,https://shopee.com.br/product/528273775/12809651630
7062,22894272609,1177903362,https://shopee.com.br/product/1177903362/22894272609
7063,22894391698,1177903362,https://shopee.com.br/product/1177903362/22894391698
7064,58254839481,1177903362,https://shopee.com.br/product/1177903362/58254839481
7065,22694033093,1526836548,https://shopee.com.br/product/1526836548/22694033093
7066,23799340430,1177903362,https://shopee.com.br/product/1177903362/23799340430
7067,15091277106,741045633,https://shopee.com.br/product/741045633/15091277106
7068,18798284581,810071078,https://shopee.com.br/product/810071078/18798284581
7069,21399775679,1177903362,https://shopee.com.br/product/1177903362/21399775679
7070,23499127940,1555925174,https://shopee.com.br/product/1555925174/23499127940
7071,22998145583,822103155,https://shopee.com.br/product/822103155/22998145583
7072,20060807479,528273775,https://shopee.com.br/product/528273775/20060807479
7073,11548400267,528273775,https://shopee.com.br/product/528273775/11548400267
7074,58201077433,946161700,https://shopee.com.br/product/946161700/58201077433
7075,47562767345,528273775,https://shopee.com.br/product/528273775/47562767345
7076,48762534630,546513063,https://shopee.com.br/product/546513063/48762534630
7077,22998749308,1477305422,https://shopee.com.br/product/1477305422/22998749308
7078,40319442806,946161700,https://shopee.com.br/product/946161700/40319442806
7079,11462223561,546513063,https://shopee.com.br/product/546513063/11462223561
7080,54407698720,455103761,https://shopee.com.br/product/455103761/54407698720
7081,20899071268,1050213612,https://shopee.com.br/product/1050213612/20899071268
7082,23594409442,1177903362,https://shopee.com.br/product/1177903362/23594409442
7083,27235643834,683952730,https://shopee.com.br/product/683952730/27235643834
7084,11548400298,528273775,https://shopee.com.br/product/528273775/11548400298
7085,21399775680,1177903362,https://shopee.com.br/product/1177903362/21399775680
7086,19871963974,912497596,https://shopee.com.br/product/912497596/19871963974
7087,23697188546,816806234,https://shopee.com.br/product/816806234/23697188546
7088,28043439624,528273775,https://shopee.com.br/product/528273775/28043439624
7089,22494151024,1555925174,https://shopee.com.br/product/1555925174/22494151024
7090,20098269272,1177903362,https://shopee.com.br/product/1177903362/20098269272
7091,22793245063,436723291,https://shopee.com.br/product/436723291/22793245063
7092,23694639916,1583442620,https://shopee.com.br/product/1583442620/23694639916
7093,19111725326,546513063,https://shopee.com.br/product/546513063/19111725326
7094,11797968657,557242410,https://shopee.com.br/product/557242410/11797968657
7095,10962053951,546513063,https://shopee.com.br/product/546513063/10962053951
7096,18139012711,528273775,https://shopee.com.br/product/528273775/18139012711
7097,15437029106,612143990,https://shopee.com.br/product/612143990/15437029106
7098,20198022443,946161700,https://shopee.com.br/product/946161700/20198022443
7099,20849747088,534023108,https://shopee.com.br/product/534023108/20849747088
7100,26741543888,946161700,https://shopee.com.br/product/946161700/26741543888
7101,11464478989,489001115,https://shopee.com.br/product/489001115/11464478989
7102,53211612997,1404215442,https://shopee.com.br/product/1404215442/53211612997
7103,16283414556,848951954,https://shopee.com.br/product/848951954/16283414556
7104,22793805471,946161700,https://shopee.com.br/product/946161700/22793805471
7105,58262392225,1676555102,https://shopee.com.br/product/1676555102/58262392225
7106,23993624134,528273775,https://shopee.com.br/product/528273775/23993624134
7107,22599244337,1660302953,https://shopee.com.br/product/1660302953/22599244337
7108,18598352524,1477305422,https://shopee.com.br/product/1477305422/18598352524
7109,57107586539,946161700,https://shopee.com.br/product/946161700/57107586539
7110,42129195928,528273775,https://shopee.com.br/product/528273775/42129195928
7111,23329417048,408653169,https://shopee.com.br/product/408653169/23329417048
7112,22194252182,1583886098,https://shopee.com.br/product/1583886098/22194252182
7113,42154169756,528273775,https://shopee.com.br/product/528273775/42154169756
7114,23399188103,1609741857,https://shopee.com.br/product/1609741857/23399188103
7115,58255453009,1050213612,https://shopee.com.br/product/1050213612/58255453009
7116,22398647840,1555925174,https://shopee.com.br/product/1555925174/22398647840
7117,58201074824,946161700,https://shopee.com.br/product/946161700/58201074824
7118,19898187088,648928964,https://shopee.com.br/product/648928964/19898187088
7119,10448399577,528273775,https://shopee.com.br/product/528273775/10448399577
7120,23994612844,534023108,https://shopee.com.br/product/534023108/23994612844
7121,22596315890,939334135,https://shopee.com.br/product/939334135/22596315890
7122,58150826937,946161700,https://shopee.com.br/product/946161700/58150826937
7123,12309091448,528273775,https://shopee.com.br/product/528273775/12309091448
7124,2994033219,528273775,https://shopee.com.br/product/528273775/2994033219
7125,23793609333,822103155,https://shopee.com.br/product/822103155/23793609333
7126,23397894419,946161700,https://shopee.com.br/product/946161700/23397894419
7127,22736353061,946161700,https://shopee.com.br/product/946161700/22736353061
7128,22898988521,1583886098,https://shopee.com.br/product/1583886098/22898988521
7129,18498818924,528273775,https://shopee.com.br/product/528273775/18498818924
7130,22294027755,272868574,https://shopee.com.br/product/272868574/22294027755
7131,58250969955,1314243679,https://shopee.com.br/product/1314243679/58250969955
7132,52958137803,528273775,https://shopee.com.br/product/528273775/52958137803
7133,22294511616,1583442620,https://shopee.com.br/product/1583442620/22294511616
7134,11748362144,528273775,https://shopee.com.br/product/528273775/11748362144
7135,50005426031,442506479,https://shopee.com.br/product/442506479/50005426031
7136,22194001236,272868574,https://shopee.com.br/product/272868574/22194001236
7137,22998553345,648928964,https://shopee.com.br/product/648928964/22998553345
7138,43776916472,862830026,https://shopee.com.br/product/862830026/43776916472
7139,19297686383,1050213612,https://shopee.com.br/product/1050213612/19297686383
7140,11548362012,528273775,https://shopee.com.br/product/528273775/11548362012
7141,22893877276,1506316714,https://shopee.com.br/product/1506316714/22893877276
7142,58263911503,1583442620,https://shopee.com.br/product/1583442620/58263911503
7143,22799018834,1583886098,https://shopee.com.br/product/1583886098/22799018834
7144,22998952256,1583442620,https://shopee.com.br/product/1583442620/22998952256
7145,53517229030,1537166216,https://shopee.com.br/product/1537166216/53517229030
7146,28579353154,946161700,https://shopee.com.br/product/946161700/28579353154
7147,22794664991,1583442620,https://shopee.com.br/product/1583442620/22794664991
7148,58251688842,822103155,https://shopee.com.br/product/822103155/58251688842
7149,23198948258,1583442620,https://shopee.com.br/product/1583442620/23198948258
7150,23593789118,946161700,https://shopee.com.br/product/946161700/23593789118
7151,22193493330,805449066,https://shopee.com.br/product/805449066/22193493330
7152,52157158693,402450553,https://shopee.com.br/product/402450553/52157158693
7153,23394652658,1583442620,https://shopee.com.br/product/1583442620/23394652658
7154,23093659109,822103155,https://shopee.com.br/product/822103155/23093659109
7155,23793110521,412527932,https://shopee.com.br/product/412527932/23793110521
7156,58266519779,312703265,https://shopee.com.br/product/312703265/58266519779
7157,58209455796,1676555072,https://shopee.com.br/product/1676555072/58209455796
7158,58210267744,1676555102,https://shopee.com.br/product/1676555102/58210267744
7159,58259707106,1676555128,https://shopee.com.br/product/1676555128/58259707106
7160,22699244725,648928964,https://shopee.com.br/product/648928964/22699244725
7161,58266215760,822103155,https://shopee.com.br/product/822103155/58266215760
7162,18598347461,1583442620,https://shopee.com.br/product/1583442620/18598347461
7163,23294446524,1583442620,https://shopee.com.br/product/1583442620/23294446524
7164,9716096790,384950713,https://shopee.com.br/product/384950713/9716096790
7165,22599454544,1676554829,https://shopee.com.br/product/1676554829/22599454544
7166,17480765729,368913908,https://shopee.com.br/product/368913908/17480765729
7167,58209471012,1676554958,https://shopee.com.br/product/1676554958/58209471012
7168,23693718002,590473480,https://shopee.com.br/product/590473480/23693718002
7169,58259453497,1676555057,https://shopee.com.br/product/1676555057/58259453497
7170,22299486380,1583442620,https://shopee.com.br/product/1583442620/22299486380
7171,23094455738,1583442620,https://shopee.com.br/product/1583442620/23094455738
7172,23094455748,1583442620,https://shopee.com.br/product/1583442620/23094455748
7173,22393733108,805449066,https://shopee.com.br/product/805449066/22393733108
7174,58259436902,1676554829,https://shopee.com.br/product/1676554829/58259436902
7175,58209664498,1676554850,https://shopee.com.br/product/1676554850/58209664498
7176,23299438333,1676554850,https://shopee.com.br/product/1676554850/23299438333
7177,22894951129,1676555128,https://shopee.com.br/product/1676555128/22894951129
7178,20222875004,368913908,https://shopee.com.br/product/368913908/20222875004
7179,58209470488,1676554958,https://shopee.com.br/product/1676554958/58209470488
7180,22998553346,648928964,https://shopee.com.br/product/648928964/22998553346
7181,20998266421,1506316714,https://shopee.com.br/product/1506316714/20998266421
7182,58259451078,1660302938,https://shopee.com.br/product/1660302938/58259451078
7183,58259702365,1676555087,https://shopee.com.br/product/1676555087/58259702365
7184,53263511049,357239640,https://shopee.com.br/product/357239640/53263511049
7185,58259457567,1676554909,https://shopee.com.br/product/1676554909/58259457567
7186,58259039909,1676555155,https://shopee.com.br/product/1676555155/58259039909
7187,22794664995,1583442620,https://shopee.com.br/product/1583442620/22794664995
7188,58209670907,1676554945,https://shopee.com.br/product/1676554945/58209670907
7189,22598722132,1555925174,https://shopee.com.br/product/1555925174/22598722132
7190,22594017532,272868574,https://shopee.com.br/product/272868574/22594017532
7191,23993657470,979730489,https://shopee.com.br/product/979730489/23993657470
7192,23797838450,979730489,https://shopee.com.br/product/979730489/23797838450
7193,22997134773,979730489,https://shopee.com.br/product/979730489/22997134773
7194,19297459307,979730489,https://shopee.com.br/product/979730489/19297459307
7195,18397504830,1137412789,https://shopee.com.br/product/1137412789/18397504830
7196,22094002370,1137412789,https://shopee.com.br/product/1137412789/22094002370
7197,22598822821,979730489,https://shopee.com.br/product/979730489/22598822821
7198,49455517568,869809385,https://shopee.com.br/product/869809385/49455517568
7199,23398240777,979730489,https://shopee.com.br/product/979730489/23398240777
7200,22893479715,1137412789,https://shopee.com.br/product/1137412789/22893479715
7201,19499029649,979730489,https://shopee.com.br/product/979730489/19499029649
7202,17464240220,373745451,https://shopee.com.br/product/373745451/17464240220
7203,23493285757,979730489,https://shopee.com.br/product/979730489/23493285757
7204,23197284227,1137412789,https://shopee.com.br/product/1137412789/23197284227
7205,20097430113,718558431,https://shopee.com.br/product/718558431/20097430113
7206,19377584211,902298974,https://shopee.com.br/product/902298974/19377584211
7207,23197165886,1029852536,https://shopee.com.br/product/1029852536/23197165886
7208,25988928050,373745451,https://shopee.com.br/product/373745451/25988928050
7209,22493228492,1137412789,https://shopee.com.br/product/1137412789/22493228492
7210,23897501068,1137412789,https://shopee.com.br/product/1137412789/23897501068
7211,23692817190,1137412789,https://shopee.com.br/product/1137412789/23692817190
7212,22893067006,979730489,https://shopee.com.br/product/979730489/22893067006
7213,23297165879,1029852536,https://shopee.com.br/product/1029852536/23297165879
7214,58210604476,1137412789,https://shopee.com.br/product/1137412789/58210604476
7215,22797545730,718558431,https://shopee.com.br/product/718558431/22797545730
7216,58207684298,1137412789,https://shopee.com.br/product/1137412789/58207684298
7217,19399305737,718558431,https://shopee.com.br/product/718558431/19399305737
7218,58257687739,979730489,https://shopee.com.br/product/979730489/58257687739
7219,22994324935,979730489,https://shopee.com.br/product/979730489/22994324935
7220,22792916858,1137412789,https://shopee.com.br/product/1137412789/22792916858
7221,27293519493,1297519240,https://shopee.com.br/product/1297519240/27293519493
7222,18899263112,1257849357,https://shopee.com.br/product/1257849357/18899263112
7223,17559729589,313968882,https://shopee.com.br/product/313968882/17559729589
7224,21897634076,902298974,https://shopee.com.br/product/902298974/21897634076
7225,22696486927,334741920,https://shopee.com.br/product/334741920/22696486927
7226,22292178438,902298974,https://shopee.com.br/product/902298974/22292178438
7227,23497279067,1137412789,https://shopee.com.br/product/1137412789/23497279067
7228,22992641019,979730489,https://shopee.com.br/product/979730489/22992641019
7229,21897147581,902298974,https://shopee.com.br/product/902298974/21897147581
7230,23793618514,1275385296,https://shopee.com.br/product/1275385296/23793618514
7231,23415218600,902298974,https://shopee.com.br/product/902298974/23415218600
7232,46060616125,1672861664,https://shopee.com.br/product/1672861664/46060616125
7233,21199664209,1137412789,https://shopee.com.br/product/1137412789/21199664209
7234,22792641426,979730489,https://shopee.com.br/product/979730489/22792641426
7235,22697285812,1137412789,https://shopee.com.br/product/1137412789/22697285812
7236,22398463728,718558431,https://shopee.com.br/product/718558431/22398463728
7237,22192600674,718558431,https://shopee.com.br/product/718558431/22192600674
7238,23094845011,1137412789,https://shopee.com.br/product/1137412789/23094845011
7239,20998266387,979730489,https://shopee.com.br/product/979730489/20998266387
7240,21469786792,902298974,https://shopee.com.br/product/902298974/21469786792
7241,4584885100,313968882,https://shopee.com.br/product/313968882/4584885100
7242,23793885026,1275385296,https://shopee.com.br/product/1275385296/23793885026
7243,23198300251,1257849357,https://shopee.com.br/product/1257849357/23198300251
7244,26230335254,869809385,https://shopee.com.br/product/869809385/26230335254
7245,23792934294,1137412789,https://shopee.com.br/product/1137412789/23792934294
7246,20798289844,1137412789,https://shopee.com.br/product/1137412789/20798289844
7247,22293355726,687950391,https://shopee.com.br/product/687950391/22293355726
7248,22893088310,718558431,https://shopee.com.br/product/718558431/22893088310
7249,23598830578,979730489,https://shopee.com.br/product/979730489/23598830578
7250,23893477580,979730489,https://shopee.com.br/product/979730489/23893477580
7251,22597445572,718558431,https://shopee.com.br/product/718558431/22597445572
7252,23697168907,718558431,https://shopee.com.br/product/718558431/23697168907
7253,16804723732,429425876,https://shopee.com.br/product/429425876/16804723732
7254,22997078948,902298974,https://shopee.com.br/product/902298974/22997078948
7255,23797296852,718558431,https://shopee.com.br/product/718558431/23797296852
7256,19499321181,1137412789,https://shopee.com.br/product/1137412789/19499321181
7257,22894845241,1137412789,https://shopee.com.br/product/1137412789/22894845241
7258,23198871020,1137412789,https://shopee.com.br/product/1137412789/23198871020
7259,21897747135,442506479,https://shopee.com.br/product/442506479/21897747135
7260,17725640634,719930213,https://shopee.com.br/product/719930213/17725640634
7261,20197734534,718558431,https://shopee.com.br/product/718558431/20197734534
7262,19599177525,718558431,https://shopee.com.br/product/718558431/19599177525
7263,19797748932,1257849357,https://shopee.com.br/product/1257849357/19797748932
7264,18899263128,1257849357,https://shopee.com.br/product/1257849357/18899263128
7265,21699380604,1275385296,https://shopee.com.br/product/1275385296/21699380604
7266,21399548836,1137412789,https://shopee.com.br/product/1137412789/21399548836
7267,20999866517,718558431,https://shopee.com.br/product/718558431/20999866517
7268,19999550870,601021305,https://shopee.com.br/product/601021305/19999550870
7269,23292669204,1029852536,https://shopee.com.br/product/1029852536/23292669204
7270,23422462371,408128510,https://shopee.com.br/product/408128510/23422462371
7271,23197334401,1137412789,https://shopee.com.br/product/1137412789/23197334401
7272,19799357458,1275385296,https://shopee.com.br/product/1275385296/19799357458
7273,22492948759,718558431,https://shopee.com.br/product/718558431/22492948759
7274,19597786125,718558431,https://shopee.com.br/product/718558431/19597786125
7275,58200013401,979730489,https://shopee.com.br/product/979730489/58200013401
7276,21097794923,1275385296,https://shopee.com.br/product/1275385296/21097794923
7277,20799369261,576160832,https://shopee.com.br/product/576160832/20799369261
7278,22693740457,718558431,https://shopee.com.br/product/718558431/22693740457
7279,23699170406,979730489,https://shopee.com.br/product/979730489/23699170406
7280,22293003141,1137412789,https://shopee.com.br/product/1137412789/22293003141
7281,58204758232,1453271956,https://shopee.com.br/product/1453271956/58204758232
7282,23492209763,718558431,https://shopee.com.br/product/718558431/23492209763
7283,22192874803,979730489,https://shopee.com.br/product/979730489/22192874803
7284,22592918613,1137412789,https://shopee.com.br/product/1137412789/22592918613
7285,23397544651,1257849357,https://shopee.com.br/product/1257849357/23397544651
7286,42675187443,373745451,https://shopee.com.br/product/373745451/42675187443
7287,22093171817,718558431,https://shopee.com.br/product/718558431/22093171817
7288,58206682765,1275385296,https://shopee.com.br/product/1275385296/58206682765
7289,23092679048,902298974,https://shopee.com.br/product/902298974/23092679048
7290,22198826182,979730489,https://shopee.com.br/product/979730489/22198826182
7291,23693332135,939334135,https://shopee.com.br/product/939334135/23693332135
7292,21670138660,902298974,https://shopee.com.br/product/902298974/21670138660
7293,10239020524,360012700,https://shopee.com.br/product/360012700/10239020524
7294,20497613311,687950391,https://shopee.com.br/product/687950391/20497613311
7295,58256855245,1721810104,https://shopee.com.br/product/1721810104/58256855245
7296,22792808457,1137412789,https://shopee.com.br/product/1137412789/22792808457
7297,21526643123,805449066,https://shopee.com.br/product/805449066/21526643123
7298,22294478333,376716003,https://shopee.com.br/product/376716003/22294478333
7299,46256884533,951290141,https://shopee.com.br/product/951290141/46256884533
7300,22593876910,1496667000,https://shopee.com.br/product/1496667000/22593876910
7301,21498987848,718558431,https://shopee.com.br/product/718558431/21498987848
7302,20872227079,408128510,https://shopee.com.br/product/408128510/20872227079
7303,23397115106,979730489,https://shopee.com.br/product/979730489/23397115106
7304,20399758024,859766415,https://shopee.com.br/product/859766415/20399758024
7305,20399095041,979730489,https://shopee.com.br/product/979730489/20399095041
7306,23397989086,939446263,https://shopee.com.br/product/939446263/23397989086
7307,45513681863,464586953,https://shopee.com.br/product/464586953/45513681863
7308,23091600690,902298974,https://shopee.com.br/product/902298974/23091600690
7309,22692923511,1137412789,https://shopee.com.br/product/1137412789/22692923511
7310,19348255097,719930213,https://shopee.com.br/product/719930213/19348255097
7311,22497543364,1257849357,https://shopee.com.br/product/1257849357/22497543364
7312,23692784380,1137412789,https://shopee.com.br/product/1137412789/23692784380
7313,23396092406,902298974,https://shopee.com.br/product/902298974/23396092406
7314,50509383939,1297519240,https://shopee.com.br/product/1297519240/50509383939
7315,23694028718,1137412789,https://shopee.com.br/product/1137412789/23694028718
7316,23998311835,979730489,https://shopee.com.br/product/979730489/23998311835
7317,22592515940,939334135,https://shopee.com.br/product/939334135/22592515940
7318,19799560942,1343318906,https://shopee.com.br/product/1343318906/19799560942
7319,23198685846,1297519240,https://shopee.com.br/product/1297519240/23198685846
7320,23697173782,1137412789,https://shopee.com.br/product/1137412789/23697173782
7321,22294416923,718558431,https://shopee.com.br/product/718558431/22294416923
7322,22798817215,979730489,https://shopee.com.br/product/979730489/22798817215
7323,23497733295,1275385296,https://shopee.com.br/product/1275385296/23497733295
7324,22097993770,979730489,https://shopee.com.br/product/979730489/22097993770
7325,54801673485,1384728500,https://shopee.com.br/product/1384728500/54801673485
7326,21697317202,805449066,https://shopee.com.br/product/805449066/21697317202
7327,40720774923,400124163,https://shopee.com.br/product/400124163/40720774923
7328,23493539425,951290141,https://shopee.com.br/product/951290141/23493539425
7329,58253672172,374148566,https://shopee.com.br/product/374148566/58253672172
7330,22999415864,374148566,https://shopee.com.br/product/374148566/22999415864
7331,23197245164,718558431,https://shopee.com.br/product/718558431/23197245164
7332,48401683575,341754426,https://shopee.com.br/product/341754426/48401683575
7333,21654183756,705932885,https://shopee.com.br/product/705932885/21654183756
7334,21697869352,1029852536,https://shopee.com.br/product/1029852536/21697869352
7335,21997407756,951290141,https://shopee.com.br/product/951290141/21997407756
7336,23797717001,1275385296,https://shopee.com.br/product/1275385296/23797717001
7337,23493011644,1257849357,https://shopee.com.br/product/1257849357/23493011644
7338,22092594338,718558431,https://shopee.com.br/product/718558431/22092594338
7339,22193016592,1257849357,https://shopee.com.br/product/1257849357/22193016592
7340,23197137296,979730489,https://shopee.com.br/product/979730489/23197137296
7341,22697294212,979730489,https://shopee.com.br/product/979730489/22697294212
7342,23597469990,335160199,https://shopee.com.br/product/335160199/23597469990
7343,22097697603,1275385296,https://shopee.com.br/product/1275385296/22097697603
7344,22692807888,1137412789,https://shopee.com.br/product/1137412789/22692807888
7345,58202092469,1655406395,https://shopee.com.br/product/1655406395/58202092469
7346,23397094846,902298974,https://shopee.com.br/product/902298974/23397094846
7347,23998230990,1137412789,https://shopee.com.br/product/1137412789/23998230990
7348,22594036316,1275385296,https://shopee.com.br/product/1275385296/22594036316
7349,44428481931,435277938,https://shopee.com.br/product/435277938/44428481931
7350,23397581131,627750190,https://shopee.com.br/product/627750190/23397581131
7351,23793011156,1257849357,https://shopee.com.br/product/1257849357/23793011156
7352,23298642528,902298974,https://shopee.com.br/product/902298974/23298642528
7353,20897689351,1257849357,https://shopee.com.br/product/1257849357/20897689351
7354,58209423704,902298974,https://shopee.com.br/product/902298974/58209423704
7355,23397563958,822103155,https://shopee.com.br/product/822103155/23397563958
7356,22593876945,1496667000,https://shopee.com.br/product/1496667000/22593876945
7357,23493657156,902298974,https://shopee.com.br/product/902298974/23493657156
7358,15590754156,805449066,https://shopee.com.br/product/805449066/15590754156
7359,22997083684,979730489,https://shopee.com.br/product/979730489/22997083684
7360,22398539158,859766415,https://shopee.com.br/product/859766415/22398539158
7361,23993108218,1257849357,https://shopee.com.br/product/1257849357/23993108218
7362,22194281322,1137412789,https://shopee.com.br/product/1137412789/22194281322
7363,18430879835,805449066,https://shopee.com.br/product/805449066/18430879835
7364,23393011370,1257849357,https://shopee.com.br/product/1257849357/23393011370
7365,43752553823,604489889,https://shopee.com.br/product/604489889/43752553823
7366,50859694005,718558431,https://shopee.com.br/product/718558431/50859694005
7367,18199353390,1137412789,https://shopee.com.br/product/1137412789/18199353390
7368,23593743894,979730489,https://shopee.com.br/product/979730489/23593743894
7369,18497993371,1275385296,https://shopee.com.br/product/1275385296/18497993371
7370,22794068158,1496667000,https://shopee.com.br/product/1496667000/22794068158
7371,22293278616,1275385296,https://shopee.com.br/product/1275385296/22293278616
7372,20697687392,1257849357,https://shopee.com.br/product/1257849357/20697687392
7373,18497671768,718558431,https://shopee.com.br/product/718558431/18497671768
7374,23994055701,1496667000,https://shopee.com.br/product/1496667000/23994055701
7375,23594333876,979730489,https://shopee.com.br/product/979730489/23594333876
7376,22093638975,1275385296,https://shopee.com.br/product/1275385296/22093638975
7377,23398369052,1496667000,https://shopee.com.br/product/1496667000/23398369052
7378,22593076727,1257849357,https://shopee.com.br/product/1257849357/22593076727
7379,19899597284,1137412789,https://shopee.com.br/product/1137412789/19899597284
7380,23293153600,979730489,https://shopee.com.br/product/979730489/23293153600
7381,23798738015,1137412789,https://shopee.com.br/product/1137412789/23798738015
7382,44327424436,735707447,https://shopee.com.br/product/735707447/44327424436
7383,23893136363,1275385296,https://shopee.com.br/product/1275385296/23893136363
7384,21197971415,1275385296,https://shopee.com.br/product/1275385296/21197971415
7385,48210085517,735707447,https://shopee.com.br/product/735707447/48210085517
7386,22797722300,604489889,https://shopee.com.br/product/604489889/22797722300
7387,52101409999,373745451,https://shopee.com.br/product/373745451/52101409999
7388,58251675669,979730489,https://shopee.com.br/product/979730489/58251675669
7389,42675342092,1297519240,https://shopee.com.br/product/1297519240/42675342092
7390,58201648008,719930213,https://shopee.com.br/product/719930213/58201648008
7391,5186079042,408128510,https://shopee.com.br/product/408128510/5186079042
7392,52108898398,1297519240,https://shopee.com.br/product/1297519240/52108898398
7393,47210455128,1297519240,https://shopee.com.br/product/1297519240/47210455128
7394,23997430899,1137412789,https://shopee.com.br/product/1137412789/23997430899
7395,21497605055,979730489,https://shopee.com.br/product/979730489/21497605055
7396,22593211781,1275385296,https://shopee.com.br/product/1275385296/22593211781
7397,23998311843,979730489,https://shopee.com.br/product/979730489/23998311843
7398,42622883542,281898655,https://shopee.com.br/product/281898655/42622883542
7399,21797725815,1257849357,https://shopee.com.br/product/1257849357/21797725815
7400,22792914205,1137412789,https://shopee.com.br/product/1137412789/22792914205
7401,22199368009,406280808,https://shopee.com.br/product/406280808/22199368009
7402,58251818788,1618012096,https://shopee.com.br/product/1618012096/58251818788
7403,19399608667,718558431,https://shopee.com.br/product/718558431/19399608667
7404,22297500703,1137412789,https://shopee.com.br/product/1137412789/22297500703
7405,23992967440,979730489,https://shopee.com.br/product/979730489/23992967440
7406,26030393841,869809385,https://shopee.com.br/product/869809385/26030393841
7407,23393063690,1257849357,https://shopee.com.br/product/1257849357/23393063690
7408,57912520200,1672861664,https://shopee.com.br/product/1672861664/57912520200
7409,22797970310,1275385296,https://shopee.com.br/product/1275385296/22797970310
7410,23798102438,1275385296,https://shopee.com.br/product/1275385296/23798102438
7411,19771171772,408128510,https://shopee.com.br/product/408128510/19771171772
7412,58207176999,1275385296,https://shopee.com.br/product/1275385296/58207176999
7413,20899550474,979730489,https://shopee.com.br/product/979730489/20899550474
7414,22297507043,939334135,https://shopee.com.br/product/939334135/22297507043
7415,44073431581,1297519240,https://shopee.com.br/product/1297519240/44073431581
7416,23498165847,1137412789,https://shopee.com.br/product/1137412789/23498165847
7417,58251821456,1618012096,https://shopee.com.br/product/1618012096/58251821456
7418,40061204763,951290141,https://shopee.com.br/product/951290141/40061204763
7419,21397810812,1275385296,https://shopee.com.br/product/1275385296/21397810812
7420,23894178606,1618012096,https://shopee.com.br/product/1618012096/23894178606
7421,44208488916,1257849357,https://shopee.com.br/product/1257849357/44208488916
7422,22097437642,1137412789,https://shopee.com.br/product/1137412789/22097437642
7423,22291117728,951290141,https://shopee.com.br/product/951290141/22291117728
7424,20497875170,1275385296,https://shopee.com.br/product/1275385296/20497875170
7425,23893062607,1275385296,https://shopee.com.br/product/1275385296/23893062607
7426,52455492029,869809385,https://shopee.com.br/product/869809385/52455492029
7427,23798453875,718558431,https://shopee.com.br/product/718558431/23798453875
7428,54766346600,1297519240,https://shopee.com.br/product/1297519240/54766346600
7429,21197001349,376716003,https://shopee.com.br/product/376716003/21197001349
7430,43025920744,1297519240,https://shopee.com.br/product/1297519240/43025920744
7431,23993941906,1275385296,https://shopee.com.br/product/1275385296/23993941906
7432,19397660449,979730489,https://shopee.com.br/product/979730489/19397660449
7433,21999499297,1275385296,https://shopee.com.br/product/1275385296/21999499297
7434,19897797618,979730489,https://shopee.com.br/product/979730489/19897797618
7435,20698289837,1137412789,https://shopee.com.br/product/1137412789/20698289837
7436,58251821440,1618012096,https://shopee.com.br/product/1618012096/58251821440
7437,22793071555,1257849357,https://shopee.com.br/product/1257849357/22793071555
7438,8545397868,408128510,https://shopee.com.br/product/408128510/8545397868
7439,22797294596,1137412789,https://shopee.com.br/product/1137412789/22797294596
7440,58200950477,1333507062,https://shopee.com.br/product/1333507062/58200950477
7441,23998289387,1257849357,https://shopee.com.br/product/1257849357/23998289387
7442,18099880769,1496667000,https://shopee.com.br/product/1496667000/18099880769
7443,20999606339,1137412789,https://shopee.com.br/product/1137412789/20999606339
7444,23493420075,805449066,https://shopee.com.br/product/805449066/23493420075
7445,11233103934,313968882,https://shopee.com.br/product/313968882/11233103934
7446,22093065917,1257849357,https://shopee.com.br/product/1257849357/22093065917
7447,22591531374,902298974,https://shopee.com.br/product/902298974/22591531374
7448,22497513041,1257849357,https://shopee.com.br/product/1257849357/22497513041
7449,19237353642,408128510,https://shopee.com.br/product/408128510/19237353642
7450,19598185490,374241455,https://shopee.com.br/product/374241455/19598185490
7451,18499405523,1275385296,https://shopee.com.br/product/1275385296/18499405523
7452,17433506864,408128510,https://shopee.com.br/product/408128510/17433506864
7453,23397560032,1257849357,https://shopee.com.br/product/1257849357/23397560032
7454,22293491949,979730489,https://shopee.com.br/product/979730489/22293491949
7455,23998731953,719930213,https://shopee.com.br/product/719930213/23998731953
7456,23796869188,360012700,https://shopee.com.br/product/360012700/23796869188
7457,58210273068,902298974,https://shopee.com.br/product/902298974/58210273068
7458,52614475657,988566789,https://shopee.com.br/product/988566789/52614475657
7459,40963309387,373745451,https://shopee.com.br/product/373745451/40963309387
7460,23497507955,1257849357,https://shopee.com.br/product/1257849357/23497507955
7461,23393011409,1257849357,https://shopee.com.br/product/1257849357/23393011409
7462,19999203784,1137412789,https://shopee.com.br/product/1137412789/19999203784
7463,22797732513,1275385296,https://shopee.com.br/product/1275385296/22797732513
7464,21397166394,902298974,https://shopee.com.br/product/902298974/21397166394
7465,18299470102,1275385296,https://shopee.com.br/product/1275385296/18299470102
7466,21772217238,408128510,https://shopee.com.br/product/408128510/21772217238
7467,58257324077,1275385296,https://shopee.com.br/product/1275385296/58257324077
7468,23097070076,979730489,https://shopee.com.br/product/979730489/23097070076
7469,58213040178,627750190,https://shopee.com.br/product/627750190/58213040178
7470,23993467263,1275385296,https://shopee.com.br/product/1275385296/23993467263
7471,23197834059,939334135,https://shopee.com.br/product/939334135/23197834059
7472,23192567753,951290141,https://shopee.com.br/product/951290141/23192567753
7473,22198415080,1297519240,https://shopee.com.br/product/1297519240/22198415080
7474,23097286124,1137412789,https://shopee.com.br/product/1137412789/23097286124
7475,21797926007,1275385296,https://shopee.com.br/product/1275385296/21797926007
7476,53051677740,341754426,https://shopee.com.br/product/341754426/53051677740
7477,19899248404,822103155,https://shopee.com.br/product/822103155/19899248404
7478,55360054300,735707447,https://shopee.com.br/product/735707447/55360054300
7479,23998190292,979730489,https://shopee.com.br/product/979730489/23998190292
7480,46708616218,442506479,https://shopee.com.br/product/442506479/46708616218
7481,23097890295,1275385296,https://shopee.com.br/product/1275385296/23097890295
7482,53353471739,735707447,https://shopee.com.br/product/735707447/53353471739
7483,22696855143,979730489,https://shopee.com.br/product/979730489/22696855143
7484,23493580212,1275385296,https://shopee.com.br/product/1275385296/23493580212
7485,21899368829,902298974,https://shopee.com.br/product/902298974/21899368829
7486,22692789108,1137412789,https://shopee.com.br/product/1137412789/22692789108
7487,20277096085,664195321,https://shopee.com.br/product/664195321/20277096085
7488,18597632234,979730489,https://shopee.com.br/product/979730489/18597632234
7489,18599198962,979730489,https://shopee.com.br/product/979730489/18599198962
7490,50110019714,735707447,https://shopee.com.br/product/735707447/50110019714
7491,23194374563,1137412789,https://shopee.com.br/product/1137412789/23194374563
7492,14682738590,406223656,https://shopee.com.br/product/406223656/14682738590
7493,14137910598,625420381,https://shopee.com.br/product/625420381/14137910598
7494,23097889994,1275385296,https://shopee.com.br/product/1275385296/23097889994
7495,18299645144,805449066,https://shopee.com.br/product/805449066/18299645144
7496,22393011473,1257849357,https://shopee.com.br/product/1257849357/22393011473
7497,18799184143,979730489,https://shopee.com.br/product/979730489/18799184143
7498,19198106069,1496667000,https://shopee.com.br/product/1496667000/19198106069
7499,18999184344,979730489,https://shopee.com.br/product/979730489/18999184344
7500,42227435367,735707447,https://shopee.com.br/product/735707447/42227435367
7501,18699772289,1496667000,https://shopee.com.br/product/1496667000/18699772289
7502,20697460598,979730489,https://shopee.com.br/product/979730489/20697460598
7503,23993596077,1275385296,https://shopee.com.br/product/1275385296/23993596077
7504,21599259590,1257849357,https://shopee.com.br/product/1257849357/21599259590
7505,22392794232,1137412789,https://shopee.com.br/product/1137412789/22392794232
7506,22294407696,822103155,https://shopee.com.br/product/822103155/22294407696
7507,8916055808,386114683,https://shopee.com.br/product/386114683/8916055808
7508,20098482718,805449066,https://shopee.com.br/product/805449066/20098482718
7509,58200992508,1137412789,https://shopee.com.br/product/1137412789/58200992508
7510,14673091504,316877265,https://shopee.com.br/product/316877265/14673091504
7511,22597290825,1137412789,https://shopee.com.br/product/1137412789/22597290825
7512,22492789133,1137412789,https://shopee.com.br/product/1137412789/22492789133
7513,22192794345,1137412789,https://shopee.com.br/product/1137412789/22192794345
7514,20673298894,902298974,https://shopee.com.br/product/902298974/20673298894
7515,23193336466,1275385296,https://shopee.com.br/product/1275385296/23193336466
7516,44323252011,373745451,https://shopee.com.br/product/373745451/44323252011
7517,23292503007,334741920,https://shopee.com.br/product/334741920/23292503007
7518,19299184330,979730489,https://shopee.com.br/product/979730489/19299184330
7519,18096858501,988566789,https://shopee.com.br/product/988566789/18096858501
7520,23794236513,1137412789,https://shopee.com.br/product/1137412789/23794236513
7521,48062036411,800925303,https://shopee.com.br/product/800925303/48062036411
7522,23592847300,979730489,https://shopee.com.br/product/979730489/23592847300
7523,19397455348,979730489,https://shopee.com.br/product/979730489/19397455348
7524,22597570437,902298974,https://shopee.com.br/product/902298974/22597570437
7525,22093497079,979730489,https://shopee.com.br/product/979730489/22093497079
7526,7779548727,386114683,https://shopee.com.br/product/386114683/7779548727
7527,53757175556,1051446617,https://shopee.com.br/product/1051446617/53757175556
7528,23997644191,988566789,https://shopee.com.br/product/988566789/23997644191
7529,22993274775,822103155,https://shopee.com.br/product/822103155/22993274775
7530,22597564879,1257849357,https://shopee.com.br/product/1257849357/22597564879
7531,23397351242,1190424233,https://shopee.com.br/product/1190424233/23397351242
7532,22597564884,1257849357,https://shopee.com.br/product/1257849357/22597564884
7533,21599844302,979730489,https://shopee.com.br/product/979730489/21599844302
7534,22593092676,1257849357,https://shopee.com.br/product/1257849357/22593092676
7535,23493148496,1137412789,https://shopee.com.br/product/1137412789/23493148496
7536,41668714528,1033915446,https://shopee.com.br/product/1033915446/41668714528
7537,22497601228,988566789,https://shopee.com.br/product/988566789/22497601228
7538,18731223254,805449066,https://shopee.com.br/product/805449066/18731223254
7539,23498202356,1275385296,https://shopee.com.br/product/1275385296/23498202356
7540,23798778784,1297519240,https://shopee.com.br/product/1297519240/23798778784
7541,23491123395,805449066,https://shopee.com.br/product/805449066/23491123395
7542,17487296005,278256920,https://shopee.com.br/product/278256920/17487296005
7543,23293728373,988566789,https://shopee.com.br/product/988566789/23293728373
7544,58256604184,1275385296,https://shopee.com.br/product/1275385296/58256604184
7545,12795982277,328179142,https://shopee.com.br/product/328179142/12795982277
7546,22493659979,902298974,https://shopee.com.br/product/902298974/22493659979
7547,19499321174,1137412789,https://shopee.com.br/product/1137412789/19499321174
7548,23794514844,705932885,https://shopee.com.br/product/705932885/23794514844
7549,19999239436,1137412789,https://shopee.com.br/product/1137412789/19999239436
7550,25896279068,951290141,https://shopee.com.br/product/951290141/25896279068
7551,21299555959,979730489,https://shopee.com.br/product/979730489/21299555959
7552,18041131951,576160832,https://shopee.com.br/product/576160832/18041131951
7553,22497355740,1137412789,https://shopee.com.br/product/1137412789/22497355740
7554,21599178405,1137412789,https://shopee.com.br/product/1137412789/21599178405
7555,54651140175,334741920,https://shopee.com.br/product/334741920/54651140175
7556,23297845339,1275385296,https://shopee.com.br/product/1275385296/23297845339
7557,19674433338,408128510,https://shopee.com.br/product/408128510/19674433338
7558,22497285837,1137412789,https://shopee.com.br/product/1137412789/22497285837
7559,23994907391,979730489,https://shopee.com.br/product/979730489/23994907391
7560,21996910291,805449066,https://shopee.com.br/product/805449066/21996910291
7561,23797175325,902298974,https://shopee.com.br/product/902298974/23797175325
7562,23594150270,902298974,https://shopee.com.br/product/902298974/23594150270
7563,18998479619,805449066,https://shopee.com.br/product/805449066/18998479619
7564,18599334676,313666536,https://shopee.com.br/product/313666536/18599334676
7565,23892678059,1257849357,https://shopee.com.br/product/1257849357/23892678059
7566,23393216014,1275385296,https://shopee.com.br/product/1275385296/23393216014
7567,23297989295,988566789,https://shopee.com.br/product/988566789/23297989295
7568,21197982625,979730489,https://shopee.com.br/product/979730489/21197982625
7569,22096297241,902298974,https://shopee.com.br/product/902298974/22096297241
7570,23797983072,1137412789,https://shopee.com.br/product/1137412789/23797983072
7571,22597723224,1275385296,https://shopee.com.br/product/1275385296/22597723224
7572,43721441867,386114683,https://shopee.com.br/product/386114683/43721441867
7573,40622318375,334741920,https://shopee.com.br/product/334741920/40622318375
7574,20297458825,979730489,https://shopee.com.br/product/979730489/20297458825
7575,23198071850,1275385296,https://shopee.com.br/product/1275385296/23198071850
7576,22499211656,979730489,https://shopee.com.br/product/979730489/22499211656
7577,18897201196,988566789,https://shopee.com.br/product/988566789/18897201196
7578,23191903292,988566789,https://shopee.com.br/product/988566789/23191903292
7579,18697827419,988566789,https://shopee.com.br/product/988566789/18697827419
7580,22898459736,951290141,https://shopee.com.br/product/951290141/22898459736
7581,23795049915,376716003,https://shopee.com.br/product/376716003/23795049915
7582,16092068125,576160832,https://shopee.com.br/product/576160832/16092068125
7583,22993116315,800925303,https://shopee.com.br/product/800925303/22993116315
7584,22498000795,1275385296,https://shopee.com.br/product/1275385296/22498000795
7585,22393559695,1326396820,https://shopee.com.br/product/1326396820/22393559695
7586,23293886142,412527932,https://shopee.com.br/product/412527932/23293886142
7587,23993893653,988566789,https://shopee.com.br/product/988566789/23993893653
7588,18299305863,1257849357,https://shopee.com.br/product/1257849357/18299305863
7589,19099716185,951290141,https://shopee.com.br/product/951290141/19099716185
7590,23793083683,822103155,https://shopee.com.br/product/822103155/23793083683
7591,23299388610,1386771889,https://shopee.com.br/product/1386771889/23299388610
7592,29228136580,464586953,https://shopee.com.br/product/464586953/29228136580
7593,22692889454,408653169,https://shopee.com.br/product/408653169/22692889454
7594,28632578855,402598512,https://shopee.com.br/product/402598512/28632578855
7595,21603349325,752849300,https://shopee.com.br/product/752849300/21603349325
7596,22998284906,402598512,https://shopee.com.br/product/402598512/22998284906
7597,20797674239,855489892,https://shopee.com.br/product/855489892/20797674239
7598,23192627596,752849300,https://shopee.com.br/product/752849300/23192627596
7599,12291168105,752849300,https://shopee.com.br/product/752849300/12291168105
7600,23598776271,1081505086,https://shopee.com.br/product/1081505086/23598776271
7601,13339224777,489001115,https://shopee.com.br/product/489001115/13339224777
7602,58206415329,1083800536,https://shopee.com.br/product/1083800536/58206415329
7603,21699088278,752849300,https://shopee.com.br/product/752849300/21699088278
7604,23397760056,601021305,https://shopee.com.br/product/601021305/23397760056
7605,55905470794,1242718651,https://shopee.com.br/product/1242718651/55905470794
7606,20014377174,365257077,https://shopee.com.br/product/365257077/20014377174
7607,23197993287,316557325,https://shopee.com.br/product/316557325/23197993287
7608,22797584202,1242718651,https://shopee.com.br/product/1242718651/22797584202
7609,11573981181,489001115,https://shopee.com.br/product/489001115/11573981181
7610,21399714698,1372644554,https://shopee.com.br/product/1372644554/21399714698
7611,22499032437,855489892,https://shopee.com.br/product/855489892/22499032437
7612,23537888337,752849300,https://shopee.com.br/product/752849300/23537888337
7613,58209375520,1477305422,https://shopee.com.br/product/1477305422/58209375520
7614,23293049254,1242718651,https://shopee.com.br/product/1242718651/23293049254
7615,11998455181,400973800,https://shopee.com.br/product/400973800/11998455181
7616,43221692133,316557325,https://shopee.com.br/product/316557325/43221692133
7617,21497624035,869809385,https://shopee.com.br/product/869809385/21497624035
7618,18697751394,1242718651,https://shopee.com.br/product/1242718651/18697751394
7619,23893725681,872473112,https://shopee.com.br/product/872473112/23893725681
7620,46360468172,408653169,https://shopee.com.br/product/408653169/46360468172
7621,18369897745,752849300,https://shopee.com.br/product/752849300/18369897745
7622,28189292013,325008325,https://shopee.com.br/product/325008325/28189292013
7623,23693259994,335160199,https://shopee.com.br/product/335160199/23693259994
7624,22998907926,1334294037,https://shopee.com.br/product/1334294037/22998907926
7625,20699557779,1386771889,https://shopee.com.br/product/1386771889/20699557779
7626,44156743595,1242718651,https://shopee.com.br/product/1242718651/44156743595
7627,18797750572,1242718651,https://shopee.com.br/product/1242718651/18797750572
7628,41317360645,359168917,https://shopee.com.br/product/359168917/41317360645
7629,21197514945,752849300,https://shopee.com.br/product/752849300/21197514945
7630,20198754193,842996464,https://shopee.com.br/product/842996464/20198754193
7631,23597145051,304278646,https://shopee.com.br/product/304278646/23597145051
7632,23397642186,816806234,https://shopee.com.br/product/816806234/23397642186
7633,49505358497,1242718651,https://shopee.com.br/product/1242718651/49505358497
7634,18999619599,1314243679,https://shopee.com.br/product/1314243679/18999619599
7635,23193245379,775496126,https://shopee.com.br/product/775496126/23193245379
7636,23197362581,1097902002,https://shopee.com.br/product/1097902002/23197362581
7637,19697687725,1242718651,https://shopee.com.br/product/1242718651/19697687725
7638,18246219231,752849300,https://shopee.com.br/product/752849300/18246219231
7639,19897475932,1107280577,https://shopee.com.br/product/1107280577/19897475932
7640,21897796827,1334294037,https://shopee.com.br/product/1334294037/21897796827
7641,23097705911,869809385,https://shopee.com.br/product/869809385/23097705911
7642,13391051951,762383390,https://shopee.com.br/product/762383390/13391051951
7643,23697545410,1242718651,https://shopee.com.br/product/1242718651/23697545410
7644,21997808234,299192732,https://shopee.com.br/product/299192732/21997808234
7645,22293561091,1329429906,https://shopee.com.br/product/1329429906/22293561091
7646,11165637747,489001115,https://shopee.com.br/product/489001115/11165637747
7647,22793948010,842996464,https://shopee.com.br/product/842996464/22793948010
7648,23997763364,1215229492,https://shopee.com.br/product/1215229492/23997763364
7649,18199211865,762383390,https://shopee.com.br/product/762383390/18199211865
7650,21497986052,601021305,https://shopee.com.br/product/601021305/21497986052
7651,52255491950,869809385,https://shopee.com.br/product/869809385/52255491950
7652,20298316618,580791382,https://shopee.com.br/product/580791382/20298316618
7653,58253974200,648928964,https://shopee.com.br/product/648928964/58253974200
7654,23094176866,1314243679,https://shopee.com.br/product/1314243679/23094176866
7655,22098699161,762383390,https://shopee.com.br/product/762383390/22098699161
7656,21199378542,601021305,https://shopee.com.br/product/601021305/21199378542
7657,52809373757,323288678,https://shopee.com.br/product/323288678/52809373757
7658,58256821458,1477305422,https://shopee.com.br/product/1477305422/58256821458
7659,23192621635,752849300,https://shopee.com.br/product/752849300/23192621635
7660,21499092437,455103761,https://shopee.com.br/product/455103761/21499092437
7661,58209649348,1363037345,https://shopee.com.br/product/1363037345/58209649348
7662,23997761740,335160199,https://shopee.com.br/product/335160199/23997761740
7663,20599378610,601021305,https://shopee.com.br/product/601021305/20599378610
7664,22297096047,375188138,https://shopee.com.br/product/375188138/22297096047
7665,23193085809,402450553,https://shopee.com.br/product/402450553/23193085809
7666,23292812636,335160199,https://shopee.com.br/product/335160199/23292812636
7667,21397671636,313968882,https://shopee.com.br/product/313968882/21397671636
7668,23398660034,762383390,https://shopee.com.br/product/762383390/23398660034
7669,18969897376,752849300,https://shopee.com.br/product/752849300/18969897376
7670,21497689143,842996464,https://shopee.com.br/product/842996464/21497689143
7671,58203425811,984366979,https://shopee.com.br/product/984366979/58203425811
7672,23596869089,400124163,https://shopee.com.br/product/400124163/23596869089
7673,58255904355,648928964,https://shopee.com.br/product/648928964/58255904355
7674,19998291269,1081505086,https://shopee.com.br/product/1081505086/19998291269
7675,22793280246,390327339,https://shopee.com.br/product/390327339/22793280246
7676,58250368664,1363037345,https://shopee.com.br/product/1363037345/58250368664
7677,23892231313,436723291,https://shopee.com.br/product/436723291/23892231313
7678,22994391083,1467752495,https://shopee.com.br/product/1467752495/22994391083
7679,13722928621,341754426,https://shopee.com.br/product/341754426/13722928621
7680,21597996614,580791382,https://shopee.com.br/product/580791382/21597996614
7681,22894278297,455103761,https://shopee.com.br/product/455103761/22894278297
7682,40256738821,1242718651,https://shopee.com.br/product/1242718651/40256738821
7683,42456743624,1242718651,https://shopee.com.br/product/1242718651/42456743624
7684,19198010242,1242718651,https://shopee.com.br/product/1242718651/19198010242
7685,22897996490,1329429906,https://shopee.com.br/product/1329429906/22897996490
7686,49157641573,402598512,https://shopee.com.br/product/402598512/49157641573
7687,14247822486,489001115,https://shopee.com.br/product/489001115/14247822486
7688,12028678211,304278646,https://shopee.com.br/product/304278646/12028678211
7689,22920911900,842996464,https://shopee.com.br/product/842996464/22920911900
7690,43262467933,359168917,https://shopee.com.br/product/359168917/43262467933
7691,19198269097,601021305,https://shopee.com.br/product/601021305/19198269097
7692,22193618783,373150829,https://shopee.com.br/product/373150829/22193618783
7693,40528049740,869809385,https://shopee.com.br/product/869809385/40528049740
7694,17962412846,762383390,https://shopee.com.br/product/762383390/17962412846
7695,58265402926,1822929308,https://shopee.com.br/product/1822929308/58265402926
7696,20498927482,408653169,https://shopee.com.br/product/408653169/20498927482
7697,19399231402,1096487236,https://shopee.com.br/product/1096487236/19399231402
7698,12743631152,316436073,https://shopee.com.br/product/316436073/12743631152
7699,20097691412,530578890,https://shopee.com.br/product/530578890/20097691412
7700,22793965673,1477305422,https://shopee.com.br/product/1477305422/22793965673
7701,22131244315,408653169,https://shopee.com.br/product/408653169/22131244315
7702,58205486044,395742608,https://shopee.com.br/product/395742608/58205486044
7703,14596820123,842996464,https://shopee.com.br/product/842996464/14596820123
7704,58255659197,1372644554,https://shopee.com.br/product/1372644554/58255659197
7705,22691455660,489001115,https://shopee.com.br/product/489001115/22691455660
7706,22697290264,927963980,https://shopee.com.br/product/927963980/22697290264
7707,22399149999,752849300,https://shopee.com.br/product/752849300/22399149999
7708,20399834792,1314243679,https://shopee.com.br/product/1314243679/20399834792
7709,22998461590,1477305422,https://shopee.com.br/product/1477305422/22998461590
7710,19775030566,408653169,https://shopee.com.br/product/408653169/19775030566
7711,50760760043,790605924,https://shopee.com.br/product/790605924/50760760043
7712,19297920160,316869228,https://shopee.com.br/product/316869228/19297920160
7713,22297096053,375188138,https://shopee.com.br/product/375188138/22297096053
7714,58201357444,304278646,https://shopee.com.br/product/304278646/58201357444
7715,18999370238,1223725880,https://shopee.com.br/product/1223725880/18999370238
7716,28089133055,325008325,https://shopee.com.br/product/325008325/28089133055
7717,22997358970,373150829,https://shopee.com.br/product/373150829/22997358970
7718,54510312785,1371792496,https://shopee.com.br/product/1371792496/54510312785
7719,23198459961,1477305422,https://shopee.com.br/product/1477305422/23198459961
7720,23493967191,1477305422,https://shopee.com.br/product/1477305422/23493967191
7721,20899197380,408653169,https://shopee.com.br/product/408653169/20899197380
7722,21798034186,842996464,https://shopee.com.br/product/842996464/21798034186
7723,22193256655,1334294037,https://shopee.com.br/product/1334294037/22193256655
7724,44509659402,359168917,https://shopee.com.br/product/359168917/44509659402
7725,21697924460,1226120317,https://shopee.com.br/product/1226120317/21697924460
7726,42233356923,1730265575,https://shopee.com.br/product/1730265575/42233356923
7727,22114419293,752849300,https://shopee.com.br/product/752849300/22114419293
7728,21996985231,735707447,https://shopee.com.br/product/735707447/21996985231
7729,46008739428,1730265575,https://shopee.com.br/product/1730265575/46008739428
7730,55506274968,775496126,https://shopee.com.br/product/775496126/55506274968
7731,50008512047,1314243679,https://shopee.com.br/product/1314243679/50008512047
7732,22596788438,408653169,https://shopee.com.br/product/408653169/22596788438
7733,22617468506,648928964,https://shopee.com.br/product/648928964/22617468506
7734,41823394983,1371792496,https://shopee.com.br/product/1371792496/41823394983
7735,23994862529,648928964,https://shopee.com.br/product/648928964/23994862529
7736,16862857340,752849300,https://shopee.com.br/product/752849300/16862857340
7737,58255908748,648928964,https://shopee.com.br/product/648928964/58255908748
7738,23297833195,816806234,https://shopee.com.br/product/816806234/23297833195
7739,41923421141,365257077,https://shopee.com.br/product/365257077/41923421141
7740,22893987010,1097902002,https://shopee.com.br/product/1097902002/22893987010
7741,18599186550,375188138,https://shopee.com.br/product/375188138/18599186550
7742,44060780984,325008325,https://shopee.com.br/product/325008325/44060780984
7743,21197270650,816806234,https://shopee.com.br/product/816806234/21197270650
7744,19377119153,674110767,https://shopee.com.br/product/674110767/19377119153
7745,23593230728,390327339,https://shopee.com.br/product/390327339/23593230728
7746,41167002971,316557325,https://shopee.com.br/product/316557325/41167002971
7747,20697999791,1333507062,https://shopee.com.br/product/1333507062/20697999791
7748,21098669209,401986069,https://shopee.com.br/product/401986069/21098669209
7749,23698301480,1314243679,https://shopee.com.br/product/1314243679/23698301480
7750,22693067836,1242718651,https://shopee.com.br/product/1242718651/22693067836
7751,19198818863,973004594,https://shopee.com.br/product/973004594/19198818863
7752,53252090065,530578890,https://shopee.com.br/product/530578890/53252090065
7753,17820873175,704493455,https://shopee.com.br/product/704493455/17820873175
7754,18699559100,316557325,https://shopee.com.br/product/316557325/18699559100
7755,47910726976,1730265575,https://shopee.com.br/product/1730265575/47910726976
7756,56604661296,1242718651,https://shopee.com.br/product/1242718651/56604661296
7757,23397152968,816806234,https://shopee.com.br/product/816806234/23397152968
7758,23193693524,805449066,https://shopee.com.br/product/805449066/23193693524
7759,23498218310,648928964,https://shopee.com.br/product/648928964/23498218310
7760,20869840465,752849300,https://shopee.com.br/product/752849300/20869840465
7761,23693690379,648928964,https://shopee.com.br/product/648928964/23693690379
7762,22394657115,1314243679,https://shopee.com.br/product/1314243679/22394657115
7763,22993977659,601021305,https://shopee.com.br/product/601021305/22993977659
7764,23995149201,1477305422,https://shopee.com.br/product/1477305422/23995149201
7765,23397493867,1107280577,https://shopee.com.br/product/1107280577/23397493867
7766,23893974920,1477305422,https://shopee.com.br/product/1477305422/23893974920
7767,20799047669,375188138,https://shopee.com.br/product/375188138/20799047669
7768,19099678463,601021305,https://shopee.com.br/product/601021305/19099678463
7769,10494923743,752849300,https://shopee.com.br/product/752849300/10494923743
7770,27431901589,530578890,https://shopee.com.br/product/530578890/27431901589
7771,20897668092,442506479,https://shopee.com.br/product/442506479/20897668092
7772,23098737264,1526836548,https://shopee.com.br/product/1526836548/23098737264
7773,23298641972,1081505086,https://shopee.com.br/product/1081505086/23298641972
7774,22798217090,842996464,https://shopee.com.br/product/842996464/22798217090
7775,58262983492,757094384,https://shopee.com.br/product/757094384/58262983492
7776,23198721770,1215229492,https://shopee.com.br/product/1215229492/23198721770
7777,22098092912,1229193285,https://shopee.com.br/product/1229193285/22098092912
7778,7590000016,400736454,https://shopee.com.br/product/400736454/7590000016
7779,20676077862,401986069,https://shopee.com.br/product/401986069/20676077862
7780,25996913285,973004594,https://shopee.com.br/product/973004594/25996913285
7781,23394219242,1215229492,https://shopee.com.br/product/1215229492/23394219242
7782,46052548082,1242718651,https://shopee.com.br/product/1242718651/46052548082
7783,23698854310,1314243679,https://shopee.com.br/product/1314243679/23698854310
7784,23694015014,1477305422,https://shopee.com.br/product/1477305422/23694015014
7785,23995994794,816806234,https://shopee.com.br/product/816806234/23995994794
7786,22294219487,601021305,https://shopee.com.br/product/601021305/22294219487
7787,15896424273,842996464,https://shopee.com.br/product/842996464/15896424273
7788,18999203143,408653169,https://shopee.com.br/product/408653169/18999203143
7789,23396128331,902146556,https://shopee.com.br/product/902146556/23396128331
7790,21199860177,489001115,https://shopee.com.br/product/489001115/21199860177
7791,18657866836,842996464,https://shopee.com.br/product/842996464/18657866836
7792,23892496035,752849300,https://shopee.com.br/product/752849300/23892496035
7793,58250720144,816806234,https://shopee.com.br/product/816806234/58250720144
7794,19397796322,402450553,https://shopee.com.br/product/402450553/19397796322
7795,21377220444,648928964,https://shopee.com.br/product/648928964/21377220444
7796,45261628491,402598512,https://shopee.com.br/product/402598512/45261628491
7797,42631923637,1730265575,https://shopee.com.br/product/1730265575/42631923637
7798,21397869411,648928964,https://shopee.com.br/product/648928964/21397869411
7799,22793965577,1477305422,https://shopee.com.br/product/1477305422/22793965577
7800,22693578567,1333507062,https://shopee.com.br/product/1333507062/22693578567
7801,51662896304,927963980,https://shopee.com.br/product/927963980/51662896304
7802,58265578394,1477305422,https://shopee.com.br/product/1477305422/58265578394
7803,58250709128,816806234,https://shopee.com.br/product/816806234/58250709128
7804,22798462098,1477305422,https://shopee.com.br/product/1477305422/22798462098
7805,19603159867,752849300,https://shopee.com.br/product/752849300/19603159867
7806,22398360743,1275933522,https://shopee.com.br/product/1275933522/22398360743
7807,22394635273,1477305422,https://shopee.com.br/product/1477305422/22394635273
7808,51752946605,775496126,https://shopee.com.br/product/775496126/51752946605
7809,23997276828,816806234,https://shopee.com.br/product/816806234/23997276828
7810,23093648966,648928964,https://shopee.com.br/product/648928964/23093648966
7811,19158141178,757094384,https://shopee.com.br/product/757094384/19158141178
7812,17722594914,704493455,https://shopee.com.br/product/704493455/17722594914
7813,20698035370,402450553,https://shopee.com.br/product/402450553/20698035370
7814,16316886247,365257077,https://shopee.com.br/product/365257077/16316886247
7815,23092513898,653044811,https://shopee.com.br/product/653044811/23092513898
7816,22092948411,816806234,https://shopee.com.br/product/816806234/22092948411
7817,22693991396,1097902002,https://shopee.com.br/product/1097902002/22693991396
7818,19799760681,648928964,https://shopee.com.br/product/648928964/19799760681
7819,23298918209,1333507062,https://shopee.com.br/product/1333507062/23298918209
7820,10102260342,281898655,https://shopee.com.br/product/281898655/10102260342
7821,18699565939,601021305,https://shopee.com.br/product/601021305/18699565939
7822,50865630618,304278646,https://shopee.com.br/product/304278646/50865630618
7823,45508155869,1242718651,https://shopee.com.br/product/1242718651/45508155869
7824,10894921276,752849300,https://shopee.com.br/product/752849300/10894921276
7825,22793965654,1477305422,https://shopee.com.br/product/1477305422/22793965654
7826,21797517055,752849300,https://shopee.com.br/product/752849300/21797517055
7827,18398348803,1334294037,https://shopee.com.br/product/1334294037/18398348803
7828,13560347645,400124163,https://shopee.com.br/product/400124163/13560347645
7829,21914399338,402450553,https://shopee.com.br/product/402450553/21914399338
7830,23597607148,412527932,https://shopee.com.br/product/412527932/23597607148
7831,43505061124,530578890,https://shopee.com.br/product/530578890/43505061124
7832,24843434742,436723291,https://shopee.com.br/product/436723291/24843434742
7833,23297637151,312820805,https://shopee.com.br/product/312820805/23297637151
7834,21898132122,1477305422,https://shopee.com.br/product/1477305422/21898132122
7835,23899246405,1477305422,https://shopee.com.br/product/1477305422/23899246405
7836,58264318319,1316611304,https://shopee.com.br/product/1316611304/58264318319
7837,20070334292,408128510,https://shopee.com.br/product/408128510/20070334292
7838,20397688836,1220316212,https://shopee.com.br/product/1220316212/20397688836
7839,18699565980,601021305,https://shopee.com.br/product/601021305/18699565980
7840,23193861098,601021305,https://shopee.com.br/product/601021305/23193861098
7841,54014059175,1242718651,https://shopee.com.br/product/1242718651/54014059175
7842,23098737282,1526836548,https://shopee.com.br/product/1526836548/23098737282
7843,46161874320,775496126,https://shopee.com.br/product/775496126/46161874320
7844,22998510745,1477305422,https://shopee.com.br/product/1477305422/22998510745
7845,58213808838,1807752749,https://shopee.com.br/product/1807752749/58213808838
7846,55804973934,1242718651,https://shopee.com.br/product/1242718651/55804973934
7847,20540268370,704493455,https://shopee.com.br/product/704493455/20540268370
7848,23599515100,421977782,https://shopee.com.br/product/421977782/23599515100
7849,58252055193,1314243679,https://shopee.com.br/product/1314243679/58252055193
7850,23994004073,1267884649,https://shopee.com.br/product/1267884649/23994004073
7851,25847937586,869809385,https://shopee.com.br/product/869809385/25847937586
7852,15569572658,405000440,https://shopee.com.br/product/405000440/15569572658
7853,22793968700,1477305422,https://shopee.com.br/product/1477305422/22793968700
7854,21799493899,1060724397,https://shopee.com.br/product/1060724397/21799493899
7855,23593968564,1477305422,https://shopee.com.br/product/1477305422/23593968564
7856,22293122589,816806234,https://shopee.com.br/product/816806234/22293122589
7857,23191152992,281898655,https://shopee.com.br/product/281898655/23191152992
7858,45953317099,1242718651,https://shopee.com.br/product/1242718651/45953317099
7859,12992986079,704493455,https://shopee.com.br/product/704493455/12992986079
7860,58256074899,1329429906,https://shopee.com.br/product/1329429906/58256074899
7861,23293722296,402450553,https://shopee.com.br/product/402450553/23293722296
7862,22994139639,442555366,https://shopee.com.br/product/442555366/22994139639
7863,21699246104,386114683,https://shopee.com.br/product/386114683/21699246104
7864,19598766500,816806234,https://shopee.com.br/product/816806234/19598766500
7865,18997365851,816806234,https://shopee.com.br/product/816806234/18997365851
7866,23697692083,375188138,https://shopee.com.br/product/375188138/23697692083
7867,23096968809,1045133925,https://shopee.com.br/product/1045133925/23096968809
7868,22412669592,752849300,https://shopee.com.br/product/752849300/22412669592
7869,49214583024,402598512,https://shopee.com.br/product/402598512/49214583024
7870,57364044355,1242718651,https://shopee.com.br/product/1242718651/57364044355
7871,15253895926,408128510,https://shopee.com.br/product/408128510/15253895926
7872,21899297165,404617501,https://shopee.com.br/product/404617501/21899297165
7873,22299194107,1477305422,https://shopee.com.br/product/1477305422/22299194107
7874,29977786812,530578890,https://shopee.com.br/product/530578890/29977786812
7875,22898411604,648928964,https://shopee.com.br/product/648928964/22898411604
7876,22293834960,648928964,https://shopee.com.br/product/648928964/22293834960
7877,20099358301,1328711923,https://shopee.com.br/product/1328711923/20099358301
7878,45106809212,842996464,https://shopee.com.br/product/842996464/45106809212
7879,22793965359,1477305422,https://shopee.com.br/product/1477305422/22793965359
7880,22898460271,1477305422,https://shopee.com.br/product/1477305422/22898460271
7881,18199273862,1220316212,https://shopee.com.br/product/1220316212/18199273862
7882,19698100981,601021305,https://shopee.com.br/product/601021305/19698100981
7883,21498142373,1477305422,https://shopee.com.br/product/1477305422/21498142373
7884,8415558021,386620566,https://shopee.com.br/product/386620566/8415558021
7885,18750445744,327632351,https://shopee.com.br/product/327632351/18750445744
7886,23498642018,787688780,https://shopee.com.br/product/787688780/23498642018
7887,20099677693,601021305,https://shopee.com.br/product/601021305/20099677693
7888,21198827710,489001115,https://shopee.com.br/product/489001115/21198827710
7889,22793968787,1477305422,https://shopee.com.br/product/1477305422/22793968787
7890,11254681804,375188138,https://shopee.com.br/product/375188138/11254681804
7891,43401862594,530578890,https://shopee.com.br/product/530578890/43401862594
7892,3033443462,365257077,https://shopee.com.br/product/365257077/3033443462
7893,22894922547,1050213612,https://shopee.com.br/product/1050213612/22894922547
7894,22797760779,601021305,https://shopee.com.br/product/601021305/22797760779
7895,19325157621,408128510,https://shopee.com.br/product/408128510/19325157621
7896,57861111374,436723291,https://shopee.com.br/product/436723291/57861111374
7897,23593541698,601021305,https://shopee.com.br/product/601021305/23593541698
7898,23797152998,816806234,https://shopee.com.br/product/816806234/23797152998
7899,46560151657,1371792496,https://shopee.com.br/product/1371792496/46560151657
7900,18328798147,357239640,https://shopee.com.br/product/357239640/18328798147
7901,19699761083,648928964,https://shopee.com.br/product/648928964/19699761083
7902,19099682078,316557325,https://shopee.com.br/product/316557325/19099682078
7903,23998438309,816806234,https://shopee.com.br/product/816806234/23998438309
7904,22998858152,1477305422,https://shopee.com.br/product/1477305422/22998858152
7905,22998510752,1477305422,https://shopee.com.br/product/1477305422/22998510752
7906,44751136789,842996464,https://shopee.com.br/product/842996464/44751136789
7907,23002561541,757094384,https://shopee.com.br/product/757094384/23002561541
7908,58256713490,1333507062,https://shopee.com.br/product/1333507062/58256713490
7909,22492588572,375188138,https://shopee.com.br/product/375188138/22492588572
7910,20197607244,400124163,https://shopee.com.br/product/400124163/20197607244
7911,18732430155,648928964,https://shopee.com.br/product/648928964/18732430155
7912,23735640697,648928964,https://shopee.com.br/product/648928964/23735640697
7913,49963364169,1371792496,https://shopee.com.br/product/1371792496/49963364169
7914,19198946282,408653169,https://shopee.com.br/product/408653169/19198946282
7915,14868525378,400736454,https://shopee.com.br/product/400736454/14868525378
7916,23796057538,357239640,https://shopee.com.br/product/357239640/23796057538
7917,21814566746,400124163,https://shopee.com.br/product/400124163/21814566746
7918,22898460281,1477305422,https://shopee.com.br/product/1477305422/22898460281
7919,46216173242,1242718651,https://shopee.com.br/product/1242718651/46216173242
7920,23694015012,1477305422,https://shopee.com.br/product/1477305422/23694015012
7921,12775043373,386114683,https://shopee.com.br/product/386114683/12775043373
7922,21197498358,402450553,https://shopee.com.br/product/402450553/21197498358
7923,23197588514,404617501,https://shopee.com.br/product/404617501/23197588514
7924,20432428884,648928964,https://shopee.com.br/product/648928964/20432428884
7925,22293080739,400124163,https://shopee.com.br/product/400124163/22293080739
7926,22694204775,601021305,https://shopee.com.br/product/601021305/22694204775
7927,43832616305,1242718651,https://shopee.com.br/product/1242718651/43832616305
7928,58205303116,1033307532,https://shopee.com.br/product/1033307532/58205303116
7929,22291428275,705932885,https://shopee.com.br/product/705932885/22291428275
7930,42081107978,436723291,https://shopee.com.br/product/436723291/42081107978
7931,47354695352,1242718651,https://shopee.com.br/product/1242718651/47354695352
7932,21799193834,408128510,https://shopee.com.br/product/408128510/21799193834
7933,11706803224,400736454,https://shopee.com.br/product/400736454/11706803224
7934,22097445055,816806234,https://shopee.com.br/product/816806234/22097445055
7935,18732430133,648928964,https://shopee.com.br/product/648928964/18732430133
7936,23093902759,1275097038,https://shopee.com.br/product/1275097038/23093902759
7937,20626649010,357239640,https://shopee.com.br/product/357239640/20626649010
7938,23397542720,400124163,https://shopee.com.br/product/400124163/23397542720
7939,7790012731,400736454,https://shopee.com.br/product/400736454/7790012731
7940,28785643412,373745451,https://shopee.com.br/product/373745451/28785643412
7941,23797756747,442555366,https://shopee.com.br/product/442555366/23797756747
7942,22698466669,1477305422,https://shopee.com.br/product/1477305422/22698466669
7943,23798443493,376716003,https://shopee.com.br/product/376716003/23798443493
7944,22493243882,1223725880,https://shopee.com.br/product/1223725880/22493243882
7945,28893813391,735707447,https://shopee.com.br/product/735707447/28893813391
7946,23698480215,1477305422,https://shopee.com.br/product/1477305422/23698480215
7947,23493967161,1477305422,https://shopee.com.br/product/1477305422/23493967161
7948,49561525601,927963980,https://shopee.com.br/product/927963980/49561525601
7949,13011885838,357239640,https://shopee.com.br/product/357239640/13011885838
7950,50562745612,1328711923,https://shopee.com.br/product/1328711923/50562745612
7951,23997723132,402450553,https://shopee.com.br/product/402450553/23997723132
7952,19299603832,805449066,https://shopee.com.br/product/805449066/19299603832
7953,18699500505,357239640,https://shopee.com.br/product/357239640/18699500505
7954,19099091776,704493455,https://shopee.com.br/product/704493455/19099091776
7955,23397152963,816806234,https://shopee.com.br/product/816806234/23397152963
7956,23898304475,333083225,https://shopee.com.br/product/333083225/23898304475
7957,49959948638,601021305,https://shopee.com.br/product/601021305/49959948638
7958,46907049593,599271358,https://shopee.com.br/product/599271358/46907049593
7959,46359988379,601021305,https://shopee.com.br/product/601021305/46359988379
7960,23592691988,816806234,https://shopee.com.br/product/816806234/23592691988
7961,50305087365,1242718651,https://shopee.com.br/product/1242718651/50305087365
7962,58260481245,1081505086,https://shopee.com.br/product/1081505086/58260481245
7963,22897015134,335244857,https://shopee.com.br/product/335244857/22897015134
7964,43478423947,869809385,https://shopee.com.br/product/869809385/43478423947
7965,22998799782,349137150,https://shopee.com.br/product/349137150/22998799782
7966,21797687909,404617501,https://shopee.com.br/product/404617501/21797687909
7967,22298806718,1473114980,https://shopee.com.br/product/1473114980/22298806718
7968,22928799449,408128510,https://shopee.com.br/product/408128510/22928799449
7969,23193926300,1050213612,https://shopee.com.br/product/1050213612/23193926300
7970,18799691082,408653169,https://shopee.com.br/product/408653169/18799691082
7971,22296891339,604489889,https://shopee.com.br/product/604489889/22296891339
7972,20628003264,357239640,https://shopee.com.br/product/357239640/20628003264
7973,22692957353,408128510,https://shopee.com.br/product/408128510/22692957353
7974,21998149345,1477305422,https://shopee.com.br/product/1477305422/21998149345
7975,13381111735,704493455,https://shopee.com.br/product/704493455/13381111735
7976,9459543530,400736454,https://shopee.com.br/product/400736454/9459543530
7977,22194034100,1477305422,https://shopee.com.br/product/1477305422/22194034100
7978,22099309285,1670290083,https://shopee.com.br/product/1670290083/22099309285
7979,23793666402,1106021667,https://shopee.com.br/product/1106021667/23793666402
7980,22093100403,404617501,https://shopee.com.br/product/404617501/22093100403
7981,51605496387,869809385,https://shopee.com.br/product/869809385/51605496387
7982,21497270693,816806234,https://shopee.com.br/product/816806234/21497270693
7983,23994030558,704493455,https://shopee.com.br/product/704493455/23994030558
7984,23796920352,704493455,https://shopee.com.br/product/704493455/23796920352
7985,12337226810,489001115,https://shopee.com.br/product/489001115/12337226810
7986,14659449625,704493455,https://shopee.com.br/product/704493455/14659449625
7987,23395149214,1477305422,https://shopee.com.br/product/1477305422/23395149214
7988,23398209633,402450553,https://shopee.com.br/product/402450553/23398209633
7989,22497284268,436723291,https://shopee.com.br/product/436723291/22497284268
7990,57806746302,842996464,https://shopee.com.br/product/842996464/57806746302
7991,52807321383,506112052,https://shopee.com.br/product/506112052/52807321383
7992,23392650373,816806234,https://shopee.com.br/product/816806234/23392650373
7993,56956789071,842996464,https://shopee.com.br/product/842996464/56956789071
7994,23197588568,404617501,https://shopee.com.br/product/404617501/23197588568
7995,10865346239,489001115,https://shopee.com.br/product/489001115/10865346239
7996,22097501519,704493455,https://shopee.com.br/product/704493455/22097501519
7997,7793223853,337570318,https://shopee.com.br/product/337570318/7793223853
7998,22798479751,1477305422,https://shopee.com.br/product/1477305422/22798479751
7999,58251861514,757094384,https://shopee.com.br/product/757094384/58251861514
8000,19299322810,412527932,https://shopee.com.br/product/412527932/19299322810
8001,20597667221,307813655,https://shopee.com.br/product/307813655/20597667221
8002,23992778132,1050213612,https://shopee.com.br/product/1050213612/23992778132
8003,58266165848,412968566,https://shopee.com.br/product/412968566/58266165848
8004,56055854127,400124163,https://shopee.com.br/product/400124163/56055854127
8005,20399649468,800925303,https://shopee.com.br/product/800925303/20399649468
8006,52757720083,1242718651,https://shopee.com.br/product/1242718651/52757720083
8007,23694691114,1226120317,https://shopee.com.br/product/1226120317/23694691114
8008,8754340687,312703265,https://shopee.com.br/product/312703265/8754340687
8009,23293419239,1371792496,https://shopee.com.br/product/1371792496/23293419239
8010,45565107728,506112052,https://shopee.com.br/product/506112052/45565107728
8011,58265567928,1477305422,https://shopee.com.br/product/1477305422/58265567928
8012,22198555490,1081505086,https://shopee.com.br/product/1081505086/22198555490
8013,22994350727,1081505086,https://shopee.com.br/product/1081505086/22994350727
8014,56013216389,1242718651,https://shopee.com.br/product/1242718651/56013216389
8015,22997583986,404617501,https://shopee.com.br/product/404617501/22997583986
8016,22998457897,816806234,https://shopee.com.br/product/816806234/22998457897
8017,23392650389,816806234,https://shopee.com.br/product/816806234/23392650389
8018,21997728405,402450553,https://shopee.com.br/product/402450553/21997728405
8019,15348740043,429366971,https://shopee.com.br/product/429366971/15348740043
8020,47707349297,402450553,https://shopee.com.br/product/402450553/47707349297
8021,22092660272,816806234,https://shopee.com.br/product/816806234/22092660272
8022,23298184026,312703265,https://shopee.com.br/product/312703265/23298184026
8023,23297833193,816806234,https://shopee.com.br/product/816806234/23297833193
8024,23792987990,446413605,https://shopee.com.br/product/446413605/23792987990
8025,20299757776,816806234,https://shopee.com.br/product/816806234/20299757776
8026,58260153579,719930213,https://shopee.com.br/product/719930213/58260153579
8027,21097676142,704493455,https://shopee.com.br/product/704493455/21097676142
8028,45951748637,1088013647,https://shopee.com.br/product/1088013647/45951748637
8029,16771017887,704493455,https://shopee.com.br/product/704493455/16771017887
8030,23097721569,1328711923,https://shopee.com.br/product/1328711923/23097721569
8031,46807589128,400124163,https://shopee.com.br/product/400124163/46807589128
8032,55000929482,1328711923,https://shopee.com.br/product/1328711923/55000929482
8033,22893000340,704493455,https://shopee.com.br/product/704493455/22893000340
8034,3093749877,278256920,https://shopee.com.br/product/278256920/3093749877
8035,23198377556,404617501,https://shopee.com.br/product/404617501/23198377556
8036,17016896998,704493455,https://shopee.com.br/product/704493455/17016896998
8037,58200173803,816806234,https://shopee.com.br/product/816806234/58200173803
8038,22093129725,648928964,https://shopee.com.br/product/648928964/22093129725
8039,23497759926,601021305,https://shopee.com.br/product/601021305/23497759926
8040,9160468960,442555366,https://shopee.com.br/product/442555366/9160468960
8041,22793813358,333083225,https://shopee.com.br/product/333083225/22793813358
8042,21697749079,816806234,https://shopee.com.br/product/816806234/21697749079
8043,58200356937,816806234,https://shopee.com.br/product/816806234/58200356937
8044,23902561186,757094384,https://shopee.com.br/product/757094384/23902561186
8045,58252950067,1670290083,https://shopee.com.br/product/1670290083/58252950067
8046,23094268385,378447288,https://shopee.com.br/product/378447288/23094268385
8047,6090018115,400736454,https://shopee.com.br/product/400736454/6090018115
8048,58251881025,757094384,https://shopee.com.br/product/757094384/58251881025
8049,22293122600,816806234,https://shopee.com.br/product/816806234/22293122600
8050,23693101496,404617501,https://shopee.com.br/product/404617501/23693101496
8051,16384736377,704493455,https://shopee.com.br/product/704493455/16384736377
8052,23797601822,404617501,https://shopee.com.br/product/404617501/23797601822
8053,22093129708,648928964,https://shopee.com.br/product/648928964/22093129708
8054,22993264184,601021305,https://shopee.com.br/product/601021305/22993264184
8055,50016670348,436723291,https://shopee.com.br/product/436723291/50016670348
8056,22093129739,648928964,https://shopee.com.br/product/648928964/22093129739
8057,23493096622,404617501,https://shopee.com.br/product/404617501/23493096622
8058,22098218171,1296760327,https://shopee.com.br/product/1296760327/22098218171
8059,22298202524,312703265,https://shopee.com.br/product/312703265/22298202524
8060,22397496401,704493455,https://shopee.com.br/product/704493455/22397496401
8061,23797126192,340096629,https://shopee.com.br/product/340096629/23797126192
8062,56859753604,400124163,https://shopee.com.br/product/400124163/56859753604
8063,23797280578,357239640,https://shopee.com.br/product/357239640/23797280578
8064,58211649680,1081505086,https://shopee.com.br/product/1081505086/58211649680
8065,47816868790,648928964,https://shopee.com.br/product/648928964/47816868790
8066,52457074146,390327339,https://shopee.com.br/product/390327339/52457074146
8067,23394634298,1583442620,https://shopee.com.br/product/1583442620/23394634298
8068,58253280229,1275097038,https://shopee.com.br/product/1275097038/58253280229
8069,22196256804,360012700,https://shopee.com.br/product/360012700/22196256804
8070,58262854647,465344451,https://shopee.com.br/product/465344451/58262854647
8071,58253019808,1670290083,https://shopee.com.br/product/1670290083/58253019808
8072,42330993805,790605924,https://shopee.com.br/product/790605924/42330993805
8073,19699611648,402450553,https://shopee.com.br/product/402450553/19699611648
8074,58204824479,412968566,https://shopee.com.br/product/412968566/58204824479
8075,22294043032,704493455,https://shopee.com.br/product/704493455/22294043032
8076,23497593267,404617501,https://shopee.com.br/product/404617501/23497593267
8077,22192948211,816806234,https://shopee.com.br/product/816806234/22192948211
8078,19297608756,400124163,https://shopee.com.br/product/400124163/19297608756
8079,23394349778,1081505086,https://shopee.com.br/product/1081505086/23394349778
8080,19966434402,357239640,https://shopee.com.br/product/357239640/19966434402
8081,19626623383,357239640,https://shopee.com.br/product/357239640/19626623383
8082,18397749748,404617501,https://shopee.com.br/product/404617501/18397749748
8083,17483754105,704493455,https://shopee.com.br/product/704493455/17483754105
8084,22598712895,465344451,https://shopee.com.br/product/465344451/22598712895
8085,22997546826,443783188,https://shopee.com.br/product/443783188/22997546826
8086,23594663741,1163359442,https://shopee.com.br/product/1163359442/23594663741
8087,23097278474,400124163,https://shopee.com.br/product/400124163/23097278474
8088,47964029056,1088013647,https://shopee.com.br/product/1088013647/47964029056
8089,9660465015,442555366,https://shopee.com.br/product/442555366/9660465015
8090,58254806555,1050213612,https://shopee.com.br/product/1050213612/58254806555
8091,41480779362,1371792496,https://shopee.com.br/product/1371792496/41480779362
8092,22494026346,704493455,https://shopee.com.br/product/704493455/22494026346
8093,22393251574,395742608,https://shopee.com.br/product/395742608/22393251574
8094,23398699538,805449066,https://shopee.com.br/product/805449066/23398699538
8095,22998424389,648928964,https://shopee.com.br/product/648928964/22998424389
8096,24896797323,604489889,https://shopee.com.br/product/604489889/24896797323
8097,49703967015,400124163,https://shopee.com.br/product/400124163/49703967015
8098,58212713870,1081505086,https://shopee.com.br/product/1081505086/58212713870
8099,19799675132,889942432,https://shopee.com.br/product/889942432/19799675132
8100,54310748515,790605924,https://shopee.com.br/product/790605924/54310748515
8101,22498712875,465344451,https://shopee.com.br/product/465344451/22498712875
8102,18498285763,465344451,https://shopee.com.br/product/465344451/18498285763
8103,8945371527,281898655,https://shopee.com.br/product/281898655/8945371527
8104,20497607131,400124163,https://shopee.com.br/product/400124163/20497607131
8105,23497732391,400124163,https://shopee.com.br/product/400124163/23497732391
8106,23294446657,1583442620,https://shopee.com.br/product/1583442620/23294446657
8107,23498857096,1442717886,https://shopee.com.br/product/1442717886/23498857096
8108,23735640694,648928964,https://shopee.com.br/product/648928964/23735640694
8109,22097490124,404617501,https://shopee.com.br/product/404617501/22097490124
8110,23694357778,1314243679,https://shopee.com.br/product/1314243679/23694357778
8111,21499569743,704493455,https://shopee.com.br/product/704493455/21499569743
8112,49500413661,1328711923,https://shopee.com.br/product/1328711923/49500413661
8113,23130124892,704493455,https://shopee.com.br/product/704493455/23130124892
8114,23498403767,648928964,https://shopee.com.br/product/648928964/23498403767
8115,20998844072,816806234,https://shopee.com.br/product/816806234/20998844072
8116,44175507402,1371792496,https://shopee.com.br/product/1371792496/44175507402
8117,18775451522,704493455,https://shopee.com.br/product/704493455/18775451522
8118,52406747552,436723291,https://shopee.com.br/product/436723291/52406747552
8119,21526709082,357239640,https://shopee.com.br/product/357239640/21526709082
8120,58200302122,1583442620,https://shopee.com.br/product/1583442620/58200302122
8121,22394972682,789777799,https://shopee.com.br/product/789777799/22394972682
8122,58253607550,816806234,https://shopee.com.br/product/816806234/58253607550
8123,9414659612,346235717,https://shopee.com.br/product/346235717/9414659612
8124,53505363371,1423372949,https://shopee.com.br/product/1423372949/53505363371
8125,19771821437,322399178,https://shopee.com.br/product/322399178/19771821437
8126,5079202655,346235717,https://shopee.com.br/product/346235717/5079202655
8127,5974682861,322399178,https://shopee.com.br/product/322399178/5974682861
8128,22792835297,552896405,https://shopee.com.br/product/552896405/22792835297
8129,20747441931,545693995,https://shopee.com.br/product/545693995/20747441931
8130,20770315243,872473112,https://shopee.com.br/product/872473112/20770315243
8131,20398890716,552896405,https://shopee.com.br/product/552896405/20398890716
8132,23298689237,1248180593,https://shopee.com.br/product/1248180593/23298689237
8133,22894289111,327632351,https://shopee.com.br/product/327632351/22894289111
8134,23397671361,855489892,https://shopee.com.br/product/855489892/23397671361
8135,8538410454,346235717,https://shopee.com.br/product/346235717/8538410454
8136,9824995354,359168917,https://shopee.com.br/product/359168917/9824995354
8137,21599497418,1248180593,https://shopee.com.br/product/1248180593/21599497418
8138,23793884427,296093764,https://shopee.com.br/product/296093764/23793884427
8139,18097417100,856641146,https://shopee.com.br/product/856641146/18097417100
8140,23193669351,1452488394,https://shopee.com.br/product/1452488394/23193669351
8141,17759791937,322399178,https://shopee.com.br/product/322399178/17759791937
8142,19199837868,296093764,https://shopee.com.br/product/296093764/19199837868
8143,58211324402,316070154,https://shopee.com.br/product/316070154/58211324402
8144,21699378413,1146529360,https://shopee.com.br/product/1146529360/21699378413
8145,28486355941,1242718651,https://shopee.com.br/product/1242718651/28486355941
8146,22993224804,872473112,https://shopee.com.br/product/872473112/22993224804
8147,20548907515,545693995,https://shopee.com.br/product/545693995/20548907515
8148,17880968355,303439692,https://shopee.com.br/product/303439692/17880968355
8149,16743301447,412482669,https://shopee.com.br/product/412482669/16743301447
8150,22592884555,1177903362,https://shopee.com.br/product/1177903362/22592884555
8151,19557608848,308628919,https://shopee.com.br/product/308628919/19557608848
8152,40151953373,604489889,https://shopee.com.br/product/604489889/40151953373
8153,21997918315,1248180593,https://shopee.com.br/product/1248180593/21997918315
8154,21260747068,872473112,https://shopee.com.br/product/872473112/21260747068
8155,19397680361,855489892,https://shopee.com.br/product/855489892/19397680361
8156,18199412806,775496126,https://shopee.com.br/product/775496126/18199412806
8157,42717677761,408999524,https://shopee.com.br/product/408999524/42717677761
8158,43225186936,354913181,https://shopee.com.br/product/354913181/43225186936
8159,23097299155,599271358,https://shopee.com.br/product/599271358/23097299155
8160,23497426511,599271358,https://shopee.com.br/product/599271358/23497426511
8161,22497309708,856641146,https://shopee.com.br/product/856641146/22497309708
8162,57153522081,1248180593,https://shopee.com.br/product/1248180593/57153522081
8163,21119918899,599271358,https://shopee.com.br/product/599271358/21119918899
8164,49351160821,1146529360,https://shopee.com.br/product/1146529360/49351160821
8165,19199556530,1097902002,https://shopee.com.br/product/1097902002/19199556530
8166,22198978324,855489892,https://shopee.com.br/product/855489892/22198978324
8167,23693563326,1329429906,https://shopee.com.br/product/1329429906/23693563326
8168,28744155021,869809385,https://shopee.com.br/product/869809385/28744155021
8169,19897639332,1177903362,https://shopee.com.br/product/1177903362/19897639332
8170,23195907033,327632351,https://shopee.com.br/product/327632351/23195907033
8171,19997519040,401374403,https://shopee.com.br/product/401374403/19997519040
8172,23797561545,855489892,https://shopee.com.br/product/855489892/23797561545
8173,22997781824,855489892,https://shopee.com.br/product/855489892/22997781824
8174,23995519729,308628919,https://shopee.com.br/product/308628919/23995519729
8175,23597638977,580791382,https://shopee.com.br/product/580791382/23597638977
8176,23492839063,1177903362,https://shopee.com.br/product/1177903362/23492839063
8177,20697874596,1177903362,https://shopee.com.br/product/1177903362/20697874596
8178,49951775132,354913181,https://shopee.com.br/product/354913181/49951775132
8179,19557608781,308628919,https://shopee.com.br/product/308628919/19557608781
8180,20642154651,856641146,https://shopee.com.br/product/856641146/20642154651
8181,7152742668,306878488,https://shopee.com.br/product/306878488/7152742668
8182,22094060815,1146529360,https://shopee.com.br/product/1146529360/22094060815
8183,23998739463,1372644554,https://shopee.com.br/product/1372644554/23998739463
8184,19697690434,855489892,https://shopee.com.br/product/855489892/19697690434
8185,23097563417,580791382,https://shopee.com.br/product/580791382/23097563417
8186,25642469018,599271358,https://shopee.com.br/product/599271358/25642469018
8187,23593117347,604489889,https://shopee.com.br/product/604489889/23593117347
8188,18099233043,1177903362,https://shopee.com.br/product/1177903362/18099233043
8189,18697146555,401374403,https://shopee.com.br/product/401374403/18697146555
8190,22898187543,386232023,https://shopee.com.br/product/386232023/22898187543
8191,44464395821,408999524,https://shopee.com.br/product/408999524/44464395821
8192,40478423931,869809385,https://shopee.com.br/product/869809385/40478423931
8193,23693117482,1177903362,https://shopee.com.br/product/1177903362/23693117482
8194,22198945407,855489892,https://shopee.com.br/product/855489892/22198945407
8195,23597997529,855489892,https://shopee.com.br/product/855489892/23597997529
8196,57150389053,303439692,https://shopee.com.br/product/303439692/57150389053
8197,17489289396,872473112,https://shopee.com.br/product/872473112/17489289396
8198,23193427713,1146529360,https://shopee.com.br/product/1146529360/23193427713
8199,20097989626,1264071501,https://shopee.com.br/product/1264071501/20097989626
8200,22397502235,356841149,https://shopee.com.br/product/356841149/22397502235
8201,20060759265,872473112,https://shopee.com.br/product/872473112/20060759265
8202,23193054694,408999524,https://shopee.com.br/product/408999524/23193054694
8203,3957541414,322399178,https://shopee.com.br/product/322399178/3957541414
8204,22997776705,1248180593,https://shopee.com.br/product/1248180593/22997776705
8205,23097705917,869809385,https://shopee.com.br/product/869809385/23097705917
8206,23392834747,552896405,https://shopee.com.br/product/552896405/23392834747
8207,20560740634,872473112,https://shopee.com.br/product/872473112/20560740634
8208,22098374320,819102498,https://shopee.com.br/product/819102498/22098374320
8209,6881403642,354913181,https://shopee.com.br/product/354913181/6881403642
8210,43908080313,408999524,https://shopee.com.br/product/408999524/43908080313
8211,19699593943,1097902002,https://shopee.com.br/product/1097902002/19699593943
8212,20199662983,1372644554,https://shopee.com.br/product/1372644554/20199662983
8213,41923991991,1248180593,https://shopee.com.br/product/1248180593/41923991991
8214,45852057720,408999524,https://shopee.com.br/product/408999524/45852057720
8215,8477649202,401374403,https://shopee.com.br/product/401374403/8477649202
8216,19097087892,327632351,https://shopee.com.br/product/327632351/19097087892
8217,18999368558,1215229492,https://shopee.com.br/product/1215229492/18999368558
8218,22798509009,1452488394,https://shopee.com.br/product/1452488394/22798509009
8219,18335061991,412482669,https://shopee.com.br/product/412482669/18335061991
8220,22193291360,1248180593,https://shopee.com.br/product/1248180593/22193291360
8221,21919918966,599271358,https://shopee.com.br/product/599271358/21919918966
8222,19378595809,604489889,https://shopee.com.br/product/604489889/19378595809
8223,23493500982,855489892,https://shopee.com.br/product/855489892/23493500982
8224,27679479122,582386382,https://shopee.com.br/product/582386382/27679479122
8225,22193187851,855489892,https://shopee.com.br/product/855489892/22193187851
8226,23592968426,408999524,https://shopee.com.br/product/408999524/23592968426
8227,22592790787,599271358,https://shopee.com.br/product/599271358/22592790787
8228,19399602226,604489889,https://shopee.com.br/product/604489889/19399602226
8229,23497423222,354913181,https://shopee.com.br/product/354913181/23497423222
8230,22220961513,386232023,https://shopee.com.br/product/386232023/22220961513
8231,23197498305,856641146,https://shopee.com.br/product/856641146/23197498305
8232,47409272895,1423372949,https://shopee.com.br/product/1423372949/47409272895
8233,22692990790,580791382,https://shopee.com.br/product/580791382/22692990790
8234,26176713602,776725570,https://shopee.com.br/product/776725570/26176713602
8235,18999371675,580791382,https://shopee.com.br/product/580791382/18999371675
8236,18497754077,582386382,https://shopee.com.br/product/582386382/18497754077
8237,22993211357,408999524,https://shopee.com.br/product/408999524/22993211357
8238,17288441383,308628919,https://shopee.com.br/product/308628919/17288441383
8239,6357443314,322399178,https://shopee.com.br/product/322399178/6357443314
8240,22698869442,304278646,https://shopee.com.br/product/304278646/22698869442
8241,18498287764,1220316212,https://shopee.com.br/product/1220316212/18498287764
8242,29543861632,1248180593,https://shopee.com.br/product/1248180593/29543861632
8243,19498478926,604489889,https://shopee.com.br/product/604489889/19498478926
8244,26943098065,599271358,https://shopee.com.br/product/599271358/26943098065
8245,40471738039,303439692,https://shopee.com.br/product/303439692/40471738039
8246,20598989186,322399178,https://shopee.com.br/product/322399178/20598989186
8247,5357443737,322399178,https://shopee.com.br/product/322399178/5357443737
8248,21497728219,401374403,https://shopee.com.br/product/401374403/21497728219
8249,22697680307,1248180593,https://shopee.com.br/product/1248180593/22697680307
8250,23998136624,1452488394,https://shopee.com.br/product/1452488394/23998136624
8251,18799369529,462263068,https://shopee.com.br/product/462263068/18799369529
8252,23798543642,1146529360,https://shopee.com.br/product/1146529360/23798543642
8253,22492689732,322399178,https://shopee.com.br/product/322399178/22492689732
8254,55505646468,1248180593,https://shopee.com.br/product/1248180593/55505646468
8255,20598100467,1452488394,https://shopee.com.br/product/1452488394/20598100467
8256,57465096223,408999524,https://shopee.com.br/product/408999524/57465096223
8257,9814846621,322399178,https://shopee.com.br/product/322399178/9814846621
8258,23996090843,327632351,https://shopee.com.br/product/327632351/23996090843
8259,23635437062,842544500,https://shopee.com.br/product/842544500/23635437062
8260,23026233873,327632351,https://shopee.com.br/product/327632351/23026233873
8261,23698147524,1452488394,https://shopee.com.br/product/1452488394/23698147524
8262,22198172822,1452488394,https://shopee.com.br/product/1452488394/22198172822
8263,23397272700,735707447,https://shopee.com.br/product/735707447/23397272700
8264,23299347186,580791382,https://shopee.com.br/product/580791382/23299347186
8265,2973226405,322399178,https://shopee.com.br/product/322399178/2973226405
8266,13739445744,283442002,https://shopee.com.br/product/283442002/13739445744
8267,18196858918,308628919,https://shopee.com.br/product/308628919/18196858918
8268,22892617756,296093764,https://shopee.com.br/product/296093764/22892617756
8269,23630756457,327632351,https://shopee.com.br/product/327632351/23630756457
8270,22894058660,354913181,https://shopee.com.br/product/354913181/22894058660
8271,26984475730,599271358,https://shopee.com.br/product/599271358/26984475730
8272,20898993902,401374403,https://shopee.com.br/product/401374403/20898993902
8273,13618378280,322399178,https://shopee.com.br/product/322399178/13618378280
8274,19097662772,856641146,https://shopee.com.br/product/856641146/19097662772
8275,23993586825,580791382,https://shopee.com.br/product/580791382/23993586825
8276,22792943484,580791382,https://shopee.com.br/product/580791382/22792943484
8277,23098022589,1396162916,https://shopee.com.br/product/1396162916/23098022589
8278,22793655799,1452488394,https://shopee.com.br/product/1452488394/22793655799
8279,23493705412,1097902002,https://shopee.com.br/product/1097902002/23493705412
8280,27634803810,819102498,https://shopee.com.br/product/819102498/27634803810
8281,3757344892,322399178,https://shopee.com.br/product/322399178/3757344892
8282,19257609033,308628919,https://shopee.com.br/product/308628919/19257609033
8283,21296950583,653044811,https://shopee.com.br/product/653044811/21296950583
8284,53658425785,373150829,https://shopee.com.br/product/373150829/53658425785
8285,42654838053,408999524,https://shopee.com.br/product/408999524/42654838053
8286,22997742457,735707447,https://shopee.com.br/product/735707447/22997742457
8287,40128049713,869809385,https://shopee.com.br/product/869809385/40128049713
8288,20097671455,408999524,https://shopee.com.br/product/408999524/20097671455
8289,21499193281,1137364730,https://shopee.com.br/product/1137364730/21499193281
8290,28228538859,303439692,https://shopee.com.br/product/303439692/28228538859
8291,41822649461,408999524,https://shopee.com.br/product/408999524/41822649461
8292,22193994505,1177903362,https://shopee.com.br/product/1177903362/22193994505
8293,22794518587,580791382,https://shopee.com.br/product/580791382/22794518587
8294,8581333721,401374403,https://shopee.com.br/product/401374403/8581333721
8295,22696950813,401374403,https://shopee.com.br/product/401374403/22696950813
8296,21699558099,1396162916,https://shopee.com.br/product/1396162916/21699558099
8297,23792896796,401374403,https://shopee.com.br/product/401374403/23792896796
8298,54657435999,599271358,https://shopee.com.br/product/599271358/54657435999
8299,3957548864,322399178,https://shopee.com.br/product/322399178/3957548864
8300,7657254061,322399178,https://shopee.com.br/product/322399178/7657254061
8301,21222457704,545693995,https://shopee.com.br/product/545693995/21222457704
8302,23995519702,308628919,https://shopee.com.br/product/308628919/23995519702
8303,23394294583,580791382,https://shopee.com.br/product/580791382/23394294583
8304,21197807888,322399178,https://shopee.com.br/product/322399178/21197807888
8305,23097091936,604489889,https://shopee.com.br/product/604489889/23097091936
8306,58207014337,1552226494,https://shopee.com.br/product/1552226494/58207014337
8307,41808747735,386232023,https://shopee.com.br/product/386232023/41808747735
8308,8719980233,283442002,https://shopee.com.br/product/283442002/8719980233
8309,26785650261,572649927,https://shopee.com.br/product/572649927/26785650261
8310,42015191905,408999524,https://shopee.com.br/product/408999524/42015191905
8311,19778289398,401374403,https://shopee.com.br/product/401374403/19778289398
8312,4757453940,322399178,https://shopee.com.br/product/322399178/4757453940
8313,22298172272,1452488394,https://shopee.com.br/product/1452488394/22298172272
8314,19557608824,308628919,https://shopee.com.br/product/308628919/19557608824
8315,23792581815,401374403,https://shopee.com.br/product/401374403/23792581815
8316,23197746397,775496126,https://shopee.com.br/product/775496126/23197746397
8317,19599650285,1097902002,https://shopee.com.br/product/1097902002/19599650285
8318,22298423038,842559166,https://shopee.com.br/product/842559166/22298423038
8319,22493495079,1329429906,https://shopee.com.br/product/1329429906/22493495079
8320,22092889809,1177903362,https://shopee.com.br/product/1177903362/22092889809
8321,54905502187,869809385,https://shopee.com.br/product/869809385/54905502187
8322,23294922259,1563516628,https://shopee.com.br/product/1563516628/23294922259
8323,23597335737,1177903362,https://shopee.com.br/product/1177903362/23597335737
8324,4779326522,322399178,https://shopee.com.br/product/322399178/4779326522
8325,23193147680,303439692,https://shopee.com.br/product/303439692/23193147680
8326,18598036386,1452488394,https://shopee.com.br/product/1452488394/18598036386
8327,23092627965,296093764,https://shopee.com.br/product/296093764/23092627965
8328,44656318123,735707447,https://shopee.com.br/product/735707447/44656318123
8329,21997975343,1146529360,https://shopee.com.br/product/1146529360/21997975343
8330,23398545327,1165360419,https://shopee.com.br/product/1165360419/23398545327
8331,21999569363,408999524,https://shopee.com.br/product/408999524/21999569363
8332,21499592519,1452488394,https://shopee.com.br/product/1452488394/21499592519
8333,58206412902,1083800536,https://shopee.com.br/product/1083800536/58206412902
8334,47755847798,1474606866,https://shopee.com.br/product/1474606866/47755847798
8335,22394044114,580791382,https://shopee.com.br/product/580791382/22394044114
8336,54455493343,869809385,https://shopee.com.br/product/869809385/54455493343
8337,19799261883,455834389,https://shopee.com.br/product/455834389/19799261883
8338,27789793676,683952730,https://shopee.com.br/product/683952730/27789793676
8339,17192555376,401374403,https://shopee.com.br/product/401374403/17192555376
8340,23098224598,580791382,https://shopee.com.br/product/580791382/23098224598
8341,45108535600,390327339,https://shopee.com.br/product/390327339/45108535600
8342,6060896117,322399178,https://shopee.com.br/product/322399178/6060896117
8343,52759928064,444869236,https://shopee.com.br/product/444869236/52759928064
8344,8569571978,322399178,https://shopee.com.br/product/322399178/8569571978
8345,7657250662,322399178,https://shopee.com.br/product/322399178/7657250662
8346,51208292736,386232023,https://shopee.com.br/product/386232023/51208292736
8347,19099087515,296093764,https://shopee.com.br/product/296093764/19099087515
8348,22694065911,653044811,https://shopee.com.br/product/653044811/22694065911
8349,11374598880,599271358,https://shopee.com.br/product/599271358/11374598880
8350,26229102834,599271358,https://shopee.com.br/product/599271358/26229102834
8351,20098490263,604489889,https://shopee.com.br/product/604489889/20098490263
8352,4957628207,318555124,https://shopee.com.br/product/318555124/4957628207
8353,51810847570,1479426456,https://shopee.com.br/product/1479426456/51810847570
8354,22598700460,1215229492,https://shopee.com.br/product/1215229492/22598700460
8355,26531082976,776725570,https://shopee.com.br/product/776725570/26531082976
8356,22293902020,444869236,https://shopee.com.br/product/444869236/22293902020
8357,22198010382,427153374,https://shopee.com.br/product/427153374/22198010382
8358,21256014340,327632351,https://shopee.com.br/product/327632351/21256014340
8359,22097912389,1226120317,https://shopee.com.br/product/1226120317/22097912389
8360,21599591832,1452488394,https://shopee.com.br/product/1452488394/21599591832
8361,5657442217,322399178,https://shopee.com.br/product/322399178/5657442217
8362,23292862426,408999524,https://shopee.com.br/product/408999524/23292862426
8363,18799603474,1452488394,https://shopee.com.br/product/1452488394/18799603474
8364,40562330788,819102498,https://shopee.com.br/product/819102498/40562330788
8365,44133162818,604489889,https://shopee.com.br/product/604489889/44133162818
8366,23597335833,1177903362,https://shopee.com.br/product/1177903362/23597335833
8367,22598894929,1561901020,https://shopee.com.br/product/1561901020/22598894929
8368,4563639596,322399178,https://shopee.com.br/product/322399178/4563639596
8369,23697987568,552896405,https://shopee.com.br/product/552896405/23697987568
8370,22092653491,322399178,https://shopee.com.br/product/322399178/22092653491
8371,22993392160,386232023,https://shopee.com.br/product/386232023/22993392160
8372,23493231704,869809385,https://shopee.com.br/product/869809385/23493231704
8373,44655525967,869809385,https://shopee.com.br/product/869809385/44655525967
8374,22897464176,735707447,https://shopee.com.br/product/735707447/22897464176
8375,22797158840,776725570,https://shopee.com.br/product/776725570/22797158840
8376,23194537210,1097902002,https://shopee.com.br/product/1097902002/23194537210
8377,20699185565,1097902002,https://shopee.com.br/product/1097902002/20699185565
8378,12574481011,599271358,https://shopee.com.br/product/599271358/12574481011
8379,56153340052,819102498,https://shopee.com.br/product/819102498/56153340052
8380,22792931240,735707447,https://shopee.com.br/product/735707447/22792931240
8381,42553218745,582386382,https://shopee.com.br/product/582386382/42553218745
8382,20398868600,386232023,https://shopee.com.br/product/386232023/20398868600
8383,55958421829,1452488394,https://shopee.com.br/product/1452488394/55958421829
8384,21499193291,1137364730,https://shopee.com.br/product/1137364730/21499193291
8385,22993819475,908280603,https://shopee.com.br/product/908280603/22993819475
8386,23698064067,408999524,https://shopee.com.br/product/408999524/23698064067
8387,8877204551,303439692,https://shopee.com.br/product/303439692/8877204551
8388,58201094911,1177903362,https://shopee.com.br/product/1177903362/58201094911
8389,7361069222,322399178,https://shopee.com.br/product/322399178/7361069222
8390,20699068526,327632351,https://shopee.com.br/product/327632351/20699068526
8391,58255346750,1452488394,https://shopee.com.br/product/1452488394/58255346750
8392,23498373057,296093764,https://shopee.com.br/product/296093764/23498373057
8393,24294422980,599271358,https://shopee.com.br/product/599271358/24294422980
8394,22298496248,1033307532,https://shopee.com.br/product/1033307532/22298496248
8395,22298183652,1452488394,https://shopee.com.br/product/1452488394/22298183652
8396,22491750686,401374403,https://shopee.com.br/product/401374403/22491750686
8397,21548170097,545693995,https://shopee.com.br/product/545693995/21548170097
8398,22898156558,1452488394,https://shopee.com.br/product/1452488394/22898156558
8399,50156301956,401986069,https://shopee.com.br/product/401986069/50156301956
8400,20099298923,735707447,https://shopee.com.br/product/735707447/20099298923
8401,19497677357,1033307532,https://shopee.com.br/product/1033307532/19497677357
8402,23798444882,296093764,https://shopee.com.br/product/296093764/23798444882
8403,19897066835,946161700,https://shopee.com.br/product/946161700/19897066835
8404,22293676674,1452488394,https://shopee.com.br/product/1452488394/22293676674
8405,58205739774,1097902002,https://shopee.com.br/product/1097902002/58205739774
8406,11781830808,303439692,https://shopee.com.br/product/303439692/11781830808
8407,22693664557,1452488394,https://shopee.com.br/product/1452488394/22693664557
8408,58259225985,1097902002,https://shopee.com.br/product/1097902002/58259225985
8409,22498921335,1541325700,https://shopee.com.br/product/1541325700/22498921335
8410,20642154661,856641146,https://shopee.com.br/product/856641146/20642154661
8411,22693515640,408999524,https://shopee.com.br/product/408999524/22693515640
8412,26929339073,856641146,https://shopee.com.br/product/856641146/26929339073
8413,4557260941,322399178,https://shopee.com.br/product/322399178/4557260941
8414,3378288358,306878488,https://shopee.com.br/product/306878488/3378288358
8415,25742609655,776725570,https://shopee.com.br/product/776725570/25742609655
8416,12811875956,303439692,https://shopee.com.br/product/303439692/12811875956
8417,22993592520,1423372949,https://shopee.com.br/product/1423372949/22993592520
8418,17935682477,303439692,https://shopee.com.br/product/303439692/17935682477
8419,21099377643,882904544,https://shopee.com.br/product/882904544/21099377643
8420,24194537455,819102498,https://shopee.com.br/product/819102498/24194537455
8421,20797518812,1082747237,https://shopee.com.br/product/1082747237/20797518812
8422,22198163753,408999524,https://shopee.com.br/product/408999524/22198163753
8423,18536377473,322399178,https://shopee.com.br/product/322399178/18536377473
8424,40521723124,400124163,https://shopee.com.br/product/400124163/40521723124
8425,43203354365,776725570,https://shopee.com.br/product/776725570/43203354365
8426,23998844938,346235717,https://shopee.com.br/product/346235717/23998844938
8427,46859948263,322399178,https://shopee.com.br/product/322399178/46859948263
8428,22095732127,952014476,https://shopee.com.br/product/952014476/22095732127
8429,18798978864,401374403,https://shopee.com.br/product/401374403/18798978864
8430,26790587103,1248180593,https://shopee.com.br/product/1248180593/26790587103
8431,19297475491,375188138,https://shopee.com.br/product/375188138/19297475491
8432,17511288652,322399178,https://shopee.com.br/product/322399178/17511288652
8433,18097132410,322399178,https://shopee.com.br/product/322399178/18097132410
8434,19697990950,408999524,https://shopee.com.br/product/408999524/19697990950
8435,22392823760,1137364730,https://shopee.com.br/product/1137364730/22392823760
8436,26340122349,1248180593,https://shopee.com.br/product/1248180593/26340122349
8437,23997421510,599271358,https://shopee.com.br/product/599271358/23997421510
8438,55409328721,1248180593,https://shopee.com.br/product/1248180593/55409328721
8439,5957246396,322399178,https://shopee.com.br/product/322399178/5957246396
8440,16442417324,303439692,https://shopee.com.br/product/303439692/16442417324
8441,23194293924,1474606866,https://shopee.com.br/product/1474606866/23194293924
8442,21599386852,1248180593,https://shopee.com.br/product/1248180593/21599386852
8443,47353803959,735707447,https://shopee.com.br/product/735707447/47353803959
8444,7157252092,322399178,https://shopee.com.br/product/322399178/7157252092
8445,23694408891,1541325700,https://shopee.com.br/product/1541325700/23694408891
8446,2922295133,322399178,https://shopee.com.br/product/322399178/2922295133
8447,23597998554,1344250083,https://shopee.com.br/product/1344250083/23597998554
8448,23893977897,1177903362,https://shopee.com.br/product/1177903362/23893977897
8449,10474198961,303439692,https://shopee.com.br/product/303439692/10474198961
8450,3778284570,306878488,https://shopee.com.br/product/306878488/3778284570
8451,44008882416,386232023,https://shopee.com.br/product/386232023/44008882416
8452,22493668091,1452488394,https://shopee.com.br/product/1452488394/22493668091
8453,22092976990,354913181,https://shopee.com.br/product/354913181/22092976990
8454,27089179625,322399178,https://shopee.com.br/product/322399178/27089179625
8455,43161748175,599271358,https://shopee.com.br/product/599271358/43161748175
8456,49011196555,1165360419,https://shopee.com.br/product/1165360419/49011196555
8457,5258853286,318555124,https://shopee.com.br/product/318555124/5258853286
8458,7750718412,303439692,https://shopee.com.br/product/303439692/7750718412
8459,8611020689,373594761,https://shopee.com.br/product/373594761/8611020689
8460,44325545626,354913181,https://shopee.com.br/product/354913181/44325545626
8461,58251144577,1329429906,https://shopee.com.br/product/1329429906/58251144577
8462,20099567156,427153374,https://shopee.com.br/product/427153374/20099567156
8463,53503186163,844004880,https://shopee.com.br/product/844004880/53503186163
8464,22693679085,965617276,https://shopee.com.br/product/965617276/22693679085
8465,20699384085,869809385,https://shopee.com.br/product/869809385/20699384085
8466,23794214279,1097902002,https://shopee.com.br/product/1097902002/23794214279
8467,58216926371,316070154,https://shopee.com.br/product/316070154/58216926371
8468,11319674657,322399178,https://shopee.com.br/product/322399178/11319674657
8469,58005489571,869809385,https://shopee.com.br/product/869809385/58005489571
8470,48812075494,869809385,https://shopee.com.br/product/869809385/48812075494
8471,23298201933,1097902002,https://shopee.com.br/product/1097902002/23298201933
8472,45856564147,735707447,https://shopee.com.br/product/735707447/45856564147
8473,22293508622,408999524,https://shopee.com.br/product/408999524/22293508622
8474,22993209548,869809385,https://shopee.com.br/product/869809385/22993209548
8475,23798711724,1215229492,https://shopee.com.br/product/1215229492/23798711724
8476,7757256173,322399178,https://shopee.com.br/product/322399178/7757256173
8477,47414221792,869809385,https://shopee.com.br/product/869809385/47414221792
8478,20673317650,322399178,https://shopee.com.br/product/322399178/20673317650
8479,19198019788,1452488394,https://shopee.com.br/product/1452488394/19198019788
8480,3757726458,318555124,https://shopee.com.br/product/318555124/3757726458
8481,58264038062,316070154,https://shopee.com.br/product/316070154/58264038062
8482,27187174006,735707447,https://shopee.com.br/product/735707447/27187174006
8483,23494232486,1215229492,https://shopee.com.br/product/1215229492/23494232486
8484,22698798921,1081505086,https://shopee.com.br/product/1081505086/22698798921
8485,23596391184,401374403,https://shopee.com.br/product/401374403/23596391184
8486,19899772336,1372644554,https://shopee.com.br/product/1372644554/19899772336
8487,5657253705,322399178,https://shopee.com.br/product/322399178/5657253705
8488,23493540949,1215229492,https://shopee.com.br/product/1215229492/23493540949
8489,51057655155,856641146,https://shopee.com.br/product/856641146/51057655155
8490,23693597115,1064041628,https://shopee.com.br/product/1064041628/23693597115
8491,21098323252,1374188221,https://shopee.com.br/product/1374188221/21098323252
8492,40864557424,408999524,https://shopee.com.br/product/408999524/40864557424
8493,56653597127,1248180593,https://shopee.com.br/product/1248180593/56653597127
8494,18399509121,408999524,https://shopee.com.br/product/408999524/18399509121
8495,22193879559,1329429906,https://shopee.com.br/product/1329429906/22193879559
8496,58267149405,1177903362,https://shopee.com.br/product/1177903362/58267149405
8497,41905072786,572649927,https://shopee.com.br/product/572649927/41905072786
8498,23793877262,444869236,https://shopee.com.br/product/444869236/23793877262
8499,21898019079,1452488394,https://shopee.com.br/product/1452488394/21898019079
8500,53855588942,1165360419,https://shopee.com.br/product/1165360419/53855588942
8501,22898043095,776725570,https://shopee.com.br/product/776725570/22898043095
8502,15105730490,303439692,https://shopee.com.br/product/303439692/15105730490
8503,21397619914,1137364730,https://shopee.com.br/product/1137364730/21397619914
8504,47310396291,1165360419,https://shopee.com.br/product/1165360419/47310396291
8505,18616445230,303439692,https://shopee.com.br/product/303439692/18616445230
8506,23593663573,1452488394,https://shopee.com.br/product/1452488394/23593663573
8507,12460136489,303439692,https://shopee.com.br/product/303439692/12460136489
8508,58201777905,1177903362,https://shopee.com.br/product/1177903362/58201777905
8509,22798702701,1372644554,https://shopee.com.br/product/1372644554/22798702701
8510,5657253736,322399178,https://shopee.com.br/product/322399178/5657253736
8511,23498151873,1452488394,https://shopee.com.br/product/1452488394/23498151873
8512,21498881392,404743073,https://shopee.com.br/product/404743073/21498881392
8513,15473894257,604489889,https://shopee.com.br/product/604489889/15473894257
8514,22896696293,842559166,https://shopee.com.br/product/842559166/22896696293
8515,22193674410,1452488394,https://shopee.com.br/product/1452488394/22193674410
8516,16041791065,401374403,https://shopee.com.br/product/401374403/16041791065
8517,19399048027,375188138,https://shopee.com.br/product/375188138/19399048027
8518,53210385392,408999524,https://shopee.com.br/product/408999524/53210385392
8519,58250171579,1097902002,https://shopee.com.br/product/1097902002/58250171579
8520,11788004114,322399178,https://shopee.com.br/product/322399178/11788004114
8521,23498094199,1414895408,https://shopee.com.br/product/1414895408/23498094199
8522,23698039256,776725570,https://shopee.com.br/product/776725570/23698039256
8523,23398694678,1372644554,https://shopee.com.br/product/1372644554/23398694678
8524,48864495785,1248180593,https://shopee.com.br/product/1248180593/48864495785
8525,22392823748,1137364730,https://shopee.com.br/product/1137364730/22392823748
8526,22092893590,283442002,https://shopee.com.br/product/283442002/22092893590
8527,6657252521,322399178,https://shopee.com.br/product/322399178/6657252521
8528,22392823795,1137364730,https://shopee.com.br/product/1137364730/22392823795
8529,22993668238,1452488394,https://shopee.com.br/product/1452488394/22993668238
8530,23098669165,1372644554,https://shopee.com.br/product/1372644554/23098669165
8531,15772315608,412482669,https://shopee.com.br/product/412482669/15772315608
8532,21797640288,283442002,https://shopee.com.br/product/283442002/21797640288
8533,4293217405,303439692,https://shopee.com.br/product/303439692/4293217405
8534,11337876996,462263068,https://shopee.com.br/product/462263068/11337876996
8535,21498007367,296093764,https://shopee.com.br/product/296093764/21498007367
8536,28536983121,735707447,https://shopee.com.br/product/735707447/28536983121
8537,14366875686,303439692,https://shopee.com.br/product/303439692/14366875686
8538,15696042951,280641391,https://shopee.com.br/product/280641391/15696042951
8539,58250226512,296093764,https://shopee.com.br/product/296093764/58250226512
8540,19298712274,604489889,https://shopee.com.br/product/604489889/19298712274
8541,27837734349,436723291,https://shopee.com.br/product/436723291/27837734349
8542,26088824192,386232023,https://shopee.com.br/product/386232023/26088824192
8543,21125853546,819102498,https://shopee.com.br/product/819102498/21125853546
8544,42026198281,1423372949,https://shopee.com.br/product/1423372949/42026198281
8545,23126243519,327632351,https://shopee.com.br/product/327632351/23126243519
8546,40328587892,327632351,https://shopee.com.br/product/327632351/40328587892
8547,50655820939,327632351,https://shopee.com.br/product/327632351/50655820939
8548,55855865114,1474606866,https://shopee.com.br/product/1474606866/55855865114
8549,22392574269,376716003,https://shopee.com.br/product/376716003/22392574269
8550,3990258753,322399178,https://shopee.com.br/product/322399178/3990258753
8551,22897744465,735707447,https://shopee.com.br/product/735707447/22897744465
8552,20642154598,856641146,https://shopee.com.br/product/856641146/20642154598
8553,20999093157,327632351,https://shopee.com.br/product/327632351/20999093157
8554,19499587374,1452488394,https://shopee.com.br/product/1452488394/19499587374
8555,58255137314,1177903362,https://shopee.com.br/product/1177903362/58255137314
8556,22994042322,322434863,https://shopee.com.br/product/322434863/22994042322
8557,22398169631,1452488394,https://shopee.com.br/product/1452488394/22398169631
8558,22398318427,882904544,https://shopee.com.br/product/882904544/22398318427
8559,58252966427,1374188221,https://shopee.com.br/product/1374188221/58252966427
8560,23228102242,869809385,https://shopee.com.br/product/869809385/23228102242
8561,57362381760,322399178,https://shopee.com.br/product/322399178/57362381760
8562,56615272097,1423372949,https://shopee.com.br/product/1423372949/56615272097
8563,22493664406,1452488394,https://shopee.com.br/product/1452488394/22493664406
8564,56051248955,545693995,https://shopee.com.br/product/545693995/56051248955
8565,22392823776,1137364730,https://shopee.com.br/product/1137364730/22392823776
8566,46059339744,1248180593,https://shopee.com.br/product/1248180593/46059339744
8567,19998465180,322399178,https://shopee.com.br/product/322399178/19998465180
8568,23091410637,604489889,https://shopee.com.br/product/604489889/23091410637
8569,17253933338,303439692,https://shopee.com.br/product/303439692/17253933338
8570,18716444887,303439692,https://shopee.com.br/product/303439692/18716444887
8571,44714499681,479405487,https://shopee.com.br/product/479405487/44714499681
8572,20299208746,283442002,https://shopee.com.br/product/283442002/20299208746
8573,27440992286,1248180593,https://shopee.com.br/product/1248180593/27440992286
8574,4957448614,322399178,https://shopee.com.br/product/322399178/4957448614
8575,45903313323,408999524,https://shopee.com.br/product/408999524/45903313323
8576,20997745710,404743073,https://shopee.com.br/product/404743073/20997745710
8577,23993536079,776725570,https://shopee.com.br/product/776725570/23993536079
8578,42079247484,443294432,https://shopee.com.br/product/443294432/42079247484
8579,43233658684,1423372949,https://shopee.com.br/product/1423372949/43233658684
8580,58200947538,1165360419,https://shopee.com.br/product/1165360419/58200947538
8581,43972321079,946161700,https://shopee.com.br/product/946161700/43972321079
8582,41352751163,371036439,https://shopee.com.br/product/371036439/41352751163
8583,23394919192,1485004225,https://shopee.com.br/product/1485004225/23394919192
8584,3175051450,322399178,https://shopee.com.br/product/322399178/3175051450
8585,6157246399,322399178,https://shopee.com.br/product/322399178/6157246399
8586,23099501076,1083800536,https://shopee.com.br/product/1083800536/23099501076
8587,52255105072,1248180593,https://shopee.com.br/product/1248180593/52255105072
8588,11315407199,303439692,https://shopee.com.br/product/303439692/11315407199
8589,22392823777,1137364730,https://shopee.com.br/product/1137364730/22392823777
8590,2978375564,303439692,https://shopee.com.br/product/303439692/2978375564
8591,7496136221,401374403,https://shopee.com.br/product/401374403/7496136221
8592,17781620258,303439692,https://shopee.com.br/product/303439692/17781620258
8593,19497520546,401374403,https://shopee.com.br/product/401374403/19497520546
8594,21137351394,400124163,https://shopee.com.br/product/400124163/21137351394
8595,28681758292,735707447,https://shopee.com.br/product/735707447/28681758292
8596,19397926139,1235923910,https://shopee.com.br/product/1235923910/19397926139
8597,19997991545,408999524,https://shopee.com.br/product/408999524/19997991545
8598,6694637809,322399178,https://shopee.com.br/product/322399178/6694637809
8599,22393664089,1452488394,https://shopee.com.br/product/1452488394/22393664089
8600,20974892988,327632351,https://shopee.com.br/product/327632351/20974892988
8601,41276192444,1146529360,https://shopee.com.br/product/1146529360/41276192444
8602,3355986980,306878488,https://shopee.com.br/product/306878488/3355986980
8603,8421050222,322399178,https://shopee.com.br/product/322399178/8421050222
8604,53903894972,604489889,https://shopee.com.br/product/604489889/53903894972
8605,51058894882,1248180593,https://shopee.com.br/product/1248180593/51058894882
8606,23494488223,908137538,https://shopee.com.br/product/908137538/23494488223
8607,20299092277,401374403,https://shopee.com.br/product/401374403/20299092277
8608,3457351276,322399178,https://shopee.com.br/product/322399178/3457351276
8609,22233795924,735707447,https://shopee.com.br/product/735707447/22233795924
8610,21299860579,545693995,https://shopee.com.br/product/545693995/21299860579
8611,18459170951,778935801,https://shopee.com.br/product/778935801/18459170951
8612,23893146451,408999524,https://shopee.com.br/product/408999524/23893146451
8613,29642248779,856641146,https://shopee.com.br/product/856641146/29642248779
8614,54960860823,1423372949,https://shopee.com.br/product/1423372949/54960860823
8615,18599386887,408999524,https://shopee.com.br/product/408999524/18599386887
8616,23094668368,789807677,https://shopee.com.br/product/789807677/23094668368
8617,3595278690,401374403,https://shopee.com.br/product/401374403/3595278690
8618,22697432861,400124163,https://shopee.com.br/product/400124163/22697432861
8619,6250731851,303439692,https://shopee.com.br/product/303439692/6250731851
8620,48550960826,444869236,https://shopee.com.br/product/444869236/48550960826
8621,21937360021,400124163,https://shopee.com.br/product/400124163/21937360021
8622,18598439003,856641146,https://shopee.com.br/product/856641146/18598439003
8623,20642154653,856641146,https://shopee.com.br/product/856641146/20642154653
8624,23098508814,1452488394,https://shopee.com.br/product/1452488394/23098508814
8625,28542764871,283442002,https://shopee.com.br/product/283442002/28542764871
8626,22591421639,400124163,https://shopee.com.br/product/400124163/22591421639
8627,19597264957,322399178,https://shopee.com.br/product/322399178/19597264957
8628,22892006791,735707447,https://shopee.com.br/product/735707447/22892006791
8629,22392823762,1137364730,https://shopee.com.br/product/1137364730/22392823762
8630,5157256948,322399178,https://shopee.com.br/product/322399178/5157256948
8631,7478393362,322399178,https://shopee.com.br/product/322399178/7478393362
8632,22698798933,1081505086,https://shopee.com.br/product/1081505086/22698798933
8633,20099758523,322434863,https://shopee.com.br/product/322434863/20099758523
8634,18598160177,1235923910,https://shopee.com.br/product/1235923910/18598160177
8635,23692176998,400124163,https://shopee.com.br/product/400124163/23692176998
8636,22498068789,408999524,https://shopee.com.br/product/408999524/22498068789
8637,41054913237,408999524,https://shopee.com.br/product/408999524/41054913237
8638,26829332437,856641146,https://shopee.com.br/product/856641146/26829332437
8639,22894029026,280641391,https://shopee.com.br/product/280641391/22894029026
8640,47062074260,869809385,https://shopee.com.br/product/869809385/47062074260
8641,19897806879,443294432,https://shopee.com.br/product/443294432/19897806879
8642,52312737038,479405487,https://shopee.com.br/product/479405487/52312737038
8643,19397640609,436723291,https://shopee.com.br/product/436723291/19397640609
8644,22193270816,408999524,https://shopee.com.br/product/408999524/22193270816
8645,23899186941,1516596857,https://shopee.com.br/product/1516596857/23899186941
8646,22998181725,408999524,https://shopee.com.br/product/408999524/22998181725
8647,44305346682,408999524,https://shopee.com.br/product/408999524/44305346682
8648,19998024242,604489889,https://shopee.com.br/product/604489889/19998024242
8649,23393655858,1452488394,https://shopee.com.br/product/1452488394/23393655858
8650,58207092301,1452488394,https://shopee.com.br/product/1452488394/58207092301
8651,5689808952,322399178,https://shopee.com.br/product/322399178/5689808952
8652,22793400154,408999524,https://shopee.com.br/product/408999524/22793400154
8653,58254334887,1235923910,https://shopee.com.br/product/1235923910/58254334887
8654,19899239433,735707447,https://shopee.com.br/product/735707447/19899239433
8655,7757453276,322399178,https://shopee.com.br/product/322399178/7757453276
8656,44050889846,436723291,https://shopee.com.br/product/436723291/44050889846
8657,19998998813,400124163,https://shopee.com.br/product/400124163/19998998813
8658,22897090338,322399178,https://shopee.com.br/product/322399178/22897090338
8659,20297395949,401374403,https://shopee.com.br/product/401374403/20297395949
8660,19197215425,604489889,https://shopee.com.br/product/604489889/19197215425
8661,46961561948,1248180593,https://shopee.com.br/product/1248180593/46961561948
8662,58204852977,1177903362,https://shopee.com.br/product/1177903362/58204852977
8663,23197894116,408999524,https://shopee.com.br/product/408999524/23197894116
8664,23096844080,322399178,https://shopee.com.br/product/322399178/23096844080
8665,58259212556,959567682,https://shopee.com.br/product/959567682/58259212556
8666,21499496812,408999524,https://shopee.com.br/product/408999524/21499496812
8667,22497894452,408999524,https://shopee.com.br/product/408999524/22497894452
8668,41572313416,946161700,https://shopee.com.br/product/946161700/41572313416
8669,29691040400,775496126,https://shopee.com.br/product/775496126/29691040400
8670,7054011165,306878488,https://shopee.com.br/product/306878488/7054011165
8671,23797838984,778935801,https://shopee.com.br/product/778935801/23797838984
8672,23298524723,322434863,https://shopee.com.br/product/322434863/23298524723
8673,20299759509,1372644554,https://shopee.com.br/product/1372644554/20299759509
8674,7657447713,322399178,https://shopee.com.br/product/322399178/7657447713
8675,22694689283,1630032069,https://shopee.com.br/product/1630032069/22694689283
8676,48514073685,869809385,https://shopee.com.br/product/869809385/48514073685
8677,12881083340,322399178,https://shopee.com.br/product/322399178/12881083340
8678,23995647881,404743073,https://shopee.com.br/product/404743073/23995647881
8679,5857253740,322399178,https://shopee.com.br/product/322399178/5857253740
8680,16814470171,303439692,https://shopee.com.br/product/303439692/16814470171
8681,19098319593,646888142,https://shopee.com.br/product/646888142/19098319593
8682,21698198864,1372644554,https://shopee.com.br/product/1372644554/21698198864
8683,26830422990,776725570,https://shopee.com.br/product/776725570/26830422990
8684,23098164006,1452488394,https://shopee.com.br/product/1452488394/23098164006
8685,23897310611,1137364730,https://shopee.com.br/product/1137364730/23897310611
8686,22093878392,842559166,https://shopee.com.br/product/842559166/22093878392
8687,23293670741,327632351,https://shopee.com.br/product/327632351/23293670741
8688,19197995101,408999524,https://shopee.com.br/product/408999524/19197995101
8689,19197523967,306878488,https://shopee.com.br/product/306878488/19197523967
8690,58256717579,1452488394,https://shopee.com.br/product/1452488394/58256717579
8691,43278429477,869809385,https://shopee.com.br/product/869809385/43278429477
8692,22098255752,1366041969,https://shopee.com.br/product/1366041969/22098255752
8693,12178975104,322399178,https://shopee.com.br/product/322399178/12178975104
8694,40079527189,479405487,https://shopee.com.br/product/479405487/40079527189
8695,18999562758,408999524,https://shopee.com.br/product/408999524/18999562758
8696,53500869079,1029852536,https://shopee.com.br/product/1029852536/53500869079
8697,26088358266,356143297,https://shopee.com.br/product/356143297/26088358266
8698,23593005496,401374403,https://shopee.com.br/product/401374403/23593005496
8699,6677538301,306878488,https://shopee.com.br/product/306878488/6677538301
8700,22393520154,1029852536,https://shopee.com.br/product/1029852536/22393520154
8701,22392823775,1137364730,https://shopee.com.br/product/1137364730/22392823775
8702,58261215958,316070154,https://shopee.com.br/product/316070154/58261215958
8703,23393593545,1050213612,https://shopee.com.br/product/1050213612/23393593545
8704,58201369319,719930213,https://shopee.com.br/product/719930213/58201369319
8705,22494034521,322434863,https://shopee.com.br/product/322434863/22494034521
8706,22797627874,322399178,https://shopee.com.br/product/322399178/22797627874
8707,20598886376,401374403,https://shopee.com.br/product/401374403/20598886376
8708,23891743699,327632351,https://shopee.com.br/product/327632351/23891743699
8709,19177751257,404743073,https://shopee.com.br/product/404743073/19177751257
8710,19599494500,404743073,https://shopee.com.br/product/404743073/19599494500
8711,22894330156,376716003,https://shopee.com.br/product/376716003/22894330156
8712,12071858800,303439692,https://shopee.com.br/product/303439692/12071858800
8713,21452510614,400124163,https://shopee.com.br/product/400124163/21452510614
8714,20797973349,408999524,https://shopee.com.br/product/408999524/20797973349
8715,58211207177,446413605,https://shopee.com.br/product/446413605/58211207177
8716,8506362875,313968882,https://shopee.com.br/product/313968882/8506362875
8717,18098102244,1423372949,https://shopee.com.br/product/1423372949/18098102244
8718,40083111099,1248180593,https://shopee.com.br/product/1248180593/40083111099
8719,10314768037,322399178,https://shopee.com.br/product/322399178/10314768037
8720,21697683858,1226105437,https://shopee.com.br/product/1226105437/21697683858
8721,44755522332,869809385,https://shopee.com.br/product/869809385/44755522332
8722,58211170500,316070154,https://shopee.com.br/product/316070154/58211170500
8723,23897425980,400124163,https://shopee.com.br/product/400124163/23897425980
8724,53512160077,290073877,https://shopee.com.br/product/290073877/53512160077
8725,23098011467,776725570,https://shopee.com.br/product/776725570/23098011467
8726,18299606739,436723291,https://shopee.com.br/product/436723291/18299606739
8727,22793855623,404743073,https://shopee.com.br/product/404743073/22793855623
8728,58204618658,778935801,https://shopee.com.br/product/778935801/58204618658
8729,40126574217,450664666,https://shopee.com.br/product/450664666/40126574217
8730,58201776401,1177903362,https://shopee.com.br/product/1177903362/58201776401
8731,4657449184,322399178,https://shopee.com.br/product/322399178/4657449184
8732,20797920392,404743073,https://shopee.com.br/product/404743073/20797920392
8733,56115890277,869809385,https://shopee.com.br/product/869809385/56115890277
8734,22197390207,283442002,https://shopee.com.br/product/283442002/22197390207
8735,40860644276,856641146,https://shopee.com.br/product/856641146/40860644276
8736,7578180058,306878488,https://shopee.com.br/product/306878488/7578180058
8737,8110632017,322399178,https://shopee.com.br/product/322399178/8110632017
8738,18998212120,1165360419,https://shopee.com.br/product/1165360419/18998212120
8739,41419516428,775496126,https://shopee.com.br/product/775496126/41419516428
8740,23092176407,400124163,https://shopee.com.br/product/400124163/23092176407
8741,6657443394,322399178,https://shopee.com.br/product/322399178/6657443394
8742,6557443365,322399178,https://shopee.com.br/product/322399178/6557443365
8743,25693516013,735707447,https://shopee.com.br/product/735707447/25693516013
8744,9902521510,322399178,https://shopee.com.br/product/322399178/9902521510
8745,22597767501,400124163,https://shopee.com.br/product/400124163/22597767501
8746,58253960651,462263068,https://shopee.com.br/product/462263068/58253960651
8747,22098070805,436723291,https://shopee.com.br/product/436723291/22098070805
8748,23293393239,408999524,https://shopee.com.br/product/408999524/23293393239
8749,22394421424,1541325700,https://shopee.com.br/product/1541325700/22394421424
8750,5157428489,322399178,https://shopee.com.br/product/322399178/5157428489
8751,56602142630,1371792496,https://shopee.com.br/product/1371792496/56602142630
8752,19197979464,408999524,https://shopee.com.br/product/408999524/19197979464
8753,22597548240,822103155,https://shopee.com.br/product/822103155/22597548240
8754,18272262171,322399178,https://shopee.com.br/product/322399178/18272262171
8755,51064081498,1242718651,https://shopee.com.br/product/1242718651/51064081498
8756,21069839509,400124163,https://shopee.com.br/product/400124163/21069839509
8757,22197575939,599271358,https://shopee.com.br/product/599271358/22197575939
8758,18297616550,856641146,https://shopee.com.br/product/856641146/18297616550
8759,7252437801,306878488,https://shopee.com.br/product/306878488/7252437801
8760,21999772153,322434863,https://shopee.com.br/product/322434863/21999772153
8761,3657351282,322399178,https://shopee.com.br/product/322399178/3657351282
8762,9203898172,322399178,https://shopee.com.br/product/322399178/9203898172
8763,20457892594,869809385,https://shopee.com.br/product/869809385/20457892594
8764,23998341371,390327339,https://shopee.com.br/product/390327339/23998341371
8765,21075975695,778935801,https://shopee.com.br/product/778935801/21075975695
8766,19399238950,735707447,https://shopee.com.br/product/735707447/19399238950
8767,44850906561,1029852536,https://shopee.com.br/product/1029852536/44850906561
8768,22299225950,1617519379,https://shopee.com.br/product/1617519379/22299225950
8769,23398061955,408999524,https://shopee.com.br/product/408999524/23398061955
8770,22298047098,908137538,https://shopee.com.br/product/908137538/22298047098
8771,16893156983,404743073,https://shopee.com.br/product/404743073/16893156983
8772,9203898144,322399178,https://shopee.com.br/product/322399178/9203898144
8773,22898481409,1137364730,https://shopee.com.br/product/1137364730/22898481409
8774,46216798532,296093764,https://shopee.com.br/product/296093764/46216798532
8775,23493494177,1329429906,https://shopee.com.br/product/1329429906/23493494177
8776,13698409801,404743073,https://shopee.com.br/product/404743073/13698409801
8777,18197233302,952014476,https://shopee.com.br/product/952014476/18197233302
8778,26330419476,776725570,https://shopee.com.br/product/776725570/26330419476
8779,22692934720,735707447,https://shopee.com.br/product/735707447/22692934720
8780,23093347579,778935801,https://shopee.com.br/product/778935801/23093347579
8781,22593056100,404743073,https://shopee.com.br/product/404743073/22593056100
8782,12680267245,303439692,https://shopee.com.br/product/303439692/12680267245
8783,43725216065,776725570,https://shopee.com.br/product/776725570/43725216065
8784,22793660314,1452488394,https://shopee.com.br/product/1452488394/22793660314
8785,20098133401,1137364730,https://shopee.com.br/product/1137364730/20098133401
8786,42457217775,356143297,https://shopee.com.br/product/356143297/42457217775
8787,8668165671,400124163,https://shopee.com.br/product/400124163/8668165671
8788,5569622224,322399178,https://shopee.com.br/product/322399178/5569622224
8789,19998185262,322434863,https://shopee.com.br/product/322434863/19998185262
8790,21998023547,1452488394,https://shopee.com.br/product/1452488394/21998023547
8791,19397733094,778935801,https://shopee.com.br/product/778935801/19397733094
8792,41902586737,408999524,https://shopee.com.br/product/408999524/41902586737
8793,5157443729,322399178,https://shopee.com.br/product/322399178/5157443729
8794,5357257396,322399178,https://shopee.com.br/product/322399178/5357257396
8795,19299386666,800925303,https://shopee.com.br/product/800925303/19299386666
8796,18297275969,400124163,https://shopee.com.br/product/400124163/18297275969
8797,22392823788,1137364730,https://shopee.com.br/product/1137364730/22392823788
8798,22394501074,418189829,https://shopee.com.br/product/418189829/22394501074
8799,23793388067,408999524,https://shopee.com.br/product/408999524/23793388067
8800,5895891156,303439692,https://shopee.com.br/product/303439692/5895891156
8801,21997493391,296093764,https://shopee.com.br/product/296093764/21997493391
8802,5589805448,426596756,https://shopee.com.br/product/426596756/5589805448
8803,22392823749,1137364730,https://shopee.com.br/product/1137364730/22392823749
8804,22093424919,404743073,https://shopee.com.br/product/404743073/22093424919
8805,48115929542,1382606196,https://shopee.com.br/product/1382606196/48115929542
8806,5357443744,322399178,https://shopee.com.br/product/322399178/5357443744
8807,23097975444,735707447,https://shopee.com.br/product/735707447/23097975444
8808,29795447682,356841149,https://shopee.com.br/product/356841149/29795447682
8809,58210553196,283442002,https://shopee.com.br/product/283442002/58210553196
8810,22592930874,400124163,https://shopee.com.br/product/400124163/22592930874
8811,20798183464,1452488394,https://shopee.com.br/product/1452488394/20798183464
8812,21399898495,646888142,https://shopee.com.br/product/646888142/21399898495
8813,53910866823,1248180593,https://shopee.com.br/product/1248180593/53910866823
8814,22691324411,778935801,https://shopee.com.br/product/778935801/22691324411
8815,20698023770,1452488394,https://shopee.com.br/product/1452488394/20698023770
8816,6153208693,306878488,https://shopee.com.br/product/306878488/6153208693
8817,6189997236,400736454,https://shopee.com.br/product/400736454/6189997236
8818,44555522597,869809385,https://shopee.com.br/product/869809385/44555522597
8819,58260984059,446413605,https://shopee.com.br/product/446413605/58260984059
8820,22198179506,1452488394,https://shopee.com.br/product/1452488394/22198179506
8821,23097762476,400124163,https://shopee.com.br/product/400124163/23097762476
8822,21798498592,400124163,https://shopee.com.br/product/400124163/21798498592
8823,10753337831,322399178,https://shopee.com.br/product/322399178/10753337831
8824,22698008375,1344250083,https://shopee.com.br/product/1344250083/22698008375
8825,54507018217,599271358,https://shopee.com.br/product/599271358/54507018217
8826,22098382199,1329429906,https://shopee.com.br/product/1329429906/22098382199
8827,27431484930,683952730,https://shopee.com.br/product/683952730/27431484930
8828,22293421007,778935801,https://shopee.com.br/product/778935801/22293421007
8829,58202366439,296093764,https://shopee.com.br/product/296093764/58202366439
8830,20542154672,856641146,https://shopee.com.br/product/856641146/20542154672
8831,5750546506,303439692,https://shopee.com.br/product/303439692/5750546506
8832,8668148115,400124163,https://shopee.com.br/product/400124163/8668148115
8833,23294296867,1081505086,https://shopee.com.br/product/1081505086/23294296867
8834,18497693841,599271358,https://shopee.com.br/product/599271358/18497693841
8835,27481614553,946161700,https://shopee.com.br/product/946161700/27481614553
8836,6070916085,322399178,https://shopee.com.br/product/322399178/6070916085
8837,55105411530,408999524,https://shopee.com.br/product/408999524/55105411530
8838,3957551390,322399178,https://shopee.com.br/product/322399178/3957551390
8839,23393559223,1326396820,https://shopee.com.br/product/1326396820/23393559223
8840,18997881184,778935801,https://shopee.com.br/product/778935801/18997881184
8841,17511691879,303439692,https://shopee.com.br/product/303439692/17511691879
8842,47565862042,735707447,https://shopee.com.br/product/735707447/47565862042
8843,23993514351,408999524,https://shopee.com.br/product/408999524/23993514351
8844,23897079393,778935801,https://shopee.com.br/product/778935801/23897079393
8845,23598157765,1344250083,https://shopee.com.br/product/1344250083/23598157765
8846,7169625303,322399178,https://shopee.com.br/product/322399178/7169625303
8847,55052958545,1470120726,https://shopee.com.br/product/1470120726/55052958545
8848,17611611024,303439692,https://shopee.com.br/product/303439692/17611611024
8849,22693808792,404743073,https://shopee.com.br/product/404743073/22693808792
8850,58265393575,1533142164,https://shopee.com.br/product/1533142164/58265393575
8851,58215383002,1533142164,https://shopee.com.br/product/1533142164/58215383002
8852,23793105299,412527932,https://shopee.com.br/product/412527932/23793105299
8853,22193675950,1452488394,https://shopee.com.br/product/1452488394/22193675950
8854,22293421012,778935801,https://shopee.com.br/product/778935801/22293421012
8855,18997881191,778935801,https://shopee.com.br/product/778935801/18997881191
8856,20759170005,778935801,https://shopee.com.br/product/778935801/20759170005
8857,22098255759,1366041969,https://shopee.com.br/product/1366041969/22098255759
8858,22698543845,322434863,https://shopee.com.br/product/322434863/22698543845
8859,6157450588,322399178,https://shopee.com.br/product/322399178/6157450588
8860,44905794025,327632351,https://shopee.com.br/product/327632351/44905794025
8861,23398984325,1243712796,https://shopee.com.br/product/1243712796/23398984325
8862,22692246796,404743073,https://shopee.com.br/product/404743073/22692246796
8863,22798543176,1190424233,https://shopee.com.br/product/1190424233/22798543176
8864,7076395839,313968882,https://shopee.com.br/product/313968882/7076395839
8865,46811760888,856641146,https://shopee.com.br/product/856641146/46811760888
8866,48254335418,1248180593,https://shopee.com.br/product/1248180593/48254335418
8867,22392823809,1137364730,https://shopee.com.br/product/1137364730/22392823809
8868,23993516418,965617276,https://shopee.com.br/product/965617276/23993516418
8869,5169623779,322399178,https://shopee.com.br/product/322399178/5169623779
8870,22498798567,1081505086,https://shopee.com.br/product/1081505086/22498798567
8871,3457357580,322399178,https://shopee.com.br/product/322399178/3457357580
8872,23498537515,322434863,https://shopee.com.br/product/322434863/23498537515
8873,23298524670,322434863,https://shopee.com.br/product/322434863/23298524670
8874,54501746575,450664666,https://shopee.com.br/product/450664666/54501746575
8875,21699677623,1088013647,https://shopee.com.br/product/1088013647/21699677623
8876,51902175598,290598330,https://shopee.com.br/product/290598330/51902175598
8877,3776239575,303439692,https://shopee.com.br/product/303439692/3776239575
8878,21299601428,882904544,https://shopee.com.br/product/882904544/21299601428
8879,23994534185,646888142,https://shopee.com.br/product/646888142/23994534185
8880,22193562502,408999524,https://shopee.com.br/product/408999524/22193562502
8881,22793138313,297240324,https://shopee.com.br/product/297240324/22793138313
8882,24643486512,946161700,https://shopee.com.br/product/946161700/24643486512
8883,7557441707,322399178,https://shopee.com.br/product/322399178/7557441707
8884,23599346567,1033307532,https://shopee.com.br/product/1033307532/23599346567
8885,51209704601,1248180593,https://shopee.com.br/product/1248180593/51209704601
8886,22197683685,400124163,https://shopee.com.br/product/400124163/22197683685
8887,19899758522,322434863,https://shopee.com.br/product/322434863/19899758522
8888,19097987932,776725570,https://shopee.com.br/product/776725570/19097987932
8889,22598798687,1081505086,https://shopee.com.br/product/1081505086/22598798687
8890,22598798695,1081505086,https://shopee.com.br/product/1081505086/22598798695
8891,23993621466,322434863,https://shopee.com.br/product/322434863/23993621466
8892,18637357851,400124163,https://shopee.com.br/product/400124163/18637357851
8893,3166977438,322399178,https://shopee.com.br/product/322399178/3166977438
8894,23791635385,952014476,https://shopee.com.br/product/952014476/23791635385
8895,22229018761,404743073,https://shopee.com.br/product/404743073/22229018761
8896,19899369325,800925303,https://shopee.com.br/product/800925303/19899369325
8897,23298825560,646888142,https://shopee.com.br/product/646888142/23298825560
8898,43369273515,946161700,https://shopee.com.br/product/946161700/43369273515
8899,23393258215,400124163,https://shopee.com.br/product/400124163/23393258215
8900,9511603042,306878488,https://shopee.com.br/product/306878488/9511603042
8901,3457547681,322399178,https://shopee.com.br/product/322399178/3457547681
8902,13622356517,322399178,https://shopee.com.br/product/322399178/13622356517
8903,52806020380,400124163,https://shopee.com.br/product/400124163/52806020380
8904,22392823826,1137364730,https://shopee.com.br/product/1137364730/22392823826
8905,22494245313,1040292502,https://shopee.com.br/product/1040292502/22494245313
8906,20298510272,952014476,https://shopee.com.br/product/952014476/20298510272
8907,58265506485,1533142164,https://shopee.com.br/product/1533142164/58265506485
8908,16888862415,778935801,https://shopee.com.br/product/778935801/16888862415
8909,23298099789,408999524,https://shopee.com.br/product/408999524/23298099789
8910,15104213221,401374403,https://shopee.com.br/product/401374403/15104213221
8911,18837360206,400124163,https://shopee.com.br/product/400124163/18837360206
8912,22894027964,1372644554,https://shopee.com.br/product/1372644554/22894027964
8913,25593492794,776725570,https://shopee.com.br/product/776725570/25593492794
8914,44280305297,1165360419,https://shopee.com.br/product/1165360419/44280305297
8915,7951652800,303439692,https://shopee.com.br/product/303439692/7951652800
8916,40980490067,1165360419,https://shopee.com.br/product/1165360419/40980490067
8917,40860657344,856641146,https://shopee.com.br/product/856641146/40860657344
8918,18596930277,856641146,https://shopee.com.br/product/856641146/18596930277
8919,8412144831,313968882,https://shopee.com.br/product/313968882/8412144831
8920,23997183221,306878488,https://shopee.com.br/product/306878488/23997183221
8921,23397844111,778935801,https://shopee.com.br/product/778935801/23397844111
8922,58211880266,1516596857,https://shopee.com.br/product/1516596857/58211880266
8923,22291007784,220800578,https://shopee.com.br/product/220800578/22291007784
8924,22598900252,404743073,https://shopee.com.br/product/404743073/22598900252
8925,23992341946,400124163,https://shopee.com.br/product/400124163/23992341946
8926,14693075731,414508631,https://shopee.com.br/product/414508631/14693075731
8927,22893820881,1423372949,https://shopee.com.br/product/1423372949/22893820881
8928,20098601989,322399178,https://shopee.com.br/product/322399178/20098601989
8929,23893080656,371036439,https://shopee.com.br/product/371036439/23893080656
8930,25797927849,776725570,https://shopee.com.br/product/776725570/25797927849
8931,22892384663,400124163,https://shopee.com.br/product/400124163/22892384663
8932,50506003252,400124163,https://shopee.com.br/product/400124163/50506003252
8933,21797517345,404743073,https://shopee.com.br/product/404743073/21797517345
8934,3969719773,322399178,https://shopee.com.br/product/322399178/3969719773
8935,7757250695,322399178,https://shopee.com.br/product/322399178/7757250695
8936,24840729351,322399178,https://shopee.com.br/product/322399178/24840729351
8937,29338313196,356143297,https://shopee.com.br/product/356143297/29338313196
8938,12775695423,312820805,https://shopee.com.br/product/312820805/12775695423
8939,3557351279,322399178,https://shopee.com.br/product/322399178/3557351279
8940,56154787267,356143297,https://shopee.com.br/product/356143297/56154787267
8941,4777540230,322399178,https://shopee.com.br/product/322399178/4777540230
8942,22194032557,822103155,https://shopee.com.br/product/822103155/22194032557
8943,23198791917,1474606866,https://shopee.com.br/product/1474606866/23198791917
8944,20997661229,599271358,https://shopee.com.br/product/599271358/20997661229
8945,20797684081,1226105437,https://shopee.com.br/product/1226105437/20797684081
8946,22993067001,822103155,https://shopee.com.br/product/822103155/22993067001
8947,20698951542,400124163,https://shopee.com.br/product/400124163/20698951542
8948,46566603131,400124163,https://shopee.com.br/product/400124163/46566603131
8949,56208964195,775496126,https://shopee.com.br/product/775496126/56208964195
8950,44380155706,1248180593,https://shopee.com.br/product/1248180593/44380155706
8951,22397379246,735707447,https://shopee.com.br/product/735707447/22397379246
8952,22698061947,1064041628,https://shopee.com.br/product/1064041628/22698061947
8953,23597551052,599271358,https://shopee.com.br/product/599271358/23597551052
8954,46657657858,776725570,https://shopee.com.br/product/776725570/46657657858
8955,22194474381,1583442620,https://shopee.com.br/product/1583442620/22194474381
8956,22395008248,446413605,https://shopee.com.br/product/446413605/22395008248
8957,18097928758,778935801,https://shopee.com.br/product/778935801/18097928758
8958,18899600919,400124163,https://shopee.com.br/product/400124163/18899600919
8959,44559962056,400124163,https://shopee.com.br/product/400124163/44559962056
8960,14180594677,303439692,https://shopee.com.br/product/303439692/14180594677
8961,21899335762,1050887704,https://shopee.com.br/product/1050887704/21899335762
8962,44915092082,1165360419,https://shopee.com.br/product/1165360419/44915092082
8963,19277583799,778935801,https://shopee.com.br/product/778935801/19277583799
8964,58266095691,822103155,https://shopee.com.br/product/822103155/58266095691
8965,23393051367,822103155,https://shopee.com.br/product/822103155/23393051367
8966,16960372380,303439692,https://shopee.com.br/product/303439692/16960372380
8967,41557213901,356143297,https://shopee.com.br/product/356143297/41557213901
8968,5992105670,400124163,https://shopee.com.br/product/400124163/5992105670
8969,17275232860,400124163,https://shopee.com.br/product/400124163/17275232860
8970,23093265921,400124163,https://shopee.com.br/product/400124163/23093265921
8971,44251861018,400124163,https://shopee.com.br/product/400124163/44251861018
8972,51806020497,400124163,https://shopee.com.br/product/400124163/51806020497
8973,22498798547,1081505086,https://shopee.com.br/product/1081505086/22498798547
8974,44953304016,604489889,https://shopee.com.br/product/604489889/44953304016
8975,6972522678,322399178,https://shopee.com.br/product/322399178/6972522678
8976,8410078509,313968882,https://shopee.com.br/product/313968882/8410078509
8977,17143350216,412482669,https://shopee.com.br/product/412482669/17143350216
8978,7854966484,313968882,https://shopee.com.br/product/313968882/7854966484
8979,23199360356,412968566,https://shopee.com.br/product/412968566/23199360356
8980,22098255790,1366041969,https://shopee.com.br/product/1366041969/22098255790
8981,51807632453,400124163,https://shopee.com.br/product/400124163/51807632453
8982,22892391313,400124163,https://shopee.com.br/product/400124163/22892391313
8983,48315442922,800925303,https://shopee.com.br/product/800925303/48315442922
8984,15180586357,303439692,https://shopee.com.br/product/303439692/15180586357
8985,18477242188,322399178,https://shopee.com.br/product/322399178/18477242188
8986,9713348553,322399178,https://shopee.com.br/product/322399178/9713348553
8987,22898413929,1510588915,https://shopee.com.br/product/1510588915/22898413929
8988,21998267372,1466989517,https://shopee.com.br/product/1466989517/21998267372
8989,55160917556,388236816,https://shopee.com.br/product/388236816/55160917556
8990,57207569814,400124163,https://shopee.com.br/product/400124163/57207569814
8991,20597805962,400124163,https://shopee.com.br/product/400124163/20597805962
8992,17270308652,778935801,https://shopee.com.br/product/778935801/17270308652
8993,22403248129,778935801,https://shopee.com.br/product/778935801/22403248129
8994,23092657916,400124163,https://shopee.com.br/product/400124163/23092657916
8995,20299378312,400124163,https://shopee.com.br/product/400124163/20299378312
8996,12329216238,313968882,https://shopee.com.br/product/313968882/12329216238
8997,51260747612,1248180593,https://shopee.com.br/product/1248180593/51260747612
8998,22891770378,401374403,https://shopee.com.br/product/401374403/22891770378
8999,22494381441,822103155,https://shopee.com.br/product/822103155/22494381441
9000,48715834669,735707447,https://shopee.com.br/product/735707447/48715834669
9001,8833214446,322399178,https://shopee.com.br/product/322399178/8833214446
9002,23198301204,1423372949,https://shopee.com.br/product/1423372949/23198301204
9003,58215394528,1533142164,https://shopee.com.br/product/1533142164/58215394528
9004,58215383641,1533142164,https://shopee.com.br/product/1533142164/58215383641
9005,22194571835,1466989517,https://shopee.com.br/product/1466989517/22194571835
9006,19698586923,400124163,https://shopee.com.br/product/400124163/19698586923
9007,18697373384,400124163,https://shopee.com.br/product/400124163/18697373384
9008,22692577511,778935801,https://shopee.com.br/product/778935801/22692577511
9009,41850637366,400124163,https://shopee.com.br/product/400124163/41850637366
9010,46107718041,400124163,https://shopee.com.br/product/400124163/46107718041
9011,14394533039,778935801,https://shopee.com.br/product/778935801/14394533039
9012,20697224701,220800578,https://shopee.com.br/product/220800578/20697224701
9013,22198183051,1414895408,https://shopee.com.br/product/1414895408/22198183051
9014,23694648404,664195321,https://shopee.com.br/product/664195321/23694648404
9015,21898282423,822103155,https://shopee.com.br/product/822103155/21898282423
9016,22198170809,1088013647,https://shopee.com.br/product/1088013647/22198170809
9017,20350045464,625420381,https://shopee.com.br/product/625420381/20350045464
9018,23694458857,1466989517,https://shopee.com.br/product/1466989517/23694458857
9019,11416524155,312820805,https://shopee.com.br/product/312820805/11416524155
9020,20671550347,400124163,https://shopee.com.br/product/400124163/20671550347
9021,18697368431,400124163,https://shopee.com.br/product/400124163/18697368431
9022,8868470173,400124163,https://shopee.com.br/product/400124163/8868470173
9023,50107580162,400124163,https://shopee.com.br/product/400124163/50107580162
9024,47757601991,400124163,https://shopee.com.br/product/400124163/47757601991
9025,20897611173,400124163,https://shopee.com.br/product/400124163/20897611173
9026,20597808814,400124163,https://shopee.com.br/product/400124163/20597808814
9027,22694377716,822103155,https://shopee.com.br/product/822103155/22694377716
9028,22498878264,822103155,https://shopee.com.br/product/822103155/22498878264
9029,58212008647,822103155,https://shopee.com.br/product/822103155/58212008647
9030,22498878212,822103155,https://shopee.com.br/product/822103155/22498878212
9031,58209461781,1676555072,https://shopee.com.br/product/1676555072/58209461781
9032,21499550440,408999524,https://shopee.com.br/product/408999524/21499550440
9033,23793051033,822103155,https://shopee.com.br/product/822103155/23793051033
9034,23395504525,220800578,https://shopee.com.br/product/220800578/23395504525
9035,23198750406,618731843,https://shopee.com.br/product/618731843/23198750406
9036,40101450871,400124163,https://shopee.com.br/product/400124163/40101450871
9037,18499616095,400124163,https://shopee.com.br/product/400124163/18499616095
9038,17375682398,400124163,https://shopee.com.br/product/400124163/17375682398
9039,54709762447,400124163,https://shopee.com.br/product/400124163/54709762447
9040,18199895219,1466989517,https://shopee.com.br/product/1466989517/18199895219
9041,58259500452,822103155,https://shopee.com.br/product/822103155/58259500452
9042,23899034373,1561901020,https://shopee.com.br/product/1561901020/23899034373
9043,58210157105,353832716,https://shopee.com.br/product/353832716/58210157105
9044,8338206470,303439692,https://shopee.com.br/product/303439692/8338206470
9045,58261153199,446413605,https://shopee.com.br/product/446413605/58261153199
9046,22095205633,1835790319,https://shopee.com.br/product/1835790319/22095205633
9047,18248638332,625420381,https://shopee.com.br/product/625420381/18248638332
9048,57355021764,776725570,https://shopee.com.br/product/776725570/57355021764
9049,23021077908,322399178,https://shopee.com.br/product/322399178/23021077908
9050,58265132389,1220316212,https://shopee.com.br/product/1220316212/58265132389
9051,8107992587,303439692,https://shopee.com.br/product/303439692/8107992587
9052,46714073313,1248180593,https://shopee.com.br/product/1248180593/46714073313
9053,56765909791,1382606196,https://shopee.com.br/product/1382606196/56765909791
9054,25498153164,1248180593,https://shopee.com.br/product/1248180593/25498153164
9055,22735171447,220800578,https://shopee.com.br/product/220800578/22735171447
9056,22897188833,306878488,https://shopee.com.br/product/306878488/22897188833
9057,9859110764,429425876,https://shopee.com.br/product/429425876/9859110764
9058,41301844465,869809385,https://shopee.com.br/product/869809385/41301844465
9059,20697625771,1177369665,https://shopee.com.br/product/1177369665/20697625771
9060,22397477757,855489892,https://shopee.com.br/product/855489892/22397477757
9061,10764761957,489001115,https://shopee.com.br/product/489001115/10764761957
9062,20998963780,709990445,https://shopee.com.br/product/709990445/20998963780
9063,23994441946,608615567,https://shopee.com.br/product/608615567/23994441946
9064,18799599215,984366979,https://shopee.com.br/product/984366979/18799599215
9065,22398777215,984366979,https://shopee.com.br/product/984366979/22398777215
9066,20298929435,1064710210,https://shopee.com.br/product/1064710210/20298929435
9067,19799247629,855489892,https://shopee.com.br/product/855489892/19799247629
9068,21374703234,674110767,https://shopee.com.br/product/674110767/21374703234
9069,22393849742,638399297,https://shopee.com.br/product/638399297/22393849742
9070,54404529869,735707447,https://shopee.com.br/product/735707447/54404529869
9071,18377592711,306698991,https://shopee.com.br/product/306698991/18377592711
9072,23336702882,306698991,https://shopee.com.br/product/306698991/23336702882
9073,21499855344,1430737023,https://shopee.com.br/product/1430737023/21499855344
9074,8803900428,306698991,https://shopee.com.br/product/306698991/8803900428
9075,23736702711,306698991,https://shopee.com.br/product/306698991/23736702711
9076,22198437062,791969908,https://shopee.com.br/product/791969908/22198437062
9077,10627363985,306698991,https://shopee.com.br/product/306698991/10627363985
9078,56464359772,869809385,https://shopee.com.br/product/869809385/56464359772
9079,58252365040,608615567,https://shopee.com.br/product/608615567/58252365040
9080,22891746303,296114884,https://shopee.com.br/product/296114884/22891746303
9081,22736706418,306698991,https://shopee.com.br/product/306698991/22736706418
9082,20996923410,988566789,https://shopee.com.br/product/988566789/20996923410
9083,57906118889,601021305,https://shopee.com.br/product/601021305/57906118889
9084,21599202086,356560587,https://shopee.com.br/product/356560587/21599202086
9085,55052094483,340096629,https://shopee.com.br/product/340096629/55052094483
9086,18999675250,450664666,https://shopee.com.br/product/450664666/18999675250
9087,22296268283,944577712,https://shopee.com.br/product/944577712/22296268283
9088,58252370394,608615567,https://shopee.com.br/product/608615567/58252370394
9089,18699460008,965617276,https://shopee.com.br/product/965617276/18699460008
9090,23999182528,608615567,https://shopee.com.br/product/608615567/23999182528
9091,18697751233,412527932,https://shopee.com.br/product/412527932/18697751233
9092,11413995002,306698991,https://shopee.com.br/product/306698991/11413995002
9093,56355505426,869809385,https://shopee.com.br/product/869809385/56355505426
9094,15427156397,638399297,https://shopee.com.br/product/638399297/15427156397
9095,53615890265,869809385,https://shopee.com.br/product/869809385/53615890265
9096,22893500291,939446263,https://shopee.com.br/product/939446263/22893500291
9097,23393557099,674110767,https://shopee.com.br/product/674110767/23393557099
9098,58255055380,608615567,https://shopee.com.br/product/608615567/58255055380
9099,22992858468,1177369665,https://shopee.com.br/product/1177369665/22992858468
9100,11786008391,306698991,https://shopee.com.br/product/306698991/11786008391
9101,56012328265,608615567,https://shopee.com.br/product/608615567/56012328265
9102,22592787437,357239640,https://shopee.com.br/product/357239640/22592787437
9103,23492852685,408128510,https://shopee.com.br/product/408128510/23492852685
9104,16889437690,290073877,https://shopee.com.br/product/290073877/16889437690
9105,23294335036,608615567,https://shopee.com.br/product/608615567/23294335036
9106,58201688884,608615567,https://shopee.com.br/product/608615567/58201688884
9107,22698707396,984366979,https://shopee.com.br/product/984366979/22698707396
9108,21798967958,902146556,https://shopee.com.br/product/902146556/21798967958
9109,23393116285,1287093777,https://shopee.com.br/product/1287093777/23393116285
9110,17922689937,303439692,https://shopee.com.br/product/303439692/17922689937
9111,40551587993,735707447,https://shopee.com.br/product/735707447/40551587993
9112,9813789556,306698991,https://shopee.com.br/product/306698991/9813789556
9113,20897971418,939446263,https://shopee.com.br/product/939446263/20897971418
9114,58259920944,822103155,https://shopee.com.br/product/822103155/58259920944
9115,20897514472,388236816,https://shopee.com.br/product/388236816/20897514472
9116,17837712362,408128510,https://shopee.com.br/product/408128510/17837712362
9117,15963886749,303439692,https://shopee.com.br/product/303439692/15963886749
9118,23608652275,357239640,https://shopee.com.br/product/357239640/23608652275
9119,58203830036,608615567,https://shopee.com.br/product/608615567/58203830036
9120,23197908740,306698991,https://shopee.com.br/product/306698991/23197908740
9121,12667806418,489001115,https://shopee.com.br/product/489001115/12667806418
9122,23693222662,1096487236,https://shopee.com.br/product/1096487236/23693222662
9123,45800271972,450664666,https://shopee.com.br/product/450664666/45800271972
9124,18450040192,327632351,https://shopee.com.br/product/327632351/18450040192
9125,23298101357,984366979,https://shopee.com.br/product/984366979/23298101357
9126,48714515188,791969908,https://shopee.com.br/product/791969908/48714515188
9127,46361340183,735707447,https://shopee.com.br/product/735707447/46361340183
9128,18497984408,489001115,https://shopee.com.br/product/489001115/18497984408
9129,55506550936,735707447,https://shopee.com.br/product/735707447/55506550936
9130,19299895482,984366979,https://shopee.com.br/product/984366979/19299895482
9131,11421820318,397583038,https://shopee.com.br/product/397583038/11421820318
9132,23097996900,464043565,https://shopee.com.br/product/464043565/23097996900
9133,23494667300,1577891436,https://shopee.com.br/product/1577891436/23494667300
9134,10581800077,489001115,https://shopee.com.br/product/489001115/10581800077
9135,22994336528,608615567,https://shopee.com.br/product/608615567/22994336528
9136,23994648889,333540705,https://shopee.com.br/product/333540705/23994648889
9137,22494310756,608615567,https://shopee.com.br/product/608615567/22494310756
9138,22136012701,942805673,https://shopee.com.br/product/942805673/22136012701
9139,23494346163,450664666,https://shopee.com.br/product/450664666/23494346163
9140,23093653972,1177369665,https://shopee.com.br/product/1177369665/23093653972
9141,22098015554,427153374,https://shopee.com.br/product/427153374/22098015554
9142,16538475961,674110767,https://shopee.com.br/product/674110767/16538475961
9143,22293015019,822103155,https://shopee.com.br/product/822103155/22293015019
9144,23193556286,965617276,https://shopee.com.br/product/965617276/23193556286
9145,58252316751,608615567,https://shopee.com.br/product/608615567/58252316751
9146,23295578579,290073877,https://shopee.com.br/product/290073877/23295578579
9147,23198790235,1474606866,https://shopee.com.br/product/1474606866/23198790235
9148,19797299837,902146556,https://shopee.com.br/product/902146556/19797299837
9149,23398343262,489001115,https://shopee.com.br/product/489001115/23398343262
9150,19499076540,1096487236,https://shopee.com.br/product/1096487236/19499076540
9151,48358582149,357239640,https://shopee.com.br/product/357239640/48358582149
9152,20710543928,290073877,https://shopee.com.br/product/290073877/20710543928
9153,4269626727,306698991,https://shopee.com.br/product/306698991/4269626727
9154,23593839076,290073877,https://shopee.com.br/product/290073877/23593839076
9155,48158574322,1423372949,https://shopee.com.br/product/1423372949/48158574322
9156,58257830473,489001115,https://shopee.com.br/product/489001115/58257830473
9157,18197667303,306698991,https://shopee.com.br/product/306698991/18197667303
9158,18299590963,489001115,https://shopee.com.br/product/489001115/18299590963
9159,19320315816,306698991,https://shopee.com.br/product/306698991/19320315816
9160,18098201098,380456261,https://shopee.com.br/product/380456261/18098201098
9161,23599657508,1430000636,https://shopee.com.br/product/1430000636/23599657508
9162,58204726774,608615567,https://shopee.com.br/product/608615567/58204726774
9163,18399303516,674110767,https://shopee.com.br/product/674110767/18399303516
9164,19599545530,464043565,https://shopee.com.br/product/464043565/19599545530
9165,22492851425,1177369665,https://shopee.com.br/product/1177369665/22492851425
9166,22693849026,290073877,https://shopee.com.br/product/290073877/22693849026
9167,21178242005,942805673,https://shopee.com.br/product/942805673/21178242005
9168,10526575976,303439692,https://shopee.com.br/product/303439692/10526575976
9169,26282571680,674110767,https://shopee.com.br/product/674110767/26282571680
9170,23597996207,489001115,https://shopee.com.br/product/489001115/23597996207
9171,21169392555,357239640,https://shopee.com.br/product/357239640/21169392555
9172,58263957778,389803646,https://shopee.com.br/product/389803646/58263957778
9173,8094650454,303439692,https://shopee.com.br/product/303439692/8094650454
9174,22092853216,1177369665,https://shopee.com.br/product/1177369665/22092853216
9175,18699322978,412527932,https://shopee.com.br/product/412527932/18699322978
9176,18497993685,674110767,https://shopee.com.br/product/674110767/18497993685
9177,20977571294,290073877,https://shopee.com.br/product/290073877/20977571294
9178,53758448658,1232299933,https://shopee.com.br/product/1232299933/53758448658
9179,58214829757,1655406395,https://shopee.com.br/product/1655406395/58214829757
9180,11548770647,357239640,https://shopee.com.br/product/357239640/11548770647
9181,57064369189,608615567,https://shopee.com.br/product/608615567/57064369189
9182,5469618280,306698991,https://shopee.com.br/product/306698991/5469618280
9183,12477408081,360012700,https://shopee.com.br/product/360012700/12477408081
9184,45156563150,735707447,https://shopee.com.br/product/735707447/45156563150
9185,58201771745,608615567,https://shopee.com.br/product/608615567/58201771745
9186,23093001488,290073877,https://shopee.com.br/product/290073877/23093001488
9187,23597365854,674110767,https://shopee.com.br/product/674110767/23597365854
9188,23898018194,965617276,https://shopee.com.br/product/965617276/23898018194
9189,22397164995,408128510,https://shopee.com.br/product/408128510/22397164995
9190,14940239525,306698991,https://shopee.com.br/product/306698991/14940239525
9191,23139588615,805449066,https://shopee.com.br/product/805449066/23139588615
9192,20677571927,397583038,https://shopee.com.br/product/397583038/20677571927
9193,22594464387,1577891436,https://shopee.com.br/product/1577891436/22594464387
9194,58254352037,412527932,https://shopee.com.br/product/412527932/58254352037
9195,22597305702,356560587,https://shopee.com.br/product/356560587/22597305702
9196,24144910527,360012700,https://shopee.com.br/product/360012700/24144910527
9197,22897544530,356560587,https://shopee.com.br/product/356560587/22897544530
9198,21077580756,397583038,https://shopee.com.br/product/397583038/21077580756
9199,23893225118,1229255557,https://shopee.com.br/product/1229255557/23893225118
9200,47556035352,951290141,https://shopee.com.br/product/951290141/47556035352
9201,14948919130,408128510,https://shopee.com.br/product/408128510/14948919130
9202,27280842584,406223656,https://shopee.com.br/product/406223656/27280842584
9203,58265742134,1737987690,https://shopee.com.br/product/1737987690/58265742134
9204,40476175986,735707447,https://shopee.com.br/product/735707447/40476175986
9205,23393685588,965617276,https://shopee.com.br/product/965617276/23393685588
9206,15906428099,357239640,https://shopee.com.br/product/357239640/15906428099
9207,12295007443,408128510,https://shopee.com.br/product/408128510/12295007443
9208,18197155446,944577712,https://shopee.com.br/product/944577712/18197155446
9209,23897409711,306698991,https://shopee.com.br/product/306698991/23897409711
9210,22197353773,380456261,https://shopee.com.br/product/380456261/22197353773
9211,19399570823,335244857,https://shopee.com.br/product/335244857/19399570823
9212,23998541624,290073877,https://shopee.com.br/product/290073877/23998541624
9213,58259900710,965617276,https://shopee.com.br/product/965617276/58259900710
9214,58257019584,1045085918,https://shopee.com.br/product/1045085918/58257019584
9215,48611215674,402450553,https://shopee.com.br/product/402450553/48611215674
9216,22194565214,1630032069,https://shopee.com.br/product/1630032069/22194565214
9217,18197222098,408128510,https://shopee.com.br/product/408128510/18197222098
9218,22893500302,939446263,https://shopee.com.br/product/939446263/22893500302
9219,14628479316,360012700,https://shopee.com.br/product/360012700/14628479316
9220,45016424773,290073877,https://shopee.com.br/product/290073877/45016424773
9221,22198063953,406223656,https://shopee.com.br/product/406223656/22198063953
9222,22497996884,939446263,https://shopee.com.br/product/939446263/22497996884
9223,52814490792,306698991,https://shopee.com.br/product/306698991/52814490792
9224,18697517631,388236816,https://shopee.com.br/product/388236816/18697517631
9225,19699379845,735707447,https://shopee.com.br/product/735707447/19699379845
9226,52907764257,735707447,https://shopee.com.br/product/735707447/52907764257
9227,23294549113,972424499,https://shopee.com.br/product/972424499/23294549113
9228,18399301273,412527932,https://shopee.com.br/product/412527932/18399301273
9229,23793103096,412527932,https://shopee.com.br/product/412527932/23793103096
9230,58156650992,735707447,https://shopee.com.br/product/735707447/58156650992
9231,23095646116,945531325,https://shopee.com.br/product/945531325/23095646116
9232,23393858108,296114884,https://shopee.com.br/product/296114884/23393858108
9233,23293973980,290073877,https://shopee.com.br/product/290073877/23293973980
9234,23993808260,389803646,https://shopee.com.br/product/389803646/23993808260
9235,23220781042,408128510,https://shopee.com.br/product/408128510/23220781042
9236,44129196089,1490055656,https://shopee.com.br/product/1490055656/44129196089
9237,22397592795,306698991,https://shopee.com.br/product/306698991/22397592795
9238,20397748084,412527932,https://shopee.com.br/product/412527932/20397748084
9239,23694528437,979559296,https://shopee.com.br/product/979559296/23694528437
9240,14496245446,408128510,https://shopee.com.br/product/408128510/14496245446
9241,23993108120,412527932,https://shopee.com.br/product/412527932/23993108120
9242,52056548311,735707447,https://shopee.com.br/product/735707447/52056548311
9243,3588602895,397583038,https://shopee.com.br/product/397583038/3588602895
9244,21155019311,290073877,https://shopee.com.br/product/290073877/21155019311
9245,53557624707,735707447,https://shopee.com.br/product/735707447/53557624707
9246,17127772802,442506479,https://shopee.com.br/product/442506479/17127772802
9247,20897266038,816806234,https://shopee.com.br/product/816806234/20897266038
9248,19897748169,412527932,https://shopee.com.br/product/412527932/19897748169
9249,18097816498,357239640,https://shopee.com.br/product/357239640/18097816498
9250,18899599390,965617276,https://shopee.com.br/product/965617276/18899599390
9251,21799544463,489001115,https://shopee.com.br/product/489001115/21799544463
9252,51356494116,735707447,https://shopee.com.br/product/735707447/51356494116
9253,20997266030,816806234,https://shopee.com.br/product/816806234/20997266030
9254,55210563145,445163047,https://shopee.com.br/product/445163047/55210563145
9255,54954045645,735707447,https://shopee.com.br/product/735707447/54954045645
9256,23899406056,608615567,https://shopee.com.br/product/608615567/23899406056
9257,23893382216,988566789,https://shopee.com.br/product/988566789/23893382216
9258,23899002112,389803646,https://shopee.com.br/product/389803646/23899002112
9259,58114075411,735707447,https://shopee.com.br/product/735707447/58114075411
9260,47908526740,735707447,https://shopee.com.br/product/735707447/47908526740
9261,19699903121,442506479,https://shopee.com.br/product/442506479/19699903121
9262,40761771991,306698991,https://shopee.com.br/product/306698991/40761771991
9263,20197727160,988566789,https://shopee.com.br/product/988566789/20197727160
9264,23392644745,942805673,https://shopee.com.br/product/942805673/23392644745
9265,23693922479,1363787561,https://shopee.com.br/product/1363787561/23693922479
9266,48510194604,735707447,https://shopee.com.br/product/735707447/48510194604
9267,23498656005,638399297,https://shopee.com.br/product/638399297/23498656005
9268,22998644242,389803646,https://shopee.com.br/product/389803646/22998644242
9269,23093500471,939446263,https://shopee.com.br/product/939446263/23093500471
9270,53106651773,735707447,https://shopee.com.br/product/735707447/53106651773
9271,23092442791,290073877,https://shopee.com.br/product/290073877/23092442791
9272,21866907780,357239640,https://shopee.com.br/product/357239640/21866907780
9273,19199322153,412527932,https://shopee.com.br/product/412527932/19199322153
9274,48909772585,735707447,https://shopee.com.br/product/735707447/48909772585
9275,44372794193,397583038,https://shopee.com.br/product/397583038/44372794193
9276,58260404370,489001115,https://shopee.com.br/product/489001115/58260404370
9277,19197752433,489001115,https://shopee.com.br/product/489001115/19197752433
9278,26434798200,335244857,https://shopee.com.br/product/335244857/26434798200
9279,58200515830,1046598875,https://shopee.com.br/product/1046598875/58200515830
9280,22891059293,306698991,https://shopee.com.br/product/306698991/22891059293
9281,9483686570,397583038,https://shopee.com.br/product/397583038/9483686570
9282,52664553790,608615567,https://shopee.com.br/product/608615567/52664553790
9283,57514116903,608615567,https://shopee.com.br/product/608615567/57514116903
9284,16218737248,674110767,https://shopee.com.br/product/674110767/16218737248
9285,17793816662,397583038,https://shopee.com.br/product/397583038/17793816662
9286,22193694689,389803646,https://shopee.com.br/product/389803646/22193694689
9287,22897996725,939446263,https://shopee.com.br/product/939446263/22897996725
9288,22693533228,965617276,https://shopee.com.br/product/965617276/22693533228
9289,51910563191,445163047,https://shopee.com.br/product/445163047/51910563191
9290,22398019555,306698991,https://shopee.com.br/product/306698991/22398019555
9291,19097749667,412527932,https://shopee.com.br/product/412527932/19097749667
9292,19497799353,735707447,https://shopee.com.br/product/735707447/19497799353
9293,51000302682,674110767,https://shopee.com.br/product/674110767/51000302682
9294,20897979452,965617276,https://shopee.com.br/product/965617276/20897979452
9295,58204371804,608615567,https://shopee.com.br/product/608615567/58204371804
9296,23297626417,1177369665,https://shopee.com.br/product/1177369665/23297626417
9297,28282580952,674110767,https://shopee.com.br/product/674110767/28282580952
9298,58200706663,1096473040,https://shopee.com.br/product/1096473040/58200706663
9299,26682590516,674110767,https://shopee.com.br/product/674110767/26682590516
9300,22394157394,389803646,https://shopee.com.br/product/389803646/22394157394
9301,19697625874,1177369665,https://shopee.com.br/product/1177369665/19697625874
9302,54762826276,445163047,https://shopee.com.br/product/445163047/54762826276
9303,46604585784,735707447,https://shopee.com.br/product/735707447/46604585784
9304,19097749683,412527932,https://shopee.com.br/product/412527932/19097749683
9305,50300555119,1177369665,https://shopee.com.br/product/1177369665/50300555119
9306,11065470641,489001115,https://shopee.com.br/product/489001115/11065470641
9307,54662617767,1328278916,https://shopee.com.br/product/1328278916/54662617767
9308,23298806113,464043565,https://shopee.com.br/product/464043565/23298806113
9309,22093585709,942805673,https://shopee.com.br/product/942805673/22093585709
9310,23793486151,1177369665,https://shopee.com.br/product/1177369665/23793486151
9311,48310583104,735707447,https://shopee.com.br/product/735707447/48310583104
9312,23997299574,380456261,https://shopee.com.br/product/380456261/23997299574
9313,23897117889,388236816,https://shopee.com.br/product/388236816/23897117889
9314,45957827643,735707447,https://shopee.com.br/product/735707447/45957827643
9315,20999894151,608615567,https://shopee.com.br/product/608615567/20999894151
9316,16781393341,356143297,https://shopee.com.br/product/356143297/16781393341
9317,22792853041,1177369665,https://shopee.com.br/product/1177369665/22792853041
9318,14847707431,397583038,https://shopee.com.br/product/397583038/14847707431
9319,21998310456,1229255557,https://shopee.com.br/product/1229255557/21998310456
9320,21366443009,357239640,https://shopee.com.br/product/357239640/21366443009
9321,58213188136,446413605,https://shopee.com.br/product/446413605/58213188136
9322,22597145749,388236816,https://shopee.com.br/product/388236816/22597145749
9323,22392365214,388236816,https://shopee.com.br/product/388236816/22392365214
9324,2961742130,442555366,https://shopee.com.br/product/442555366/2961742130
9325,22393665713,389803646,https://shopee.com.br/product/389803646/22393665713
9326,23292940689,1177369665,https://shopee.com.br/product/1177369665/23292940689
9327,26387493318,340096629,https://shopee.com.br/product/340096629/26387493318
9328,58258969825,333540705,https://shopee.com.br/product/333540705/58258969825
9329,23093497701,939446263,https://shopee.com.br/product/939446263/23093497701
9330,23495760614,805449066,https://shopee.com.br/product/805449066/23495760614
9331,58264682032,1687489154,https://shopee.com.br/product/1687489154/58264682032
9332,27132581204,674110767,https://shopee.com.br/product/674110767/27132581204
9333,58200174671,333540705,https://shopee.com.br/product/333540705/58200174671
9334,23004469342,848951954,https://shopee.com.br/product/848951954/23004469342
9335,58263748686,1027399414,https://shopee.com.br/product/1027399414/58263748686
9336,9197042986,357239640,https://shopee.com.br/product/357239640/9197042986
9337,19097975182,442555366,https://shopee.com.br/product/442555366/19097975182
9338,23297773776,442555366,https://shopee.com.br/product/442555366/23297773776
9339,42127089311,674110767,https://shopee.com.br/product/674110767/42127089311
9340,20999673386,445163047,https://shopee.com.br/product/445163047/20999673386
9341,18667164925,357239640,https://shopee.com.br/product/357239640/18667164925
9342,23492958166,408128510,https://shopee.com.br/product/408128510/23492958166
9343,19999650548,848951954,https://shopee.com.br/product/848951954/19999650548
9344,23294434555,1096473040,https://shopee.com.br/product/1096473040/23294434555
9345,19497998297,335244857,https://shopee.com.br/product/335244857/19497998297
9346,23297725655,735707447,https://shopee.com.br/product/735707447/23297725655
9347,22692848230,1177369665,https://shopee.com.br/product/1177369665/22692848230
9348,54306534237,735707447,https://shopee.com.br/product/735707447/54306534237
9349,19997518803,408128510,https://shopee.com.br/product/408128510/19997518803
9350,58216088458,1036817611,https://shopee.com.br/product/1036817611/58216088458
9351,45404059866,735707447,https://shopee.com.br/product/735707447/45404059866
9352,23393557895,942805673,https://shopee.com.br/product/942805673/23393557895
9353,54664544643,306698991,https://shopee.com.br/product/306698991/54664544643
9354,23209203812,357239640,https://shopee.com.br/product/357239640/23209203812
9355,26580430906,335244857,https://shopee.com.br/product/335244857/26580430906
9356,20999198795,272868574,https://shopee.com.br/product/272868574/20999198795
9357,57061543120,306698991,https://shopee.com.br/product/306698991/57061543120
9358,22497419694,306698991,https://shopee.com.br/product/306698991/22497419694
9359,20099089065,388236816,https://shopee.com.br/product/388236816/20099089065
9360,22793563430,984366979,https://shopee.com.br/product/984366979/22793563430
9361,6169615702,306698991,https://shopee.com.br/product/306698991/6169615702
9362,19799665066,848951954,https://shopee.com.br/product/848951954/19799665066
9363,23192849774,1177369665,https://shopee.com.br/product/1177369665/23192849774
9364,22497414610,306698991,https://shopee.com.br/product/306698991/22497414610
9365,23698562876,1490055656,https://shopee.com.br/product/1490055656/23698562876
9366,58250745201,1577891436,https://shopee.com.br/product/1577891436/58250745201
9367,40271091758,942805673,https://shopee.com.br/product/942805673/40271091758
9368,22998161462,939446263,https://shopee.com.br/product/939446263/22998161462
9369,22097758725,442555366,https://shopee.com.br/product/442555366/22097758725
9370,42578243472,735707447,https://shopee.com.br/product/735707447/42578243472
9371,52857463579,674110767,https://shopee.com.br/product/674110767/52857463579
9372,9262371077,397583038,https://shopee.com.br/product/397583038/9262371077
9373,21098526952,805449066,https://shopee.com.br/product/805449066/21098526952
9374,22397913814,306698991,https://shopee.com.br/product/306698991/22397913814
9375,22198339037,1425275679,https://shopee.com.br/product/1425275679/22198339037
9376,41961207372,735707447,https://shopee.com.br/product/735707447/41961207372
9377,22138323553,942805673,https://shopee.com.br/product/942805673/22138323553
9378,9113789702,306698991,https://shopee.com.br/product/306698991/9113789702
9379,22294355164,464043565,https://shopee.com.br/product/464043565/22294355164
9380,43282857340,608615567,https://shopee.com.br/product/608615567/43282857340
9381,23297691048,1177369665,https://shopee.com.br/product/1177369665/23297691048
9382,10351521628,524728336,https://shopee.com.br/product/524728336/10351521628
9383,22098061236,965617276,https://shopee.com.br/product/965617276/22098061236
9384,23997137206,506112052,https://shopee.com.br/product/506112052/23997137206
9385,29445126816,1177369665,https://shopee.com.br/product/1177369665/29445126816
9386,22693980317,1442717886,https://shopee.com.br/product/1442717886/22693980317
9387,17407369593,360012700,https://shopee.com.br/product/360012700/17407369593
9388,51956343644,445163047,https://shopee.com.br/product/445163047/51956343644
9389,18097687878,306698991,https://shopee.com.br/product/306698991/18097687878
9390,17277022357,306698991,https://shopee.com.br/product/306698991/17277022357
9391,28730072899,674110767,https://shopee.com.br/product/674110767/28730072899
9392,23998363892,902146556,https://shopee.com.br/product/902146556/23998363892
9393,20297968718,442555366,https://shopee.com.br/product/442555366/20297968718
9394,22097758592,442555366,https://shopee.com.br/product/442555366/22097758592
9395,20897795427,290073877,https://shopee.com.br/product/290073877/20897795427
9396,23493979102,1442717886,https://shopee.com.br/product/1442717886/23493979102
9397,21498186501,290073877,https://shopee.com.br/product/290073877/21498186501
9398,48060464608,388236816,https://shopee.com.br/product/388236816/48060464608
9399,23898038971,1177369665,https://shopee.com.br/product/1177369665/23898038971
9400,23798147574,389803646,https://shopee.com.br/product/389803646/23798147574
9401,22493418446,944577712,https://shopee.com.br/product/944577712/22493418446
9402,22597305765,356560587,https://shopee.com.br/product/356560587/22597305765
9403,40273558502,674110767,https://shopee.com.br/product/674110767/40273558502
9404,22398538781,1190424233,https://shopee.com.br/product/1190424233/22398538781
9405,40850776755,397583038,https://shopee.com.br/product/397583038/40850776755
9406,58201597628,508863704,https://shopee.com.br/product/508863704/58201597628
9407,23892607726,306698991,https://shopee.com.br/product/306698991/23892607726
9408,23493474044,939446263,https://shopee.com.br/product/939446263/23493474044
9409,23099144342,1577891436,https://shopee.com.br/product/1577891436/23099144342
9410,58202765644,389803646,https://shopee.com.br/product/389803646/58202765644
9411,23414917122,408128510,https://shopee.com.br/product/408128510/23414917122
9412,23797712113,1096473040,https://shopee.com.br/product/1096473040/23797712113
9413,58211410245,446413605,https://shopee.com.br/product/446413605/58211410245
9414,23993108122,412527932,https://shopee.com.br/product/412527932/23993108122
9415,23093722941,442506479,https://shopee.com.br/product/442506479/23093722941
9416,23199150478,1490055656,https://shopee.com.br/product/1490055656/23199150478
9417,23198009875,306698991,https://shopee.com.br/product/306698991/23198009875
9418,49667712021,735707447,https://shopee.com.br/product/735707447/49667712021
9419,40504899661,735707447,https://shopee.com.br/product/735707447/40504899661
9420,53560510494,1530270722,https://shopee.com.br/product/1530270722/53560510494
9421,8084645006,442555366,https://shopee.com.br/product/442555366/8084645006
9422,22398224359,442506479,https://shopee.com.br/product/442506479/22398224359
9423,58209078851,1541325700,https://shopee.com.br/product/1541325700/58209078851
9424,20899594740,805449066,https://shopee.com.br/product/805449066/20899594740
9425,15589939654,442506479,https://shopee.com.br/product/442506479/15589939654
9426,22398809751,939446263,https://shopee.com.br/product/939446263/22398809751
9427,27989875865,290073877,https://shopee.com.br/product/290073877/27989875865
9428,21699562919,1177369665,https://shopee.com.br/product/1177369665/21699562919
9429,23192650109,942805673,https://shopee.com.br/product/942805673/23192650109
9430,51216677668,349667948,https://shopee.com.br/product/349667948/51216677668
9431,21244211782,306698991,https://shopee.com.br/product/306698991/21244211782
9432,23297729909,735707447,https://shopee.com.br/product/735707447/23297729909
9433,22293979436,1220384367,https://shopee.com.br/product/1220384367/22293979436
9434,58257235495,1541325700,https://shopee.com.br/product/1541325700/58257235495
9435,23992913172,306698991,https://shopee.com.br/product/306698991/23992913172
9436,26189627469,942805673,https://shopee.com.br/product/942805673/26189627469
9437,46605138012,735707447,https://shopee.com.br/product/735707447/46605138012
9438,49356469476,939446263,https://shopee.com.br/product/939446263/49356469476
9439,23499132512,489001115,https://shopee.com.br/product/489001115/23499132512
9440,27882590711,674110767,https://shopee.com.br/product/674110767/27882590711
9441,23492873030,735707447,https://shopee.com.br/product/735707447/23492873030
9442,44152827545,397583038,https://shopee.com.br/product/397583038/44152827545
9443,13244385235,360012700,https://shopee.com.br/product/360012700/13244385235
9444,22798006003,489001115,https://shopee.com.br/product/489001115/22798006003
9445,23897734566,442555366,https://shopee.com.br/product/442555366/23897734566
9446,20097788487,442555366,https://shopee.com.br/product/442555366/20097788487
9447,22993051757,902146556,https://shopee.com.br/product/902146556/22993051757
9448,23197126012,388236816,https://shopee.com.br/product/388236816/23197126012
9449,22598961081,1577891436,https://shopee.com.br/product/1577891436/22598961081
9450,22494885184,1558905959,https://shopee.com.br/product/1558905959/22494885184
9451,21999850214,1237026799,https://shopee.com.br/product/1237026799/21999850214
9452,58250249148,489001115,https://shopee.com.br/product/489001115/58250249148
9453,23794517208,1363787561,https://shopee.com.br/product/1363787561/23794517208
9454,19897984888,357239640,https://shopee.com.br/product/357239640/19897984888
9455,58257460854,442555366,https://shopee.com.br/product/442555366/58257460854
9456,22893219806,333540705,https://shopee.com.br/product/333540705/22893219806
9457,23198054706,1287093777,https://shopee.com.br/product/1287093777/23198054706
9458,58202525453,1542191405,https://shopee.com.br/product/1542191405/58202525453
9459,23097997197,939446263,https://shopee.com.br/product/939446263/23097997197
9460,21599760579,1490055656,https://shopee.com.br/product/1490055656/21599760579
9461,18497989393,1177369665,https://shopee.com.br/product/1177369665/18497989393
9462,18566440483,357239640,https://shopee.com.br/product/357239640/18566440483
9463,23393677081,965617276,https://shopee.com.br/product/965617276/23393677081
9464,23498569058,349667948,https://shopee.com.br/product/349667948/23498569058
9465,22498850334,349667948,https://shopee.com.br/product/349667948/22498850334
9466,22498326893,844004880,https://shopee.com.br/product/844004880/22498326893
9467,44902493280,335244857,https://shopee.com.br/product/335244857/44902493280
9468,44274973458,445163047,https://shopee.com.br/product/445163047/44274973458
9469,41929206531,1177369665,https://shopee.com.br/product/1177369665/41929206531
9470,23897734524,442555366,https://shopee.com.br/product/442555366/23897734524
9471,28582581996,674110767,https://shopee.com.br/product/674110767/28582581996
9472,22893173577,674110767,https://shopee.com.br/product/674110767/22893173577
9473,23492683415,408128510,https://shopee.com.br/product/408128510/23492683415
9474,23391972556,408128510,https://shopee.com.br/product/408128510/23391972556
9475,19860986105,296114884,https://shopee.com.br/product/296114884/19860986105
9476,58206910507,1558905959,https://shopee.com.br/product/1558905959/58206910507
9477,52808895347,939446263,https://shopee.com.br/product/939446263/52808895347
9478,58264650700,1674300605,https://shopee.com.br/product/1674300605/58264650700
9479,22193071770,1177369665,https://shopee.com.br/product/1177369665/22193071770
9480,22891320849,400124163,https://shopee.com.br/product/400124163/22891320849
9481,58258155531,1096473040,https://shopee.com.br/product/1096473040/58258155531
9482,58209236674,412527932,https://shopee.com.br/product/412527932/58209236674
9483,54167632484,735707447,https://shopee.com.br/product/735707447/54167632484
9484,22094650808,1490055656,https://shopee.com.br/product/1490055656/22094650808
9485,19098532784,805449066,https://shopee.com.br/product/805449066/19098532784
9486,20597640981,272868574,https://shopee.com.br/product/272868574/20597640981
9487,21398029335,805449066,https://shopee.com.br/product/805449066/21398029335
9488,23398051422,333540705,https://shopee.com.br/product/333540705/23398051422
9489,11603976871,442555366,https://shopee.com.br/product/442555366/11603976871
9490,21277570287,290073877,https://shopee.com.br/product/290073877/21277570287
9491,19599380579,442555366,https://shopee.com.br/product/442555366/19599380579
9492,23294444375,1096473040,https://shopee.com.br/product/1096473040/23294444375
9493,58250490108,1577891436,https://shopee.com.br/product/1577891436/58250490108
9494,18497729522,412527932,https://shopee.com.br/product/412527932/18497729522
9495,23193231796,290073877,https://shopee.com.br/product/290073877/23193231796
9496,23798832951,1552175911,https://shopee.com.br/product/1552175911/23798832951
9497,58208822148,333540705,https://shopee.com.br/product/333540705/58208822148
9498,23392651765,380456261,https://shopee.com.br/product/380456261/23392651765
9499,23397140622,883378970,https://shopee.com.br/product/883378970/23397140622
9500,16731208660,674110767,https://shopee.com.br/product/674110767/16731208660
9501,22393535386,1177369665,https://shopee.com.br/product/1177369665/22393535386
9502,19197626175,1177369665,https://shopee.com.br/product/1177369665/19197626175
9503,22997653108,272868574,https://shopee.com.br/product/272868574/22997653108
9504,23398123219,272868574,https://shopee.com.br/product/272868574/23398123219
9505,41827715332,735707447,https://shopee.com.br/product/735707447/41827715332
9506,23093649588,1096473040,https://shopee.com.br/product/1096473040/23093649588
9507,22193231648,988566789,https://shopee.com.br/product/988566789/22193231648
9508,23897134643,288347041,https://shopee.com.br/product/288347041/23897134643
9509,58252040873,1096473040,https://shopee.com.br/product/1096473040/58252040873
9510,58204780440,608615567,https://shopee.com.br/product/608615567/58204780440
9511,22298952495,1229255557,https://shopee.com.br/product/1229255557/22298952495
9512,22194449260,412527932,https://shopee.com.br/product/412527932/22194449260
9513,23298054471,942805673,https://shopee.com.br/product/942805673/23298054471
9514,46062760977,674110767,https://shopee.com.br/product/674110767/46062760977
9515,17384820275,306698991,https://shopee.com.br/product/306698991/17384820275
9516,58209443570,1676555161,https://shopee.com.br/product/1676555161/58209443570
9517,54500708359,445163047,https://shopee.com.br/product/445163047/54500708359
9518,58207308520,389803646,https://shopee.com.br/product/389803646/58207308520
9519,22798541615,1177369665,https://shopee.com.br/product/1177369665/22798541615
9520,22594708587,1552162152,https://shopee.com.br/product/1552162152/22594708587
9521,20698268399,1442717886,https://shopee.com.br/product/1442717886/20698268399
9522,23097348723,1177369665,https://shopee.com.br/product/1177369665/23097348723
9523,26344283995,735707447,https://shopee.com.br/product/735707447/26344283995
9524,23593557405,1177369665,https://shopee.com.br/product/1177369665/23593557405
9525,41673689265,674110767,https://shopee.com.br/product/674110767/41673689265
9526,23495150080,389803646,https://shopee.com.br/product/389803646/23495150080
9527,23393179660,272868574,https://shopee.com.br/product/272868574/23393179660
9528,21097515763,883378970,https://shopee.com.br/product/883378970/21097515763
9529,22822282929,794835204,https://shopee.com.br/product/794835204/22822282929
9530,19097795554,1096473040,https://shopee.com.br/product/1096473040/19097795554
9531,22793188375,1096473040,https://shopee.com.br/product/1096473040/22793188375
9532,23198847009,1096473040,https://shopee.com.br/product/1096473040/23198847009
9533,46255766266,408128510,https://shopee.com.br/product/408128510/46255766266
9534,4191922385,442555366,https://shopee.com.br/product/442555366/4191922385
9535,8215882333,380456261,https://shopee.com.br/product/380456261/8215882333
9536,20399384704,442555366,https://shopee.com.br/product/442555366/20399384704
9537,22094573170,664195321,https://shopee.com.br/product/664195321/22094573170
9538,23209214727,357239640,https://shopee.com.br/product/357239640/23209214727
9539,18399205459,1177369665,https://shopee.com.br/product/1177369665/18399205459
9540,27795197118,445163047,https://shopee.com.br/product/445163047/27795197118
9541,6278094104,278256920,https://shopee.com.br/product/278256920/6278094104
9542,22794948081,1096473040,https://shopee.com.br/product/1096473040/22794948081
9543,25098006365,709990445,https://shopee.com.br/product/709990445/25098006365
9544,40633697066,735707447,https://shopee.com.br/product/735707447/40633697066
9545,19199325359,1177369665,https://shopee.com.br/product/1177369665/19199325359
9546,28643155127,445163047,https://shopee.com.br/product/445163047/28643155127
9547,23799039454,1630032069,https://shopee.com.br/product/1630032069/23799039454
9548,22494682189,1577891436,https://shopee.com.br/product/1577891436/22494682189
9549,42753484446,674110767,https://shopee.com.br/product/674110767/42753484446
9550,23798335372,1343260914,https://shopee.com.br/product/1343260914/23798335372
9551,23693787885,306698991,https://shopee.com.br/product/306698991/23693787885
9552,22593184146,674110767,https://shopee.com.br/product/674110767/22593184146
9553,23098431727,1499808573,https://shopee.com.br/product/1499808573/23098431727
9554,54458063811,735707447,https://shopee.com.br/product/735707447/54458063811
9555,23397744689,442555366,https://shopee.com.br/product/442555366/23397744689
9556,8156273795,442555366,https://shopee.com.br/product/442555366/8156273795
9557,20899368719,290073877,https://shopee.com.br/product/290073877/20899368719
9558,18799673105,1088013647,https://shopee.com.br/product/1088013647/18799673105
9559,23698578910,450664666,https://shopee.com.br/product/450664666/23698578910
9560,58209404535,389803646,https://shopee.com.br/product/389803646/58209404535
9561,22392943943,272868574,https://shopee.com.br/product/272868574/22392943943
9562,20799851699,965617276,https://shopee.com.br/product/965617276/20799851699
9563,23793173565,674110767,https://shopee.com.br/product/674110767/23793173565
9564,23493061801,1177903362,https://shopee.com.br/product/1177903362/23493061801
9565,58215656475,1177903362,https://shopee.com.br/product/1177903362/58215656475
9566,22393056062,822103155,https://shopee.com.br/product/822103155/22393056062
9567,23294347129,822103155,https://shopee.com.br/product/822103155/23294347129
9568,23298463138,889942432,https://shopee.com.br/product/889942432/23298463138
9569,21597869479,1177903362,https://shopee.com.br/product/1177903362/21597869479
9570,58253769772,1561901020,https://shopee.com.br/product/1561901020/58253769772
9571,45261517666,1509845472,https://shopee.com.br/product/1509845472/45261517666
9572,20197684760,822103155,https://shopee.com.br/product/822103155/20197684760
9573,49850814845,356143297,https://shopee.com.br/product/356143297/49850814845
9574,22099155752,1477305422,https://shopee.com.br/product/1477305422/22099155752
9575,23893160543,1226120317,https://shopee.com.br/product/1226120317/23893160543
9576,23293494138,427153374,https://shopee.com.br/product/427153374/23293494138
9577,22492868120,408128510,https://shopee.com.br/product/408128510/22492868120
9578,22498041852,965617276,https://shopee.com.br/product/965617276/22498041852
9579,58265990523,822103155,https://shopee.com.br/product/822103155/58265990523
9580,22497848322,1177903362,https://shopee.com.br/product/1177903362/22497848322
9581,20099258004,822103155,https://shopee.com.br/product/822103155/20099258004
9582,22795166561,1857351240,https://shopee.com.br/product/1857351240/22795166561
9583,21097686653,822103155,https://shopee.com.br/product/822103155/21097686653
9584,17461064158,333540705,https://shopee.com.br/product/333540705/17461064158
9585,22498041794,965617276,https://shopee.com.br/product/965617276/22498041794
9586,21599555156,965617276,https://shopee.com.br/product/965617276/21599555156
9587,21097743546,822103155,https://shopee.com.br/product/822103155/21097743546
9588,22596172165,984366979,https://shopee.com.br/product/984366979/22596172165
9589,22198982965,404743073,https://shopee.com.br/product/404743073/22198982965
9590,22098181164,822103155,https://shopee.com.br/product/822103155/22098181164
9591,23397333783,980368534,https://shopee.com.br/product/980368534/23397333783
9592,20999598216,822103155,https://shopee.com.br/product/822103155/20999598216
9593,23698832076,582435128,https://shopee.com.br/product/582435128/23698832076
9594,22893051686,822103155,https://shopee.com.br/product/822103155/22893051686
9595,21399260014,822103155,https://shopee.com.br/product/822103155/21399260014
9596,23993105206,412527932,https://shopee.com.br/product/412527932/23993105206
9597,19598145248,822103155,https://shopee.com.br/product/822103155/19598145248
9598,21798025119,822103155,https://shopee.com.br/product/822103155/21798025119
9599,18699504929,408128510,https://shopee.com.br/product/408128510/18699504929
9600,22297573374,822103155,https://shopee.com.br/product/822103155/22297573374
9601,58266087277,822103155,https://shopee.com.br/product/822103155/58266087277
9602,23294234378,412527932,https://shopee.com.br/product/412527932/23294234378
9603,19698995404,1010974641,https://shopee.com.br/product/1010974641/19698995404
9604,42202760980,371036439,https://shopee.com.br/product/371036439/42202760980
9605,23298973771,404743073,https://shopee.com.br/product/404743073/23298973771
9606,21099677494,283838689,https://shopee.com.br/product/283838689/21099677494
9607,19199677986,1463823458,https://shopee.com.br/product/1463823458/19199677986
9608,58257907957,822103155,https://shopee.com.br/product/822103155/58257907957
9609,22393743382,1463823458,https://shopee.com.br/product/1463823458/22393743382
9610,18798110980,1463823458,https://shopee.com.br/product/1463823458/18798110980
9611,27987633571,356143297,https://shopee.com.br/product/356143297/27987633571
9612,23392650425,816806234,https://shopee.com.br/product/816806234/23392650425
9613,22092687120,946161700,https://shopee.com.br/product/946161700/22092687120
9614,19699716623,984366979,https://shopee.com.br/product/984366979/19699716623
9615,12882493179,400124163,https://shopee.com.br/product/400124163/12882493179
9616,10951193587,395894761,https://shopee.com.br/product/395894761/10951193587
9617,21498989510,1010974641,https://shopee.com.br/product/1010974641/21498989510
9618,55955219616,371036439,https://shopee.com.br/product/371036439/55955219616
9619,18698116785,1463823458,https://shopee.com.br/product/1463823458/18698116785
9620,21199609738,1463823458,https://shopee.com.br/product/1463823458/21199609738
9621,19299677993,1463823458,https://shopee.com.br/product/1463823458/19299677993
9622,23192665169,380456261,https://shopee.com.br/product/380456261/23192665169
9623,10021601478,290883399,https://shopee.com.br/product/290883399/10021601478
9624,22494193584,412527932,https://shopee.com.br/product/412527932/22494193584
9625,23393653934,400124163,https://shopee.com.br/product/400124163/23393653934
9626,23998349997,1463823458,https://shopee.com.br/product/1463823458/23998349997
9627,22998235062,1463823458,https://shopee.com.br/product/1463823458/22998235062
9628,19398100480,1463823458,https://shopee.com.br/product/1463823458/19398100480
9629,22893738836,1463823458,https://shopee.com.br/product/1463823458/22893738836
9630,23098355186,1463823458,https://shopee.com.br/product/1463823458/23098355186
9631,23098355197,1463823458,https://shopee.com.br/product/1463823458/23098355197
9632,20499609796,1463823458,https://shopee.com.br/product/1463823458/20499609796
9633,22493743238,1463823458,https://shopee.com.br/product/1463823458/22493743238